isic_id,lesion_id,image_type,diagnosis_1,dx,dx10
ISIC_0051817,IL_1612768,dermoscopic,Malignant,SCCKA,SCCKA
ISIC_0073863,IL_2547802,dermoscopic,Benign,NV,NV
ISIC_0076255,IL_8089688,dermoscopic,Malignant,BCC,BCC
ISIC_0077054,IL_5271098,dermoscopic,Malignant,BCC,BCC
ISIC_0078197,IL_4635992,clinical: close-up,Benign,NV,NV
ISIC_0081055,IL_3426033,dermoscopic,Malignant,BCC,BCC
ISIC_0082447,IL_9890068,clinical: close-up,Malignant,MEL,MEL
ISIC_0082638,IL_8706105,dermoscopic,Malignant,BCC,BCC
ISIC_0082674,IL_1797280,dermoscopic,Benign,BKL,BKL
ISIC_0084581,IL_3102698,dermoscopic,Malignant,SCCKA,SCCKA
ISIC_0084958,IL_8460509,clinical: close-up,Malignant,MEL,MEL
ISIC_0090512,IL_5545955,dermoscopic,Malignant,SCCKA,SCCKA
ISIC_0091092,IL_1006446,dermoscopic,Malignant,BCC,BCC
ISIC_0091477,IL_1858842,clinical: close-up,Benign,VASC,VASC
ISIC_0091575,IL_6755192,clinical: close-up,Malignant,BCC,BCC
ISIC_0093389,IL_8854625,clinical: close-up,Malignant,BCC,BCC
ISIC_0094604,IL_9822160,clinical: close-up,Malignant,BCC,BCC
ISIC_0095743,IL_7133935,dermoscopic,Benign,NV,NV
ISIC_0096543,IL_1989864,dermoscopic,Malignant,BCC,BCC
ISIC_0097262,IL_9395839,dermoscopic,Benign,NV,NV
ISIC_0097302,IL_4099426,dermoscopic,Malignant,BCC,BCC
ISIC_0097629,IL_4316230,clinical: close-up,Malignant,SCCKA,SCCKA
ISIC_0097906,IL_5173093,clinical: close-up,Malignant,BCC,BCC
ISIC_0100523,IL_1453755,dermoscopic,Malignant,SCCKA,SCCKA
ISIC_0101767,IL_1404122,dermoscopic,Benign,NV,NV
ISIC_0101955,IL_8978471,dermoscopic,Malignant,BCC,BCC
ISIC_0103091,IL_3897948,clinical: close-up,Malignant,BCC,BCC
ISIC_0106322,IL_3496860,dermoscopic,Benign,NV,NV
ISIC_0107067,IL_0097908,dermoscopic,Benign,BKL,BKL
ISIC_0108357,IL_8299978,clinical: close-up,Benign,NV,NV
ISIC_0114709,IL_1176036,clinical: close-up,Malignant,SCCKA,SCCKA
ISIC_0115114,IL_2397644,clinical: close-up,Benign,NV,NV
ISIC_0115985,IL_2211999,dermoscopic,Malignant,BCC,BCC
ISIC_0116442,IL_8703940,dermoscopic,Malignant,SCCKA,SCCKA
ISIC_0118795,IL_4312486,dermoscopic,Malignant,SCCKA,SCCKA
ISIC_0119243,IL_2352772,dermoscopic,Benign,NV,NV
ISIC_0121050,IL_6673700,clinical: close-up,Benign,NV,NV
ISIC_0124081,IL_0115590,dermoscopic,Malignant,BCC,BCC
ISIC_0124764,IL_7738842,dermoscopic,Malignant,BCC,BCC
ISIC_0132555,IL_9024292,clinical: close-up,Malignant,MEL,MEL
ISIC_0135161,IL_3408986,dermoscopic,Malignant,BCC,BCC
ISIC_0135826,IL_9975498,dermoscopic,Benign,INF,INF
ISIC_0141332,IL_7085786,dermoscopic,Malignant,BCC,BCC
ISIC_0141634,IL_1486691,dermoscopic,Indeterminate,AKIEC,AKIEC
ISIC_0143535,IL_7270407,dermoscopic,Malignant,BCC,BCC
ISIC_0144213,IL_7829784,clinical: close-up,Malignant,BCC,BCC
ISIC_0146278,IL_8544201,dermoscopic,Malignant,BCC,BCC
ISIC_0148805,IL_7170892,clinical: close-up,Malignant,BCC,BCC
ISIC_0149062,IL_1314107,clinical: close-up,Malignant,BCC,BCC
ISIC_0150748,IL_9730160,dermoscopic,Malignant,BCC,BCC
ISIC_0151981,IL_8456514,clinical: close-up,Malignant,BCC,BCC
ISIC_0153376,IL_7356292,dermoscopic,Malignant,BCC,BCC
ISIC_0153470,IL_8095126,clinical: close-up,Benign,BKL,BKL
ISIC_0154688,IL_0945198,clinical: close-up,Benign,NV,NV
ISIC_0154826,IL_1843945,dermoscopic,Malignant,BCC,BCC
ISIC_0156507,IL_2543533,dermoscopic,Malignant,MEL,MEL
ISIC_0158073,IL_9679718,clinical: close-up,Benign,DF,DF
ISIC_0159106,IL_6812828,clinical: close-up,Benign,BKL,BKL
ISIC_0159874,IL_2499143,dermoscopic,Benign,BKL,BKL
ISIC_0161474,IL_8581204,dermoscopic,Malignant,BCC,BCC
ISIC_0165103,IL_3052885,dermoscopic,Benign,BKL,BKL
ISIC_0167803,IL_5574857,dermoscopic,Benign,NV,NV
ISIC_0169805,IL_2405400,clinical: close-up,Malignant,BCC,BCC
ISIC_0176893,IL_4891045,clinical: close-up,Malignant,BCC,BCC
ISIC_0178503,IL_2771122,dermoscopic,Benign,BKL,BKL
ISIC_0179367,IL_6613514,dermoscopic,Benign,NV,NV
ISIC_0181316,IL_0266076,dermoscopic,Malignant,BCC,BCC
ISIC_0184224,IL_7820661,dermoscopic,Malignant,MEL,MEL
ISIC_0185719,IL_7216182,clinical: close-up,Malignant,BCC,BCC
ISIC_0188950,IL_9732518,dermoscopic,Malignant,BCC,BCC
ISIC_0189659,IL_6599749,clinical: close-up,Benign,NV,NV
ISIC_0190959,IL_6691534,dermoscopic,Malignant,BCC,BCC
ISIC_0191714,IL_8486036,clinical: close-up,Malignant,BCC,BCC
ISIC_0192391,IL_4768101,clinical: close-up,Malignant,MEL,MEL
ISIC_0194116,IL_6217582,clinical: close-up,Malignant,SCCKA,SCCKA
ISIC_0195347,IL_0533923,clinical: close-up,Malignant,BCC,BCC
ISIC_0197274,IL_2986546,dermoscopic,Malignant,BCC,BCC
ISIC_0197527,IL_7186549,dermoscopic,Malignant,BCC,BCC
ISIC_0199124,IL_3582002,dermoscopic,Malignant,AKIEC,AKIEC
ISIC_0200116,IL_5417601,clinical: close-up,Malignant,BCC,BCC
ISIC_0202283,IL_7478633,dermoscopic,Benign,INF,INF
ISIC_0202768,IL_6427457,clinical: close-up,Malignant,BCC,BCC
ISIC_0204323,IL_2885420,dermoscopic,Malignant,MEL,MEL
ISIC_0204389,IL_8602483,dermoscopic,Malignant,BCC,BCC
ISIC_0208357,IL_6509109,dermoscopic,Malignant,BCC,BCC
ISIC_0210682,IL_1280440,clinical: close-up,Benign,BEN_OTH,OTHER
ISIC_0210906,IL_0592358,clinical: close-up,Malignant,BCC,BCC
ISIC_0211830,IL_7459473,clinical: close-up,Benign,BKL,BKL
ISIC_0212251,IL_7481126,dermoscopic,Malignant,MEL,MEL
ISIC_0215803,IL_0145900,dermoscopic,Malignant,BCC,BCC
ISIC_0216815,IL_4696609,clinical: close-up,Benign,NV,NV
ISIC_0217198,IL_0267094,clinical: close-up,Malignant,BCC,BCC
ISIC_0218425,IL_2335600,clinical: close-up,Malignant,SCCKA,SCCKA
ISIC_0220749,IL_5328388,clinical: close-up,Malignant,BCC,BCC
ISIC_0220890,IL_9250980,dermoscopic,Benign,DF,DF
ISIC_0225237,IL_9863241,clinical: close-up,Malignant,BCC,BCC
ISIC_0225656,IL_4150500,clinical: close-up,Malignant,BCC,BCC
ISIC_0226793,IL_0159004,clinical: close-up,Malignant,SCCKA,SCCKA
ISIC_0226810,IL_9104485,clinical: close-up,Benign,BKL,BKL
ISIC_0229794,IL_1167409,clinical: close-up,Malignant,BCC,BCC
ISIC_0230087,IL_9150101,dermoscopic,Malignant,BCC,BCC
ISIC_0230558,IL_6753634,clinical: close-up,Malignant,SCCKA,SCCKA
ISIC_0231625,IL_4153539,clinical: close-up,Malignant,BCC,BCC
ISIC_0233827,IL_9833477,dermoscopic,Malignant,BCC,BCC
ISIC_0233929,IL_0320467,clinical: close-up,Malignant,BCC,BCC
ISIC_0234148,IL_6613514,clinical: close-up,Benign,NV,NV
ISIC_0236002,IL_8739695,clinical: close-up,Benign,NV,NV
ISIC_0236351,IL_7502626,clinical: close-up,Malignant,BCC,BCC
ISIC_0237641,IL_3859587,clinical: close-up,Malignant,BCC,BCC
ISIC_0241896,IL_8554627,clinical: close-up,Malignant,MEL,MEL
ISIC_0242383,IL_7956522,dermoscopic,Benign,BKL,BKL
ISIC_0244875,IL_6458200,dermoscopic,Malignant,BCC,BCC
ISIC_0245594,IL_1175883,dermoscopic,Indeterminate,AKIEC,AKIEC
ISIC_0247645,IL_9310196,clinical: close-up,Malignant,BCC,BCC
ISIC_0248336,IL_4639919,clinical: close-up,Malignant,SCCKA,SCCKA
ISIC_0250211,IL_8819924,clinical: close-up,Malignant,BCC,BCC
ISIC_0254794,IL_3744094,clinical: close-up,Benign,VASC,VASC
ISIC_0255886,IL_1569644,clinical: close-up,Malignant,BCC,BCC
ISIC_0257297,IL_5052158,clinical: close-up,Malignant,BCC,BCC
ISIC_0257338,IL_2215317,clinical: close-up,Benign,BKL,BKL
ISIC_0258020,IL_6657702,clinical: close-up,Malignant,MEL,MEL
ISIC_0261218,IL_3774804,clinical: close-up,Malignant,SCCKA,SCCKA
ISIC_0263121,IL_0753658,clinical: close-up,Malignant,AKIEC,AKIEC
ISIC_0263908,IL_5060375,clinical: close-up,Malignant,BCC,BCC
ISIC_0264904,IL_3179452,clinical: close-up,Benign,BKL,BKL
ISIC_0265421,IL_4645849,dermoscopic,Benign,BKL,BKL
ISIC_0265983,IL_7719252,clinical: close-up,Malignant,BCC,BCC
ISIC_0270502,IL_5111144,clinical: close-up,Malignant,BCC,BCC
ISIC_0271489,IL_1339596,clinical: close-up,Benign,BKL,BKL
ISIC_0273939,IL_5518573,dermoscopic,Benign,BKL,BKL
ISIC_0274862,IL_6169734,clinical: close-up,Malignant,SCCKA,SCCKA
ISIC_0280428,IL_3672233,clinical: close-up,Benign,NV,NV
ISIC_0281083,IL_5076960,clinical: close-up,Malignant,BCC,BCC
ISIC_0282454,IL_4438547,dermoscopic,Benign,NV,NV
ISIC_0283929,IL_1846294,dermoscopic,Malignant,BCC,BCC
ISIC_0289289,IL_2080493,dermoscopic,Malignant,BCC,BCC
ISIC_0289550,IL_1749163,dermoscopic,Malignant,BCC,BCC
ISIC_0289881,IL_8323588,dermoscopic,Malignant,BCC,BCC
ISIC_0290183,IL_9036149,dermoscopic,Benign,NV,NV
ISIC_0290702,IL_1741530,clinical: close-up,Benign,BKL,BKL
ISIC_0292393,IL_5489225,dermoscopic,Malignant,BCC,BCC
ISIC_0298744,IL_1655178,dermoscopic,Malignant,BCC,BCC
ISIC_0302768,IL_0583192,clinical: close-up,Malignant,AKIEC,AKIEC
ISIC_0303886,IL_9341365,clinical: close-up,Malignant,SCCKA,SCCKA
ISIC_0304311,IL_9157359,dermoscopic,Malignant,SCCKA,SCCKA
ISIC_0304794,IL_2788353,dermoscopic,Malignant,BCC,BCC
ISIC_0305865,IL_0604713,dermoscopic,Malignant,MEL,MEL
ISIC_0307669,IL_6398771,dermoscopic,Malignant,BCC,BCC
ISIC_0308676,IL_6918825,dermoscopic,Malignant,BCC,BCC
ISIC_0310082,IL_4381974,clinical: close-up,Malignant,BCC,BCC
ISIC_0310855,IL_4796364,dermoscopic,Benign,NV,NV
ISIC_0311394,IL_4538075,dermoscopic,Malignant,AKIEC,AKIEC
ISIC_0311944,IL_8439517,dermoscopic,Benign,INF,INF
ISIC_0313013,IL_7825634,clinical: close-up,Benign,INF,INF
ISIC_0314737,IL_2369165,clinical: close-up,Malignant,BCC,BCC
ISIC_0316259,IL_2730356,clinical: close-up,Malignant,BCC,BCC
ISIC_0317094,IL_5076804,dermoscopic,Malignant,BCC,BCC
ISIC_0319894,IL_7117274,dermoscopic,Malignant,BCC,BCC
ISIC_0323748,IL_0069690,dermoscopic,Malignant,BCC,BCC
ISIC_0323945,IL_3638399,clinical: close-up,Benign,BKL,BKL
ISIC_0324439,IL_8922194,clinical: close-up,Malignant,BCC,BCC
ISIC_0325706,IL_5865217,clinical: close-up,Malignant,BCC,BCC
ISIC_0326524,IL_4609095,clinical: close-up,Malignant,SCCKA,SCCKA
ISIC_0326699,IL_5708693,clinical: close-up,Malignant,BCC,BCC
ISIC_0327776,IL_7402808,clinical: close-up,Malignant,BCC,BCC
ISIC_0329283,IL_6655417,clinical: close-up,Benign,NV,NV
ISIC_0330089,IL_7925495,dermoscopic,Malignant,BCC,BCC
ISIC_0332749,IL_1756405,clinical: close-up,Malignant,BCC,BCC
ISIC_0333650,IL_8106703,clinical: close-up,Malignant,MEL,MEL
ISIC_0338353,IL_1405632,clinical: close-up,Malignant,BCC,BCC
ISIC_0338923,IL_3082764,clinical: close-up,Benign,NV,NV
ISIC_0339191,IL_5623343,dermoscopic,Benign,BEN_OTH,OTHER
ISIC_0342710,IL_4561520,dermoscopic,Benign,NV,NV
ISIC_0346032,IL_4064618,clinical: close-up,Malignant,MEL,MEL
ISIC_0346075,IL_4790851,clinical: close-up,Indeterminate,AKIEC,AKIEC
ISIC_0346352,IL_8401805,dermoscopic,Malignant,BCC,BCC
ISIC_0350119,IL_6050524,dermoscopic,Malignant,BCC,BCC
ISIC_0352367,IL_5767308,clinical: close-up,Benign,BKL,BKL
ISIC_0353171,IL_4415263,clinical: close-up,Malignant,BCC,BCC
ISIC_0356038,IL_2206044,dermoscopic,Benign,NV,NV
ISIC_0360727,IL_5566169,dermoscopic,Benign,NV,NV
ISIC_0361189,IL_2248965,dermoscopic,Malignant,BCC,BCC
ISIC_0362181,IL_6201256,clinical: close-up,Malignant,BCC,BCC
ISIC_0365517,IL_6907846,clinical: close-up,Malignant,BCC,BCC
ISIC_0368075,IL_0982091,clinical: close-up,Malignant,BCC,BCC
ISIC_0368483,IL_1858376,clinical: close-up,Malignant,SCCKA,SCCKA
ISIC_0368554,IL_5910352,dermoscopic,Malignant,BCC,BCC
ISIC_0369681,IL_9784446,dermoscopic,Malignant,BCC,BCC
ISIC_0371409,IL_3065371,dermoscopic,Malignant,BCC,BCC
ISIC_0372945,IL_6163368,clinical: close-up,Benign,BKL,BKL
ISIC_0373147,IL_3157570,clinical: close-up,Malignant,BCC,BCC
ISIC_0373667,IL_5153554,clinical: close-up,Malignant,BCC,BCC
ISIC_0373682,IL_8931844,dermoscopic,Benign,NV,NV
ISIC_0373826,IL_5766424,dermoscopic,Benign,NV,NV
ISIC_0376198,IL_5215495,clinical: close-up,Malignant,BCC,BCC
ISIC_0377418,IL_1555108,clinical: close-up,Benign,BEN_OTH,OTHER
ISIC_0377749,IL_5750100,clinical: close-up,Malignant,BCC,BCC
ISIC_0378725,IL_7832293,dermoscopic,Malignant,BCC,BCC
ISIC_0378928,IL_8491993,clinical: close-up,Benign,VASC,VASC
ISIC_0379139,IL_6219839,clinical: close-up,Malignant,BCC,BCC
ISIC_0379668,IL_5858083,dermoscopic,Malignant,BCC,BCC
ISIC_0381085,IL_0630567,clinical: close-up,Indeterminate,AKIEC,AKIEC
ISIC_0381913,IL_1381975,clinical: close-up,Malignant,BCC,BCC
ISIC_0384010,IL_0592984,clinical: close-up,Malignant,BCC,BCC
ISIC_0385678,IL_0712386,clinical: close-up,Malignant,BCC,BCC
ISIC_0386589,IL_6931875,dermoscopic,Malignant,BCC,BCC
ISIC_0387025,IL_1653926,clinical: close-up,Malignant,BCC,BCC
ISIC_0387034,IL_8448627,clinical: close-up,Malignant,BCC,BCC
ISIC_0387211,IL_4034237,dermoscopic,Malignant,BCC,BCC
ISIC_0387826,IL_3046914,dermoscopic,Malignant,BCC,BCC
ISIC_0388843,IL_8259171,clinical: close-up,Malignant,BCC,BCC
ISIC_0390452,IL_4312042,dermoscopic,Benign,NV,NV
ISIC_0391153,IL_7343687,clinical: close-up,Malignant,MEL,MEL
ISIC_0393134,IL_3069610,dermoscopic,Malignant,BCC,BCC
ISIC_0398312,IL_6024093,clinical: close-up,Malignant,BCC,BCC
ISIC_0402070,IL_0436732,clinical: close-up,Malignant,MEL,MEL
ISIC_0402893,IL_0029019,clinical: close-up,Malignant,MEL,MEL
ISIC_0403826,IL_0693769,dermoscopic,Benign,BKL,BKL
ISIC_0406149,IL_9300549,dermoscopic,Malignant,MEL,MEL
ISIC_0408084,IL_6161419,dermoscopic,Malignant,BCC,BCC
ISIC_0408436,IL_4340050,dermoscopic,Malignant,MEL,MEL
ISIC_0408941,IL_0482521,clinical: close-up,Malignant,BCC,BCC
ISIC_0410404,IL_5283684,clinical: close-up,Malignant,BCC,BCC
ISIC_0410802,IL_2808102,dermoscopic,Malignant,MEL,MEL
ISIC_0411043,IL_8988340,clinical: close-up,Malignant,AKIEC,AKIEC
ISIC_0411208,IL_5666618,clinical: close-up,Malignant,MEL,MEL
ISIC_0411343,IL_8282831,clinical: close-up,Malignant,BCC,BCC
ISIC_0411397,IL_2293895,dermoscopic,Benign,DF,DF
ISIC_0411803,IL_2248531,dermoscopic,Malignant,BCC,BCC
ISIC_0415024,IL_8190930,clinical: close-up,Malignant,BCC,BCC
ISIC_0416055,IL_8166826,dermoscopic,Malignant,MEL,MEL
ISIC_0416329,IL_8480988,dermoscopic,Malignant,AKIEC,AKIEC
ISIC_0417486,IL_2160413,dermoscopic,Benign,VASC,VASC
ISIC_0422017,IL_8843384,dermoscopic,Benign,NV,NV
ISIC_0423080,IL_6019192,clinical: close-up,Malignant,MEL,MEL
ISIC_0423217,IL_1345766,dermoscopic,Benign,BEN_OTH,OTHER
ISIC_0424515,IL_6558411,clinical: close-up,Benign,BKL,BKL
ISIC_0424607,IL_7471218,clinical: close-up,Malignant,SCCKA,SCCKA
ISIC_0426102,IL_5394368,clinical: close-up,Malignant,BCC,BCC
ISIC_0426130,IL_3640524,clinical: close-up,Benign,NV,NV
ISIC_0426131,IL_1101904,dermoscopic,Benign,BKL,BKL
ISIC_0426781,IL_6679773,clinical: close-up,Malignant,BCC,BCC
ISIC_0427331,IL_3122481,dermoscopic,Malignant,BCC,BCC
ISIC_0427475,IL_1050579,clinical: close-up,Malignant,BCC,BCC
ISIC_0428450,IL_3861295,clinical: close-up,Benign,DF,DF
ISIC_0433706,IL_0047878,dermoscopic,Benign,NV,NV
ISIC_0441425,IL_5574879,clinical: close-up,Malignant,SCCKA,SCCKA
ISIC_0442192,IL_1438397,clinical: close-up,Benign,BKL,BKL
ISIC_0442866,IL_1367516,dermoscopic,Malignant,SCCKA,SCCKA
ISIC_0443245,IL_2951837,clinical: close-up,Benign,NV,NV
ISIC_0444685,IL_2198915,clinical: close-up,Malignant,SCCKA,SCCKA
ISIC_0445960,IL_3303536,dermoscopic,Malignant,AKIEC,AKIEC
ISIC_0447190,IL_0074413,clinical: close-up,Benign,NV,NV
ISIC_0447553,IL_2341353,clinical: close-up,Malignant,MEL,MEL
ISIC_0448586,IL_4976689,dermoscopic,Malignant,SCCKA,SCCKA
ISIC_0450405,IL_7728515,dermoscopic,Malignant,MEL,MEL
ISIC_0450792,IL_1102266,dermoscopic,Malignant,MEL,MEL
ISIC_0454029,IL_0108315,dermoscopic,Malignant,BCC,BCC
ISIC_0454057,IL_7756506,dermoscopic,Malignant,SCCKA,SCCKA
ISIC_0456269,IL_9368782,clinical: close-up,Benign,NV,NV
ISIC_0458709,IL_6140435,clinical: close-up,Benign,NV,NV
ISIC_0460586,IL_7808577,dermoscopic,Benign,BEN_OTH,OTHER
ISIC_0460690,IL_0345043,clinical: close-up,Malignant,BCC,BCC
ISIC_0461233,IL_4465213,dermoscopic,Malignant,BCC,BCC
ISIC_0463396,IL_3496522,clinical: close-up,Malignant,BCC,BCC
ISIC_0464954,IL_9509659,clinical: close-up,Malignant,AKIEC,AKIEC
ISIC_0467500,IL_3996209,dermoscopic,Malignant,BCC,BCC
ISIC_0467628,IL_0850065,dermoscopic,Malignant,BCC,BCC
ISIC_0467778,IL_2831969,dermoscopic,Indeterminate,AKIEC,AKIEC
ISIC_0470080,IL_8500465,clinical: close-up,Malignant,BCC,BCC
ISIC_0471652,IL_5953610,clinical: close-up,Benign,BKL,BKL
ISIC_0472359,IL_6845657,dermoscopic,Malignant,BCC,BCC
ISIC_0473678,IL_0328020,clinical: close-up,Malignant,MEL,MEL
ISIC_0474474,IL_8113008,dermoscopic,Benign,NV,NV
ISIC_0478016,IL_0441589,clinical: close-up,Malignant,AKIEC,AKIEC
ISIC_0479656,IL_4133123,dermoscopic,Benign,DF,DF
ISIC_0481541,IL_6780891,dermoscopic,Malignant,BCC,BCC
ISIC_0483066,IL_4860977,clinical: close-up,Malignant,BCC,BCC
ISIC_0485396,IL_2582722,dermoscopic,Malignant,BCC,BCC
ISIC_0485633,IL_4147641,clinical: close-up,Malignant,SCCKA,SCCKA
ISIC_0487104,IL_6480673,dermoscopic,Benign,NV,NV
ISIC_0488771,IL_6427122,clinical: close-up,Malignant,MEL,MEL
ISIC_0489274,IL_6591567,dermoscopic,Malignant,BCC,BCC
ISIC_0489493,IL_4879844,clinical: close-up,Malignant,MEL,MEL
ISIC_0490117,IL_0375356,clinical: close-up,Malignant,MEL,MEL
ISIC_0490330,IL_1314812,clinical: close-up,Malignant,BCC,BCC
ISIC_0490468,IL_0125566,dermoscopic,Malignant,BCC,BCC
ISIC_0495585,IL_2721693,clinical: close-up,Malignant,BCC,BCC
ISIC_0495769,IL_3985289,dermoscopic,Malignant,BCC,BCC
ISIC_0497574,IL_9027780,dermoscopic,Malignant,AKIEC,AKIEC
ISIC_0497849,IL_4396265,dermoscopic,Malignant,BCC,BCC
ISIC_0497851,IL_1572038,dermoscopic,Malignant,AKIEC,AKIEC
ISIC_0497921,IL_2227380,dermoscopic,Benign,NV,NV
ISIC_0499568,IL_6743301,dermoscopic,Malignant,BCC,BCC
ISIC_0499702,IL_4987655,clinical: close-up,Malignant,MEL,MEL
ISIC_0499739,IL_4962584,dermoscopic,Benign,NV,NV
ISIC_0500110,IL_9717585,dermoscopic,Malignant,BCC,BCC
ISIC_0502224,IL_2547187,clinical: close-up,Malignant,BCC,BCC
ISIC_0502413,IL_6234937,dermoscopic,Malignant,BCC,BCC
ISIC_0504075,IL_6595342,clinical: close-up,Benign,NV,NV
ISIC_0506930,IL_5829281,clinical: close-up,Malignant,BCC,BCC
ISIC_0507617,IL_6684084,clinical: close-up,Benign,BKL,BKL
ISIC_0507778,IL_5267553,clinical: close-up,Malignant,BCC,BCC
ISIC_0508629,IL_5157883,dermoscopic,Benign,NV,NV
ISIC_0508714,IL_4456737,dermoscopic,Benign,NV,NV
ISIC_0510199,IL_3955700,clinical: close-up,Benign,BKL,BKL
ISIC_0510537,IL_0772514,dermoscopic,Malignant,BCC,BCC
ISIC_0512596,IL_0076321,clinical: close-up,Benign,NV,NV
ISIC_0512725,IL_4320336,dermoscopic,Benign,NV,NV
ISIC_0513969,IL_9537366,dermoscopic,Malignant,BCC,BCC
ISIC_0514391,IL_9801468,clinical: close-up,Malignant,BCC,BCC
ISIC_0515719,IL_5285603,clinical: close-up,Benign,VASC,VASC
ISIC_0517219,IL_5324666,clinical: close-up,Malignant,BCC,BCC
ISIC_0517354,IL_0469589,clinical: close-up,Malignant,SCCKA,SCCKA
ISIC_0518723,IL_2227490,dermoscopic,Malignant,BCC,BCC
ISIC_0519768,IL_1558791,dermoscopic,Malignant,BCC,BCC
ISIC_0522356,IL_1492358,clinical: close-up,Malignant,BCC,BCC
ISIC_0524110,IL_6055895,clinical: close-up,Malignant,BCC,BCC
ISIC_0525463,IL_5361912,dermoscopic,Malignant,BCC,BCC
ISIC_0526168,IL_0913483,clinical: close-up,Benign,NV,NV
ISIC_0528026,IL_8562262,clinical: close-up,Malignant,BCC,BCC
ISIC_0528832,IL_8233032,dermoscopic,Malignant,MEL,MEL
ISIC_0529050,IL_7337548,dermoscopic,Malignant,MEL,MEL
ISIC_0529633,IL_1848853,dermoscopic,Malignant,MEL,MEL
ISIC_0531382,IL_8784300,dermoscopic,Benign,BEN_OTH,OTHER
ISIC_0532349,IL_6242822,dermoscopic,Malignant,BCC,BCC
ISIC_0532506,IL_2692187,clinical: close-up,Benign,BEN_OTH,OTHER
ISIC_0535290,IL_4866547,dermoscopic,Malignant,BCC,BCC
ISIC_0537911,IL_5795869,clinical: close-up,Malignant,MEL,MEL
ISIC_0538851,IL_0419410,clinical: close-up,Benign,BKL,BKL
ISIC_0540953,IL_3790645,dermoscopic,Malignant,MEL,MEL
ISIC_0542450,IL_8714765,clinical: close-up,Benign,BKL,BKL
ISIC_0543368,IL_6344914,clinical: close-up,Benign,NV,NV
ISIC_0546389,IL_8270942,dermoscopic,Indeterminate,AKIEC,AKIEC
ISIC_0546402,IL_7991885,dermoscopic,Benign,DF,DF
ISIC_0547517,IL_5880006,dermoscopic,Malignant,SCCKA,SCCKA
ISIC_0552851,IL_8845564,clinical: close-up,Malignant,SCCKA,SCCKA
ISIC_0553265,IL_3906452,dermoscopic,Malignant,MEL,MEL
ISIC_0553752,IL_8462731,clinical: close-up,Indeterminate,AKIEC,AKIEC
ISIC_0558331,IL_4512355,clinical: close-up,Malignant,MEL,MEL
ISIC_0560217,IL_0169358,clinical: close-up,Benign,BKL,BKL
ISIC_0560810,IL_6066960,dermoscopic,Malignant,SCCKA,SCCKA
ISIC_0561102,IL_3724893,dermoscopic,Malignant,BCC,BCC
ISIC_0562738,IL_6481274,dermoscopic,Malignant,BCC,BCC
ISIC_0567766,IL_3484645,clinical: close-up,Indeterminate,AKIEC,AKIEC
ISIC_0569067,IL_7740320,dermoscopic,Benign,DF,DF
ISIC_0569529,IL_9168364,dermoscopic,Malignant,SCCKA,SCCKA
ISIC_0570358,IL_5163548,dermoscopic,Benign,NV,NV
ISIC_0570697,IL_1660797,dermoscopic,Benign,NV,NV
ISIC_0571049,IL_4220854,dermoscopic,Benign,NV,NV
ISIC_0571728,IL_3632204,clinical: close-up,Benign,NV,NV
ISIC_0572875,IL_9512629,dermoscopic,Malignant,BCC,BCC
ISIC_0573471,IL_2951837,dermoscopic,Benign,NV,NV
ISIC_0575623,IL_9180123,clinical: close-up,Benign,NV,NV
ISIC_0575879,IL_6370742,clinical: close-up,Malignant,BCC,BCC
ISIC_0576611,IL_8244074,clinical: close-up,Malignant,BCC,BCC
ISIC_0579366,IL_8529152,clinical: close-up,Malignant,MEL,MEL
ISIC_0581803,IL_0491604,clinical: close-up,Malignant,SCCKA,SCCKA
ISIC_0582067,IL_2658835,clinical: close-up,Malignant,BCC,BCC
ISIC_0583040,IL_2740967,clinical: close-up,Malignant,MEL,MEL
ISIC_0584164,IL_5790103,clinical: close-up,Malignant,BCC,BCC
ISIC_0585018,IL_9399990,clinical: close-up,Indeterminate,AKIEC,AKIEC
ISIC_0586691,IL_1612768,clinical: close-up,Malignant,SCCKA,SCCKA
ISIC_0587530,IL_1858396,clinical: close-up,Benign,NV,NV
ISIC_0588937,IL_3682570,clinical: close-up,Benign,NV,NV
ISIC_0589952,IL_9886374,clinical: close-up,Malignant,BCC,BCC
ISIC_0590248,IL_7678083,clinical: close-up,Benign,BKL,BKL
ISIC_0590401,IL_2748244,clinical: close-up,Malignant,BCC,BCC
ISIC_0592812,IL_5623343,clinical: close-up,Benign,BEN_OTH,OTHER
ISIC_0593908,IL_6144791,dermoscopic,Malignant,BCC,BCC
ISIC_0594231,IL_0181682,clinical: close-up,Malignant,MEL,MEL
ISIC_0595350,IL_3817473,clinical: close-up,Benign,NV,NV
ISIC_0598073,IL_3471902,dermoscopic,Malignant,MEL,MEL
ISIC_0601665,IL_4083881,dermoscopic,Malignant,AKIEC,AKIEC
ISIC_0603125,IL_1162183,clinical: close-up,Malignant,BCC,BCC
ISIC_0605402,IL_1839563,clinical: close-up,Malignant,BCC,BCC
ISIC_0605910,IL_6833958,dermoscopic,Malignant,AKIEC,AKIEC
ISIC_0606651,IL_0960314,clinical: close-up,Benign,DF,DF
ISIC_0608960,IL_0349058,clinical: close-up,Benign,NV,NV
ISIC_0610035,IL_5769609,dermoscopic,Malignant,BCC,BCC
ISIC_0612028,IL_8762954,clinical: close-up,Malignant,BCC,BCC
ISIC_0612181,IL_4978975,clinical: close-up,Malignant,BCC,BCC
ISIC_0612519,IL_8914005,clinical: close-up,Malignant,BCC,BCC
ISIC_0612725,IL_5880006,clinical: close-up,Malignant,SCCKA,SCCKA
ISIC_0612793,IL_1283249,clinical: close-up,Malignant,BCC,BCC
ISIC_0613695,IL_4663094,dermoscopic,Benign,NV,NV
ISIC_0614880,IL_4005542,clinical: close-up,Malignant,BCC,BCC
ISIC_0615653,IL_9600244,clinical: close-up,Malignant,BCC,BCC
ISIC_0617272,IL_3527246,dermoscopic,Malignant,BCC,BCC
ISIC_0625197,IL_3664176,dermoscopic,Malignant,BCC,BCC
ISIC_0627375,IL_9575395,clinical: close-up,Malignant,BCC,BCC
ISIC_0627667,IL_4739106,clinical: close-up,Benign,NV,NV
ISIC_0628522,IL_6869608,dermoscopic,Benign,NV,NV
ISIC_0630375,IL_3417024,clinical: close-up,Malignant,MEL,MEL
ISIC_0632001,IL_8991149,dermoscopic,Malignant,BCC,BCC
ISIC_0635424,IL_6860509,clinical: close-up,Benign,NV,NV
ISIC_0637655,IL_8444340,dermoscopic,Malignant,BCC,BCC
ISIC_0640031,IL_1280440,dermoscopic,Benign,BEN_OTH,OTHER
ISIC_0642767,IL_0335647,dermoscopic,Malignant,MEL,MEL
ISIC_0643281,IL_8702046,clinical: close-up,Malignant,SCCKA,SCCKA
ISIC_0644224,IL_3738052,dermoscopic,Benign,BEN_OTH,OTHER
ISIC_0645934,IL_8854327,dermoscopic,Malignant,BCC,BCC
ISIC_0646278,IL_0808722,clinical: close-up,Malignant,AKIEC,AKIEC
ISIC_0646544,IL_5676990,dermoscopic,Malignant,BCC,BCC
ISIC_0647017,IL_1615908,clinical: close-up,Benign,NV,NV
ISIC_0649359,IL_5016629,clinical: close-up,Malignant,MEL,MEL
ISIC_0649497,IL_5825636,dermoscopic,Malignant,BCC,BCC
ISIC_0650927,IL_8875677,dermoscopic,Indeterminate,AKIEC,AKIEC
ISIC_0651228,IL_8621198,dermoscopic,Malignant,MEL,MEL
ISIC_0652620,IL_0020208,clinical: close-up,Benign,BKL,BKL
ISIC_0654229,IL_6393751,clinical: close-up,Benign,NV,NV
ISIC_0655029,IL_5277754,dermoscopic,Malignant,BCC,BCC
ISIC_0656565,IL_9722913,dermoscopic,Malignant,SCCKA,SCCKA
ISIC_0657349,IL_5816419,clinical: close-up,Benign,NV,NV
ISIC_0658837,IL_1345766,clinical: close-up,Benign,BEN_OTH,OTHER
ISIC_0659229,IL_1448486,clinical: close-up,Malignant,BCC,BCC
ISIC_0661387,IL_6847653,clinical: close-up,Malignant,BCC,BCC
ISIC_0661563,IL_9968206,clinical: close-up,Benign,BKL,BKL
ISIC_0662021,IL_6111577,clinical: close-up,Benign,INF,INF
ISIC_0662620,IL_5458528,dermoscopic,Benign,VASC,VASC
ISIC_0664016,IL_9614989,dermoscopic,Benign,BKL,BKL
ISIC_0664879,IL_8987309,dermoscopic,Indeterminate,AKIEC,AKIEC
ISIC_0666574,IL_8326567,clinical: close-up,Malignant,SCCKA,SCCKA
ISIC_0666575,IL_9897745,dermoscopic,Malignant,BCC,BCC
ISIC_0669396,IL_6256539,dermoscopic,Malignant,MEL,MEL
ISIC_0669812,IL_9066229,clinical: close-up,Malignant,SCCKA,SCCKA
ISIC_0670265,IL_6069436,dermoscopic,Indeterminate,AKIEC,AKIEC
ISIC_0671005,IL_7825697,clinical: close-up,Malignant,MEL,MEL
ISIC_0680433,IL_8472677,dermoscopic,Malignant,AKIEC,AKIEC
ISIC_0680993,IL_0820879,dermoscopic,Malignant,AKIEC,AKIEC
ISIC_0681143,IL_7635168,dermoscopic,Malignant,BCC,BCC
ISIC_0682339,IL_6693472,clinical: close-up,Malignant,MEL,MEL
ISIC_0683612,IL_7518108,clinical: close-up,Benign,BKL,BKL
ISIC_0684071,IL_5917369,dermoscopic,Malignant,BCC,BCC
ISIC_0684627,IL_1538944,dermoscopic,Benign,NV,NV
ISIC_0685008,IL_5247535,dermoscopic,Benign,BKL,BKL
ISIC_0686612,IL_1207845,dermoscopic,Benign,VASC,VASC
ISIC_0687223,IL_9402270,dermoscopic,Indeterminate,AKIEC,AKIEC
ISIC_0688926,IL_2234007,clinical: close-up,Malignant,BCC,BCC
ISIC_0689386,IL_8484491,clinical: close-up,Malignant,BCC,BCC
ISIC_0690154,IL_6084143,clinical: close-up,Benign,NV,NV
ISIC_0690986,IL_8944802,dermoscopic,Malignant,BCC,BCC
ISIC_0692759,IL_3237613,clinical: close-up,Benign,INF,INF
ISIC_0694740,IL_1492358,dermoscopic,Malignant,BCC,BCC
ISIC_0695415,IL_1170242,clinical: close-up,Benign,BKL,BKL
ISIC_0696597,IL_7636266,dermoscopic,Malignant,BCC,BCC
ISIC_0698052,IL_4929209,dermoscopic,Benign,BKL,BKL
ISIC_0699088,IL_1975374,dermoscopic,Malignant,MEL,MEL
ISIC_0699287,IL_1966288,clinical: close-up,Malignant,BCC,BCC
ISIC_0700335,IL_1427561,dermoscopic,Benign,NV,NV
ISIC_0703597,IL_7917895,clinical: close-up,Benign,DF,DF
ISIC_0707479,IL_5526388,clinical: close-up,Malignant,AKIEC,AKIEC
ISIC_0709199,IL_5839734,dermoscopic,Malignant,SCCKA,SCCKA
ISIC_0713331,IL_0307289,clinical: close-up,Malignant,BCC,BCC
ISIC_0715287,IL_2670603,dermoscopic,Malignant,BCC,BCC
ISIC_0715665,IL_8918294,dermoscopic,Malignant,BCC,BCC
ISIC_0717001,IL_9448011,clinical: close-up,Malignant,BCC,BCC
ISIC_0718332,IL_3995124,dermoscopic,Benign,NV,NV
ISIC_0720115,IL_7611472,clinical: close-up,Malignant,MEL,MEL
ISIC_0720304,IL_4610618,clinical: close-up,Malignant,MEL,MEL
ISIC_0722347,IL_3945386,dermoscopic,Malignant,BCC,BCC
ISIC_0724875,IL_5375846,clinical: close-up,Malignant,SCCKA,SCCKA
ISIC_0724943,IL_2547187,dermoscopic,Malignant,BCC,BCC
ISIC_0725065,IL_3772690,dermoscopic,Malignant,SCCKA,SCCKA
ISIC_0727761,IL_1633502,dermoscopic,Malignant,BCC,BCC
ISIC_0729575,IL_9968206,dermoscopic,Benign,BKL,BKL
ISIC_0729799,IL_0123995,clinical: close-up,Malignant,SCCKA,SCCKA
ISIC_0731364,IL_5799605,dermoscopic,Malignant,BCC,BCC
ISIC_0733275,IL_0826473,clinical: close-up,Benign,NV,NV
ISIC_0734414,IL_6190273,dermoscopic,Malignant,MEL,MEL
ISIC_0735096,IL_9667713,clinical: close-up,Malignant,SCCKA,SCCKA
ISIC_0738113,IL_7353062,dermoscopic,Benign,BKL,BKL
ISIC_0738371,IL_4104039,dermoscopic,Malignant,SCCKA,SCCKA
ISIC_0738994,IL_7760506,dermoscopic,Malignant,BCC,BCC
ISIC_0740405,IL_2647562,clinical: close-up,Benign,BKL,BKL
ISIC_0742972,IL_9408309,dermoscopic,Malignant,SCCKA,SCCKA
ISIC_0743555,IL_2778594,dermoscopic,Malignant,BCC,BCC
ISIC_0743648,IL_8275439,dermoscopic,Malignant,BCC,BCC
ISIC_0745250,IL_9385765,clinical: close-up,Malignant,SCCKA,SCCKA
ISIC_0745953,IL_1485026,dermoscopic,Malignant,BCC,BCC
ISIC_0746532,IL_1350763,clinical: close-up,Malignant,AKIEC,AKIEC
ISIC_0746908,IL_7253924,dermoscopic,Malignant,BCC,BCC
ISIC_0751829,IL_5468213,clinical: close-up,Benign,BKL,BKL
ISIC_0755062,IL_1240049,clinical: close-up,Benign,NV,NV
ISIC_0755454,IL_1874896,clinical: close-up,Malignant,BCC,BCC
ISIC_0758142,IL_4677643,dermoscopic,Malignant,BCC,BCC
ISIC_0758242,IL_0768157,dermoscopic,Malignant,BCC,BCC
ISIC_0758332,IL_5131456,clinical: close-up,Malignant,BCC,BCC
ISIC_0760456,IL_3492257,clinical: close-up,Malignant,BCC,BCC
ISIC_0761359,IL_7140493,dermoscopic,Benign,BKL,BKL
ISIC_0763911,IL_2338679,clinical: close-up,Malignant,BCC,BCC
ISIC_0763962,IL_0836761,dermoscopic,Malignant,BCC,BCC
ISIC_0764650,IL_9778045,dermoscopic,Malignant,SCCKA,SCCKA
ISIC_0765311,IL_1427039,clinical: close-up,Malignant,MEL,MEL
ISIC_0768610,IL_9466832,dermoscopic,Benign,NV,NV
ISIC_0769255,IL_7142205,dermoscopic,Benign,NV,NV
ISIC_0770132,IL_6863139,dermoscopic,Malignant,BCC,BCC
ISIC_0770326,IL_9010382,dermoscopic,Benign,BKL,BKL
ISIC_0772256,IL_7833782,dermoscopic,Malignant,BCC,BCC
ISIC_0772345,IL_4906380,dermoscopic,Benign,NV,NV
ISIC_0772652,IL_2432555,dermoscopic,Malignant,BCC,BCC
ISIC_0772947,IL_1930653,dermoscopic,Malignant,BCC,BCC
ISIC_0773145,IL_1874896,dermoscopic,Malignant,BCC,BCC
ISIC_0774870,IL_8800243,clinical: close-up,Malignant,BCC,BCC
ISIC_0776010,IL_3627285,clinical: close-up,Benign,NV,NV
ISIC_0777268,IL_5375420,dermoscopic,Benign,INF,INF
ISIC_0777357,IL_4478741,clinical: close-up,Malignant,BCC,BCC
ISIC_0777452,IL_1058871,dermoscopic,Malignant,BCC,BCC
ISIC_0780544,IL_0496664,dermoscopic,Benign,BKL,BKL
ISIC_0780574,IL_1238733,dermoscopic,Malignant,SCCKA,SCCKA
ISIC_0783408,IL_6897591,dermoscopic,Malignant,BCC,BCC
ISIC_0783971,IL_4262714,clinical: close-up,Malignant,BCC,BCC
ISIC_0784089,IL_5784432,clinical: close-up,Malignant,BCC,BCC
ISIC_0784305,IL_7954262,clinical: close-up,Malignant,BCC,BCC
ISIC_0785356,IL_9021517,clinical: close-up,Malignant,MEL,MEL
ISIC_0785366,IL_3311502,clinical: close-up,Benign,INF,INF
ISIC_0786490,IL_2692923,clinical: close-up,Malignant,MEL,MEL
ISIC_0786863,IL_1682958,clinical: close-up,Malignant,BCC,BCC
ISIC_0790292,IL_7760506,clinical: close-up,Malignant,BCC,BCC
ISIC_0796805,IL_4692190,dermoscopic,Malignant,BCC,BCC
ISIC_0796884,IL_7037144,dermoscopic,Malignant,BCC,BCC
ISIC_0799155,IL_2234007,dermoscopic,Malignant,BCC,BCC
ISIC_0800437,IL_7785689,clinical: close-up,Malignant,BCC,BCC
ISIC_0801838,IL_6261131,dermoscopic,Malignant,BCC,BCC
ISIC_0802543,IL_5784432,dermoscopic,Malignant,BCC,BCC
ISIC_0805994,IL_1752573,dermoscopic,Malignant,BCC,BCC
ISIC_0806039,IL_6317075,clinical: close-up,Malignant,BCC,BCC
ISIC_0807573,IL_4624720,clinical: close-up,Indeterminate,AKIEC,AKIEC
ISIC_0807781,IL_7494236,clinical: close-up,Malignant,BCC,BCC
ISIC_0809407,IL_2700480,dermoscopic,Malignant,BCC,BCC
ISIC_0809957,IL_1174594,clinical: close-up,Benign,BKL,BKL
ISIC_0811123,IL_0773953,dermoscopic,Malignant,BCC,BCC
ISIC_0811266,IL_7712318,dermoscopic,Benign,NV,NV
ISIC_0811514,IL_1770771,dermoscopic,Benign,NV,NV
ISIC_0811703,IL_0868364,dermoscopic,Benign,DF,DF
ISIC_0812574,IL_1328121,dermoscopic,Malignant,MEL,MEL
ISIC_0813000,IL_0080050,dermoscopic,Malignant,BCC,BCC
ISIC_0813313,IL_2205080,clinical: close-up,Benign,NV,NV
ISIC_0818540,IL_7550838,dermoscopic,Malignant,BCC,BCC
ISIC_0819008,IL_9211790,dermoscopic,Malignant,BCC,BCC
ISIC_0820547,IL_7571308,clinical: close-up,Malignant,BCC,BCC
ISIC_0821297,IL_4310742,dermoscopic,Malignant,SCCKA,SCCKA
ISIC_0822220,IL_1337093,dermoscopic,Malignant,BCC,BCC
ISIC_0823112,IL_5140022,dermoscopic,Malignant,BCC,BCC
ISIC_0824121,IL_3999656,clinical: close-up,Benign,BKL,BKL
ISIC_0825152,IL_2222251,dermoscopic,Benign,NV,NV
ISIC_0829180,IL_3984106,dermoscopic,Malignant,BCC,BCC
ISIC_0829445,IL_7356292,clinical: close-up,Malignant,BCC,BCC
ISIC_0831157,IL_9374643,dermoscopic,Malignant,BCC,BCC
ISIC_0831409,IL_9307518,clinical: close-up,Malignant,MEL,MEL
ISIC_0831512,IL_3060929,dermoscopic,Benign,NV,NV
ISIC_0831898,IL_3715048,dermoscopic,Malignant,MEL,MEL
ISIC_0833402,IL_5496114,clinical: close-up,Malignant,MEL,MEL
ISIC_0835030,IL_5518223,dermoscopic,Malignant,BCC,BCC
ISIC_0835682,IL_0773095,dermoscopic,Malignant,BCC,BCC
ISIC_0836114,IL_4713878,clinical: close-up,Malignant,BCC,BCC
ISIC_0836815,IL_5160157,dermoscopic,Malignant,BCC,BCC
ISIC_0838227,IL_4732001,dermoscopic,Malignant,BCC,BCC
ISIC_0840284,IL_9713844,dermoscopic,Indeterminate,AKIEC,AKIEC
ISIC_0845014,IL_8991771,clinical: close-up,Malignant,SCCKA,SCCKA
ISIC_0846856,IL_8247723,dermoscopic,Malignant,SCCKA,SCCKA
ISIC_0848694,IL_5821357,dermoscopic,Benign,BKL,BKL
ISIC_0849646,IL_0663202,clinical: close-up,Malignant,BCC,BCC
ISIC_0850383,IL_6448360,dermoscopic,Benign,NV,NV
ISIC_0852575,IL_4150500,dermoscopic,Malignant,BCC,BCC
ISIC_0853302,IL_6010748,dermoscopic,Malignant,BCC,BCC
ISIC_0854749,IL_3351126,clinical: close-up,Malignant,AKIEC,AKIEC
ISIC_0855384,IL_1114001,dermoscopic,Indeterminate,AKIEC,AKIEC
ISIC_0855454,IL_7571099,dermoscopic,Malignant,BCC,BCC
ISIC_0856370,IL_0087637,dermoscopic,Benign,BKL,BKL
ISIC_0857448,IL_4576519,dermoscopic,Benign,BKL,BKL
ISIC_0858555,IL_7926291,dermoscopic,Malignant,BCC,BCC
ISIC_0859627,IL_7344766,clinical: close-up,Malignant,SCCKA,SCCKA
ISIC_0860468,IL_4926064,dermoscopic,Malignant,BCC,BCC
ISIC_0862809,IL_8601267,clinical: close-up,Malignant,BCC,BCC
ISIC_0863389,IL_0468810,dermoscopic,Malignant,BCC,BCC
ISIC_0863711,IL_7240190,clinical: close-up,Malignant,BCC,BCC
ISIC_0865713,IL_4726113,dermoscopic,Malignant,BCC,BCC
ISIC_0866079,IL_0137229,dermoscopic,Malignant,SCCKA,SCCKA
ISIC_0866932,IL_1766125,dermoscopic,Benign,NV,NV
ISIC_0867368,IL_7581043,dermoscopic,Benign,BEN_OTH,OTHER
ISIC_0869141,IL_1938646,dermoscopic,Malignant,BCC,BCC
ISIC_0872036,IL_0159004,dermoscopic,Malignant,SCCKA,SCCKA
ISIC_0872261,IL_9086799,dermoscopic,Malignant,SCCKA,SCCKA
ISIC_0872284,IL_0521402,clinical: close-up,Malignant,BCC,BCC
ISIC_0879335,IL_4124169,clinical: close-up,Benign,NV,NV
ISIC_0880053,IL_2478742,dermoscopic,Malignant,BCC,BCC
ISIC_0880783,IL_9838418,dermoscopic,Malignant,BCC,BCC
ISIC_0881507,IL_1565255,dermoscopic,Malignant,BCC,BCC
ISIC_0883146,IL_3156209,clinical: close-up,Malignant,BCC,BCC
ISIC_0885646,IL_5834228,clinical: close-up,Malignant,BCC,BCC
ISIC_0886120,IL_3582002,clinical: close-up,Malignant,AKIEC,AKIEC
ISIC_0886687,IL_3397052,dermoscopic,Malignant,MAL_OTH,OTHER
ISIC_0887242,IL_1022575,clinical: close-up,Benign,BKL,BKL
ISIC_0888295,IL_7550838,clinical: close-up,Malignant,BCC,BCC
ISIC_0889674,IL_8642891,clinical: close-up,Malignant,BCC,BCC
ISIC_0890975,IL_9692603,dermoscopic,Malignant,BCC,BCC
ISIC_0891581,IL_3224912,clinical: close-up,Malignant,BCC,BCC
ISIC_0891621,IL_0741650,clinical: close-up,Malignant,BCC,BCC
ISIC_0892888,IL_3574782,dermoscopic,Malignant,BCC,BCC
ISIC_0893414,IL_7974370,clinical: close-up,Benign,BKL,BKL
ISIC_0893723,IL_5161470,dermoscopic,Benign,NV,NV
ISIC_0895842,IL_6833958,clinical: close-up,Malignant,AKIEC,AKIEC
ISIC_0898369,IL_0310988,dermoscopic,Indeterminate,AKIEC,AKIEC
ISIC_0899069,IL_4991400,dermoscopic,Malignant,BCC,BCC
ISIC_0899253,IL_6247210,clinical: close-up,Benign,BKL,BKL
ISIC_0906598,IL_3415127,clinical: close-up,Malignant,BCC,BCC
ISIC_0907266,IL_5534064,dermoscopic,Benign,NV,NV
ISIC_0907354,IL_6803383,dermoscopic,Malignant,BCC,BCC
ISIC_0907555,IL_6677545,dermoscopic,Malignant,BCC,BCC
ISIC_0907716,IL_1539562,clinical: close-up,Benign,BKL,BKL
ISIC_0909697,IL_1741530,dermoscopic,Benign,BKL,BKL
ISIC_0911271,IL_1332909,clinical: close-up,Malignant,AKIEC,AKIEC
ISIC_0912606,IL_7533213,clinical: close-up,Malignant,SCCKA,SCCKA
ISIC_0913438,IL_1609893,dermoscopic,Malignant,AKIEC,AKIEC
ISIC_0913648,IL_8456514,dermoscopic,Malignant,BCC,BCC
ISIC_0914647,IL_6731781,dermoscopic,Benign,NV,NV
ISIC_0918357,IL_3326001,dermoscopic,Malignant,BCC,BCC
ISIC_0919015,IL_1006446,clinical: close-up,Malignant,BCC,BCC
ISIC_0919412,IL_0286681,dermoscopic,Benign,DF,DF
ISIC_0920424,IL_8482913,dermoscopic,Malignant,SCCKA,SCCKA
ISIC_0923483,IL_5512123,clinical: close-up,Malignant,BCC,BCC
ISIC_0924335,IL_5394368,dermoscopic,Malignant,BCC,BCC
ISIC_0924690,IL_6767312,clinical: close-up,Malignant,BCC,BCC
ISIC_0926891,IL_0521541,dermoscopic,Malignant,BCC,BCC
ISIC_0928029,IL_6616097,clinical: close-up,Malignant,MEL,MEL
ISIC_0929356,IL_3357031,dermoscopic,Malignant,BCC,BCC
ISIC_0931470,IL_9403422,clinical: close-up,Malignant,BCC,BCC
ISIC_0933237,IL_0106085,dermoscopic,Malignant,BCC,BCC
ISIC_0933479,IL_6222346,clinical: close-up,Benign,BKL,BKL
ISIC_0933741,IL_6169733,clinical: close-up,Malignant,BCC,BCC
ISIC_0935658,IL_1438397,dermoscopic,Benign,BKL,BKL
ISIC_0936650,IL_0210528,clinical: close-up,Benign,NV,NV
ISIC_0937259,IL_9255472,clinical: close-up,Malignant,BCC,BCC
ISIC_0939581,IL_6921814,dermoscopic,Benign,INF,INF
ISIC_0939687,IL_5217084,dermoscopic,Malignant,AKIEC,AKIEC
ISIC_0940771,IL_6427457,dermoscopic,Malignant,BCC,BCC
ISIC_0944241,IL_5251059,clinical: close-up,Malignant,MEL,MEL
ISIC_0946795,IL_3115470,dermoscopic,Malignant,SCCKA,SCCKA
ISIC_0948347,IL_0269822,clinical: close-up,Malignant,SCCKA,SCCKA
ISIC_0949430,IL_0520171,clinical: close-up,Benign,BKL,BKL
ISIC_0950495,IL_1539562,dermoscopic,Benign,BKL,BKL
ISIC_0950510,IL_9961015,dermoscopic,Benign,NV,NV
ISIC_0951585,IL_3472941,clinical: close-up,Benign,NV,NV
ISIC_0953324,IL_4647036,clinical: close-up,Malignant,BCC,BCC
ISIC_0955574,IL_6384102,clinical: close-up,Benign,BKL,BKL
ISIC_0955754,IL_4377076,dermoscopic,Malignant,SCCKA,SCCKA
ISIC_0957094,IL_8252843,clinical: close-up,Malignant,SCCKA,SCCKA
ISIC_0958356,IL_1313650,dermoscopic,Malignant,SCCKA,SCCKA
ISIC_0960754,IL_8256503,dermoscopic,Malignant,BCC,BCC
ISIC_0962183,IL_5963960,dermoscopic,Malignant,BCC,BCC
ISIC_0963883,IL_7213317,clinical: close-up,Malignant,SCCKA,SCCKA
ISIC_0964646,IL_9940572,clinical: close-up,Benign,BKL,BKL
ISIC_0965611,IL_6971040,clinical: close-up,Malignant,BCC,BCC
ISIC_0966559,IL_7368324,clinical: close-up,Malignant,BCC,BCC
ISIC_0968530,IL_7552971,dermoscopic,Malignant,BCC,BCC
ISIC_0970615,IL_6665809,dermoscopic,Malignant,AKIEC,AKIEC
ISIC_0971123,IL_3836010,dermoscopic,Malignant,BCC,BCC
ISIC_0973204,IL_4708897,clinical: close-up,Malignant,BCC,BCC
ISIC_0973981,IL_6017753,clinical: close-up,Benign,BKL,BKL
ISIC_0974866,IL_8908533,dermoscopic,Malignant,BCC,BCC
ISIC_0975299,IL_4975498,clinical: close-up,Benign,BKL,BKL
ISIC_0975720,IL_4123354,clinical: close-up,Malignant,SCCKA,SCCKA
ISIC_0976079,IL_8022344,clinical: close-up,Malignant,BCC,BCC
ISIC_0977792,IL_1703552,dermoscopic,Malignant,BCC,BCC
ISIC_0979570,IL_7943940,dermoscopic,Malignant,BCC,BCC
ISIC_0979678,IL_0513622,dermoscopic,Malignant,BCC,BCC
ISIC_0982924,IL_4534597,clinical: close-up,Malignant,BCC,BCC
ISIC_0983974,IL_1904975,dermoscopic,Benign,NV,NV
ISIC_0984507,IL_8384410,dermoscopic,Malignant,SCCKA,SCCKA
ISIC_0986356,IL_2352772,clinical: close-up,Benign,NV,NV
ISIC_0987080,IL_6010748,clinical: close-up,Malignant,BCC,BCC
ISIC_0987929,IL_7117274,clinical: close-up,Malignant,BCC,BCC
ISIC_0990706,IL_5755884,clinical: close-up,Benign,BKL,BKL
ISIC_0990979,IL_5940346,clinical: close-up,Malignant,BCC,BCC
ISIC_0991005,IL_4407771,clinical: close-up,Malignant,BCC,BCC
ISIC_0991616,IL_3460639,dermoscopic,Benign,BKL,BKL
ISIC_0991989,IL_4377076,clinical: close-up,Malignant,SCCKA,SCCKA
ISIC_0993424,IL_4610207,clinical: close-up,Malignant,BCC,BCC
ISIC_0993471,IL_1866416,clinical: close-up,Malignant,BCC,BCC
ISIC_0994154,IL_4175034,clinical: close-up,Benign,BKL,BKL
ISIC_0997976,IL_2830385,dermoscopic,Malignant,SCCKA,SCCKA
ISIC_1000386,IL_4104039,clinical: close-up,Malignant,SCCKA,SCCKA
ISIC_1000918,IL_6650596,clinical: close-up,Malignant,BCC,BCC
ISIC_1002562,IL_5848162,clinical: close-up,Malignant,SCCKA,SCCKA
ISIC_1006010,IL_0033882,clinical: close-up,Malignant,BCC,BCC
ISIC_1006415,IL_2487876,dermoscopic,Malignant,BCC,BCC
ISIC_1006756,IL_3720458,dermoscopic,Malignant,MEL,MEL
ISIC_1009475,IL_3609983,dermoscopic,Benign,NV,NV
ISIC_1010567,IL_8012177,dermoscopic,Malignant,BCC,BCC
ISIC_1011069,IL_6552664,clinical: close-up,Malignant,MEL,MEL
ISIC_1012530,IL_6783043,dermoscopic,Malignant,BCC,BCC
ISIC_1014403,IL_2748244,dermoscopic,Malignant,BCC,BCC
ISIC_1014424,IL_1370183,dermoscopic,Malignant,SCCKA,SCCKA
ISIC_1018753,IL_1860378,dermoscopic,Malignant,BCC,BCC
ISIC_1019247,IL_2634845,clinical: close-up,Benign,BKL,BKL
ISIC_1019384,IL_8038657,dermoscopic,Malignant,MEL,MEL
ISIC_1020628,IL_2623248,dermoscopic,Malignant,BCC,BCC
ISIC_1021842,IL_1696405,clinical: close-up,Benign,NV,NV
ISIC_1025100,IL_5022797,dermoscopic,Benign,NV,NV
ISIC_1028434,IL_2243565,clinical: close-up,Indeterminate,AKIEC,AKIEC
ISIC_1028789,IL_3772647,dermoscopic,Malignant,BCC,BCC
ISIC_1029056,IL_1756405,dermoscopic,Malignant,BCC,BCC
ISIC_1029279,IL_4638658,dermoscopic,Malignant,BCC,BCC
ISIC_1030228,IL_6222346,dermoscopic,Benign,BKL,BKL
ISIC_1033249,IL_0267094,dermoscopic,Malignant,BCC,BCC
ISIC_1033453,IL_0853673,dermoscopic,Malignant,BCC,BCC
ISIC_1035863,IL_8247723,clinical: close-up,Malignant,SCCKA,SCCKA
ISIC_1038282,IL_0960760,clinical: close-up,Benign,NV,NV
ISIC_1042270,IL_4567076,dermoscopic,Malignant,BCC,BCC
ISIC_1044266,IL_5882687,dermoscopic,Malignant,BCC,BCC
ISIC_1045607,IL_2689695,dermoscopic,Malignant,BCC,BCC
ISIC_1048297,IL_0006177,dermoscopic,Malignant,BCC,BCC
ISIC_1048496,IL_9446823,dermoscopic,Malignant,SCCKA,SCCKA
ISIC_1049145,IL_3020012,clinical: close-up,Malignant,MEL,MEL
ISIC_1050489,IL_9756229,clinical: close-up,Malignant,BCC,BCC
ISIC_1052176,IL_9422892,clinical: close-up,Benign,NV,NV
ISIC_1053256,IL_3400406,clinical: close-up,Malignant,BCC,BCC
ISIC_1054751,IL_2373762,clinical: close-up,Benign,BKL,BKL
ISIC_1054971,IL_3087149,clinical: close-up,Benign,BKL,BKL
ISIC_1055162,IL_9541079,dermoscopic,Malignant,BCC,BCC
ISIC_1056095,IL_7464523,dermoscopic,Malignant,SCCKA,SCCKA
ISIC_1058069,IL_4642030,clinical: close-up,Malignant,SCCKA,SCCKA
ISIC_1058258,IL_0252336,clinical: close-up,Malignant,MAL_OTH,OTHER
ISIC_1058357,IL_2662966,clinical: close-up,Malignant,BCC,BCC
ISIC_1058937,IL_0335647,clinical: close-up,Malignant,MEL,MEL
ISIC_1059467,IL_1530235,clinical: close-up,Benign,BKL,BKL
ISIC_1061716,IL_6008739,dermoscopic,Malignant,BCC,BCC
ISIC_1062335,IL_4174336,dermoscopic,Indeterminate,AKIEC,AKIEC
ISIC_1063001,IL_1873116,dermoscopic,Malignant,BCC,BCC
ISIC_1063241,IL_4149051,clinical: close-up,Malignant,BCC,BCC
ISIC_1064441,IL_0317976,dermoscopic,Malignant,BCC,BCC
ISIC_1064824,IL_3383259,dermoscopic,Benign,NV,NV
ISIC_1066229,IL_7727420,dermoscopic,Malignant,SCCKA,SCCKA
ISIC_1066639,IL_4910941,clinical: close-up,Malignant,BCC,BCC
ISIC_1066863,IL_6728054,clinical: close-up,Malignant,MEL,MEL
ISIC_1069165,IL_0419934,dermoscopic,Malignant,BCC,BCC
ISIC_1069584,IL_8419591,dermoscopic,Malignant,BCC,BCC
ISIC_1069722,IL_3017961,dermoscopic,Malignant,BCC,BCC
ISIC_1070485,IL_3859587,dermoscopic,Malignant,BCC,BCC
ISIC_1073412,IL_8602598,dermoscopic,Malignant,BCC,BCC
ISIC_1075770,IL_7520966,clinical: close-up,Malignant,SCCKA,SCCKA
ISIC_1076265,IL_6033617,dermoscopic,Malignant,AKIEC,AKIEC
ISIC_1078763,IL_2710890,dermoscopic,Benign,NV,NV
ISIC_1079378,IL_0926236,clinical: close-up,Benign,NV,NV
ISIC_1081140,IL_4878872,dermoscopic,Malignant,BCC,BCC
ISIC_1084026,IL_4768081,clinical: close-up,Malignant,SCCKA,SCCKA
ISIC_1085320,IL_5809538,clinical: close-up,Malignant,MEL,MEL
ISIC_1085321,IL_2899704,clinical: close-up,Malignant,BCC,BCC
ISIC_1090102,IL_0125566,clinical: close-up,Malignant,BCC,BCC
ISIC_1090300,IL_6007909,dermoscopic,Benign,BKL,BKL
ISIC_1090781,IL_1253074,dermoscopic,Malignant,BCC,BCC
ISIC_1090794,IL_5055807,clinical: close-up,Malignant,BCC,BCC
ISIC_1091566,IL_3065098,dermoscopic,Malignant,BCC,BCC
ISIC_1094830,IL_7451964,dermoscopic,Malignant,BCC,BCC
ISIC_1097732,IL_8604928,clinical: close-up,Malignant,MEL,MEL
ISIC_1099345,IL_6994946,dermoscopic,Malignant,BCC,BCC
ISIC_1099492,IL_8391202,clinical: close-up,Malignant,BCC,BCC
ISIC_1103609,IL_2191352,clinical: close-up,Benign,NV,NV
ISIC_1103956,IL_2167719,dermoscopic,Benign,BKL,BKL
ISIC_1105520,IL_0479430,clinical: close-up,Malignant,BCC,BCC
ISIC_1106208,IL_7329436,dermoscopic,Malignant,BCC,BCC
ISIC_1107390,IL_2227380,clinical: close-up,Benign,NV,NV
ISIC_1107534,IL_2582218,clinical: close-up,Malignant,BCC,BCC
ISIC_1111291,IL_4287532,dermoscopic,Benign,BKL,BKL
ISIC_1111477,IL_8991771,dermoscopic,Malignant,SCCKA,SCCKA
ISIC_1111646,IL_5019289,clinical: close-up,Malignant,BCC,BCC
ISIC_1112216,IL_2248965,clinical: close-up,Malignant,BCC,BCC
ISIC_1113064,IL_4831805,clinical: close-up,Malignant,AKIEC,AKIEC
ISIC_1115156,IL_3858708,dermoscopic,Malignant,AKIEC,AKIEC
ISIC_1118925,IL_2255727,clinical: close-up,Benign,BKL,BKL
ISIC_1119486,IL_6777208,clinical: close-up,Malignant,AKIEC,AKIEC
ISIC_1121645,IL_8212938,dermoscopic,Malignant,MEL,MEL
ISIC_1123171,IL_3984556,clinical: close-up,Malignant,BCC,BCC
ISIC_1124077,IL_5019289,dermoscopic,Malignant,BCC,BCC
ISIC_1126704,IL_5472522,clinical: close-up,Benign,BKL,BKL
ISIC_1128113,IL_0240650,clinical: close-up,Malignant,SCCKA,SCCKA
ISIC_1128748,IL_3048168,dermoscopic,Malignant,BCC,BCC
ISIC_1129613,IL_5818628,dermoscopic,Malignant,BCC,BCC
ISIC_1130153,IL_0262742,clinical: close-up,Indeterminate,AKIEC,AKIEC
ISIC_1134088,IL_2487876,clinical: close-up,Malignant,BCC,BCC
ISIC_1135159,IL_5042712,dermoscopic,Malignant,BCC,BCC
ISIC_1136259,IL_3754821,dermoscopic,Malignant,SCCKA,SCCKA
ISIC_1136271,IL_8727543,dermoscopic,Benign,BEN_OTH,OTHER
ISIC_1136498,IL_8012977,dermoscopic,Benign,BKL,BKL
ISIC_1137894,IL_2751796,clinical: close-up,Malignant,BCC,BCC
ISIC_1138088,IL_6550099,clinical: close-up,Benign,NV,NV
ISIC_1138771,IL_9497630,clinical: close-up,Malignant,BCC,BCC
ISIC_1138976,IL_9636083,dermoscopic,Malignant,BCC,BCC
ISIC_1139673,IL_4742371,dermoscopic,Indeterminate,AKIEC,AKIEC
ISIC_1141942,IL_6931875,clinical: close-up,Malignant,BCC,BCC
ISIC_1142211,IL_9513930,dermoscopic,Malignant,AKIEC,AKIEC
ISIC_1146500,IL_0971210,clinical: close-up,Malignant,BCC,BCC
ISIC_1146954,IL_2066626,dermoscopic,Malignant,BCC,BCC
ISIC_1148803,IL_8918323,clinical: close-up,Benign,BKL,BKL
ISIC_1149850,IL_0320467,dermoscopic,Malignant,BCC,BCC
ISIC_1150454,IL_1339596,dermoscopic,Benign,BKL,BKL
ISIC_1151008,IL_0233778,dermoscopic,Malignant,BCC,BCC
ISIC_1152260,IL_2992485,clinical: close-up,Malignant,AKIEC,AKIEC
ISIC_1154207,IL_0406808,clinical: close-up,Malignant,MEL,MEL
ISIC_1157338,IL_7136276,clinical: close-up,Indeterminate,AKIEC,AKIEC
ISIC_1157692,IL_4455323,clinical: close-up,Malignant,AKIEC,AKIEC
ISIC_1159427,IL_8675438,dermoscopic,Malignant,BCC,BCC
ISIC_1160288,IL_1701401,dermoscopic,Malignant,SCCKA,SCCKA
ISIC_1161165,IL_7749892,clinical: close-up,Benign,DF,DF
ISIC_1161990,IL_1927976,clinical: close-up,Benign,BKL,BKL
ISIC_1163815,IL_7487058,dermoscopic,Malignant,BCC,BCC
ISIC_1166088,IL_2513710,dermoscopic,Malignant,BCC,BCC
ISIC_1166255,IL_1364035,clinical: close-up,Malignant,BCC,BCC
ISIC_1167183,IL_7621728,clinical: close-up,Malignant,MEL,MEL
ISIC_1170330,IL_3711784,dermoscopic,Malignant,BCC,BCC
ISIC_1170720,IL_3057922,dermoscopic,Malignant,BCC,BCC
ISIC_1170971,IL_2663991,clinical: close-up,Malignant,SCCKA,SCCKA
ISIC_1171368,IL_0291723,dermoscopic,Malignant,BCC,BCC
ISIC_1171609,IL_3673925,clinical: close-up,Benign,NV,NV
ISIC_1174739,IL_6296169,dermoscopic,Malignant,BCC,BCC
ISIC_1176025,IL_0180498,dermoscopic,Malignant,BCC,BCC
ISIC_1176222,IL_1918702,clinical: close-up,Malignant,BCC,BCC
ISIC_1176236,IL_5691794,dermoscopic,Malignant,BCC,BCC
ISIC_1176359,IL_8604749,clinical: close-up,Malignant,AKIEC,AKIEC
ISIC_1177346,IL_3203349,clinical: close-up,Malignant,BCC,BCC
ISIC_1179663,IL_8296810,clinical: close-up,Malignant,BCC,BCC
ISIC_1181087,IL_0898594,clinical: close-up,Malignant,BCC,BCC
ISIC_1181197,IL_1441711,clinical: close-up,Malignant,SCCKA,SCCKA
ISIC_1181436,IL_2718328,clinical: close-up,Malignant,BCC,BCC
ISIC_1182214,IL_3393264,dermoscopic,Benign,NV,NV
ISIC_1184775,IL_3355699,dermoscopic,Malignant,MEL,MEL
ISIC_1186941,IL_4843671,clinical: close-up,Malignant,BCC,BCC
ISIC_1189485,IL_9420011,dermoscopic,Malignant,BCC,BCC
ISIC_1190372,IL_1680101,dermoscopic,Benign,NV,NV
ISIC_1191914,IL_4003805,clinical: close-up,Malignant,BCC,BCC
ISIC_1191996,IL_6491562,dermoscopic,Malignant,BCC,BCC
ISIC_1195811,IL_4337427,dermoscopic,Benign,BKL,BKL
ISIC_1198104,IL_8423250,clinical: close-up,Malignant,AKIEC,AKIEC
ISIC_1199167,IL_8713171,dermoscopic,Malignant,BCC,BCC
ISIC_1199576,IL_5071813,clinical: close-up,Benign,BKL,BKL
ISIC_1201025,IL_0406808,dermoscopic,Malignant,MEL,MEL
ISIC_1201852,IL_3657204,clinical: close-up,Malignant,BCC,BCC
ISIC_1205427,IL_9886374,dermoscopic,Malignant,BCC,BCC
ISIC_1207350,IL_7296591,dermoscopic,Malignant,BCC,BCC
ISIC_1208071,IL_8893510,dermoscopic,Indeterminate,AKIEC,AKIEC
ISIC_1209022,IL_1366322,dermoscopic,Malignant,BCC,BCC
ISIC_1210101,IL_0761074,clinical: close-up,Malignant,BCC,BCC
ISIC_1210456,IL_9661787,clinical: close-up,Benign,NV,NV
ISIC_1212172,IL_1175004,clinical: close-up,Malignant,BCC,BCC
ISIC_1212608,IL_8175900,dermoscopic,Benign,BKL,BKL
ISIC_1215920,IL_3295826,dermoscopic,Benign,BKL,BKL
ISIC_1217127,IL_6890613,dermoscopic,Malignant,BCC,BCC
ISIC_1217694,IL_8824711,dermoscopic,Malignant,BCC,BCC
ISIC_1218465,IL_3340189,clinical: close-up,Malignant,BCC,BCC
ISIC_1219190,IL_4621496,dermoscopic,Malignant,BCC,BCC
ISIC_1219741,IL_6106772,clinical: close-up,Benign,NV,NV
ISIC_1220536,IL_8454574,dermoscopic,Malignant,MEL,MEL
ISIC_1221689,IL_2703142,dermoscopic,Benign,NV,NV
ISIC_1222561,IL_8277688,dermoscopic,Benign,BKL,BKL
ISIC_1222720,IL_1717004,dermoscopic,Benign,BKL,BKL
ISIC_1224887,IL_3447838,clinical: close-up,Benign,BKL,BKL
ISIC_1225707,IL_1717004,clinical: close-up,Benign,BKL,BKL
ISIC_1226932,IL_7884218,clinical: close-up,Malignant,BCC,BCC
ISIC_1230865,IL_0064763,dermoscopic,Malignant,SCCKA,SCCKA
ISIC_1231719,IL_2228009,dermoscopic,Benign,NV,NV
ISIC_1232869,IL_3694094,clinical: close-up,Malignant,BCC,BCC
ISIC_1236473,IL_8662506,clinical: close-up,Benign,BKL,BKL
ISIC_1237574,IL_4368392,clinical: close-up,Malignant,BCC,BCC
ISIC_1237876,IL_1655830,clinical: close-up,Benign,BKL,BKL
ISIC_1240854,IL_3770255,clinical: close-up,Malignant,MEL,MEL
ISIC_1242474,IL_8001896,dermoscopic,Malignant,BCC,BCC
ISIC_1242913,IL_6691831,clinical: close-up,Malignant,BCC,BCC
ISIC_1243858,IL_9755525,dermoscopic,Benign,BKL,BKL
ISIC_1243982,IL_0773095,clinical: close-up,Malignant,BCC,BCC
ISIC_1244450,IL_8885600,clinical: close-up,Malignant,BCC,BCC
ISIC_1245273,IL_7389782,clinical: close-up,Malignant,BCC,BCC
ISIC_1249178,IL_6889294,clinical: close-up,Benign,NV,NV
ISIC_1249375,IL_3366376,clinical: close-up,Benign,BKL,BKL
ISIC_1252883,IL_7047069,dermoscopic,Malignant,BCC,BCC
ISIC_1255149,IL_1758673,dermoscopic,Malignant,BCC,BCC
ISIC_1255346,IL_3939188,clinical: close-up,Malignant,AKIEC,AKIEC
ISIC_1255858,IL_9661787,dermoscopic,Benign,NV,NV
ISIC_1258360,IL_2836148,dermoscopic,Benign,BKL,BKL
ISIC_1261497,IL_4446181,clinical: close-up,Malignant,MEL,MEL
ISIC_1261731,IL_2729138,dermoscopic,Malignant,BCC,BCC
ISIC_1264034,IL_1075740,dermoscopic,Malignant,MEL,MEL
ISIC_1266614,IL_4290586,dermoscopic,Malignant,AKIEC,AKIEC
ISIC_1268914,IL_2778594,clinical: close-up,Malignant,BCC,BCC
ISIC_1272616,IL_7613691,dermoscopic,Benign,BKL,BKL
ISIC_1275089,IL_5109788,dermoscopic,Benign,BKL,BKL
ISIC_1275437,IL_3006053,clinical: close-up,Malignant,MEL,MEL
ISIC_1276590,IL_3650065,dermoscopic,Benign,INF,INF
ISIC_1279315,IL_4566979,dermoscopic,Benign,INF,INF
ISIC_1280046,IL_2201077,dermoscopic,Benign,NV,NV
ISIC_1281398,IL_0441589,dermoscopic,Malignant,AKIEC,AKIEC
ISIC_1282117,IL_1151731,clinical: close-up,Malignant,BCC,BCC
ISIC_1283766,IL_6629928,dermoscopic,Benign,NV,NV
ISIC_1285374,IL_5255150,clinical: close-up,Malignant,BCC,BCC
ISIC_1285744,IL_8262474,dermoscopic,Benign,BKL,BKL
ISIC_1285798,IL_3236486,dermoscopic,Malignant,MEL,MEL
ISIC_1285977,IL_8716299,clinical: close-up,Benign,BKL,BKL
ISIC_1286685,IL_8007348,clinical: close-up,Malignant,BCC,BCC
ISIC_1290781,IL_7573989,clinical: close-up,Malignant,BCC,BCC
ISIC_1291218,IL_4371981,clinical: close-up,Malignant,BCC,BCC
ISIC_1291833,IL_0256138,dermoscopic,Benign,NV,NV
ISIC_1293046,IL_6926663,clinical: close-up,Benign,BKL,BKL
ISIC_1295245,IL_2053741,dermoscopic,Malignant,SCCKA,SCCKA
ISIC_1300480,IL_5917369,clinical: close-up,Malignant,BCC,BCC
ISIC_1301817,IL_4742371,clinical: close-up,Indeterminate,AKIEC,AKIEC
ISIC_1302258,IL_4748724,dermoscopic,Benign,NV,NV
ISIC_1306180,IL_5066256,clinical: close-up,Benign,BKL,BKL
ISIC_1307470,IL_4793144,dermoscopic,Malignant,BCC,BCC
ISIC_1310746,IL_9756229,dermoscopic,Malignant,BCC,BCC
ISIC_1311673,IL_9801115,clinical: close-up,Malignant,SCCKA,SCCKA
ISIC_1315894,IL_2291869,clinical: close-up,Benign,BKL,BKL
ISIC_1316170,IL_2163482,clinical: close-up,Malignant,BCC,BCC
ISIC_1316256,IL_4682786,clinical: close-up,Malignant,BCC,BCC
ISIC_1317686,IL_0932905,dermoscopic,Malignant,BCC,BCC
ISIC_1318325,IL_4358287,dermoscopic,Malignant,BCC,BCC
ISIC_1320525,IL_6259285,dermoscopic,Benign,BKL,BKL
ISIC_1320739,IL_0180498,clinical: close-up,Malignant,BCC,BCC
ISIC_1322016,IL_9579580,clinical: close-up,Malignant,MEL,MEL
ISIC_1322802,IL_9974051,dermoscopic,Malignant,BCC,BCC
ISIC_1323177,IL_3999656,dermoscopic,Benign,BKL,BKL
ISIC_1325383,IL_5118297,dermoscopic,Malignant,BCC,BCC
ISIC_1325809,IL_1799297,clinical: close-up,Malignant,MEL,MEL
ISIC_1326092,IL_8890453,dermoscopic,Benign,NV,NV
ISIC_1326309,IL_1351587,dermoscopic,Malignant,BCC,BCC
ISIC_1327315,IL_7514466,dermoscopic,Malignant,BCC,BCC
ISIC_1329019,IL_7070259,dermoscopic,Malignant,BCC,BCC
ISIC_1329438,IL_8644938,dermoscopic,Malignant,SCCKA,SCCKA
ISIC_1330625,IL_9035179,clinical: close-up,Indeterminate,AKIEC,AKIEC
ISIC_1330675,IL_7789479,clinical: close-up,Malignant,BCC,BCC
ISIC_1331527,IL_1848853,clinical: close-up,Malignant,MEL,MEL
ISIC_1332174,IL_2771122,clinical: close-up,Benign,BKL,BKL
ISIC_1334612,IL_1479283,clinical: close-up,Benign,NV,NV
ISIC_1335894,IL_3952993,dermoscopic,Malignant,BCC,BCC
ISIC_1338257,IL_2811473,clinical: close-up,Malignant,MEL,MEL
ISIC_1338973,IL_2134316,clinical: close-up,Malignant,BCC,BCC
ISIC_1339166,IL_3289221,clinical: close-up,Malignant,AKIEC,AKIEC
ISIC_1339797,IL_3327955,clinical: close-up,Benign,INF,INF
ISIC_1341677,IL_1993303,dermoscopic,Malignant,BCC,BCC
ISIC_1343499,IL_1833955,dermoscopic,Malignant,MEL,MEL
ISIC_1344355,IL_7708257,dermoscopic,Malignant,BCC,BCC
ISIC_1344587,IL_7148774,dermoscopic,Malignant,BCC,BCC
ISIC_1344833,IL_5399357,dermoscopic,Benign,BKL,BKL
ISIC_1345175,IL_3916438,clinical: close-up,Benign,NV,NV
ISIC_1346199,IL_2483019,clinical: close-up,Malignant,BCC,BCC
ISIC_1346867,IL_7760285,dermoscopic,Malignant,BCC,BCC
ISIC_1347581,IL_0030541,dermoscopic,Malignant,BCC,BCC
ISIC_1347975,IL_1178215,clinical: close-up,Benign,NV,NV
ISIC_1348618,IL_8073547,clinical: close-up,Benign,BKL,BKL
ISIC_1350578,IL_4182529,dermoscopic,Malignant,BCC,BCC
ISIC_1352448,IL_4384125,clinical: close-up,Malignant,BCC,BCC
ISIC_1353980,IL_1749163,clinical: close-up,Malignant,BCC,BCC
ISIC_1354875,IL_5328451,clinical: close-up,Malignant,MEL,MEL
ISIC_1355075,IL_5545955,clinical: close-up,Malignant,SCCKA,SCCKA
ISIC_1357348,IL_0758142,clinical: close-up,Malignant,BCC,BCC
ISIC_1359419,IL_7320172,clinical: close-up,Malignant,MEL,MEL
ISIC_1360383,IL_2012452,clinical: close-up,Benign,NV,NV
ISIC_1362408,IL_3968220,dermoscopic,Benign,NV,NV
ISIC_1364491,IL_2242136,clinical: close-up,Malignant,MEL,MEL
ISIC_1364908,IL_6888709,clinical: close-up,Malignant,BCC,BCC
ISIC_1365576,IL_4975498,dermoscopic,Benign,BKL,BKL
ISIC_1365903,IL_2247062,clinical: close-up,Benign,NV,NV
ISIC_1366649,IL_4436720,dermoscopic,Malignant,SCCKA,SCCKA
ISIC_1370640,IL_4177354,dermoscopic,Malignant,BCC,BCC
ISIC_1373525,IL_8449031,dermoscopic,Malignant,SCCKA,SCCKA
ISIC_1373637,IL_1277363,dermoscopic,Malignant,BCC,BCC
ISIC_1375082,IL_9439533,dermoscopic,Malignant,BCC,BCC
ISIC_1376355,IL_0743381,clinical: close-up,Malignant,BCC,BCC
ISIC_1376922,IL_2986546,clinical: close-up,Malignant,BCC,BCC
ISIC_1377073,IL_7581043,clinical: close-up,Benign,BEN_OTH,OTHER
ISIC_1379351,IL_1133754,dermoscopic,Malignant,BCC,BCC
ISIC_1382648,IL_5190686,dermoscopic,Malignant,SCCKA,SCCKA
ISIC_1385452,IL_3581501,dermoscopic,Malignant,BCC,BCC
ISIC_1385649,IL_5396627,clinical: close-up,Malignant,MEL,MEL
ISIC_1386079,IL_7199069,clinical: close-up,Malignant,BCC,BCC
ISIC_1386430,IL_3730515,dermoscopic,Malignant,BCC,BCC
ISIC_1386630,IL_1512724,clinical: close-up,Benign,NV,NV
ISIC_1389612,IL_7337548,clinical: close-up,Malignant,MEL,MEL
ISIC_1390589,IL_0462841,clinical: close-up,Malignant,BCC,BCC
ISIC_1393721,IL_5606298,dermoscopic,Benign,BKL,BKL
ISIC_1395572,IL_4149109,clinical: close-up,Malignant,BCC,BCC
ISIC_1396159,IL_9130306,dermoscopic,Benign,NV,NV
ISIC_1396973,IL_9067447,clinical: close-up,Malignant,AKIEC,AKIEC
ISIC_1398132,IL_1746833,dermoscopic,Malignant,BCC,BCC
ISIC_1398271,IL_8903764,clinical: close-up,Indeterminate,AKIEC,AKIEC
ISIC_1399132,IL_3663499,clinical: close-up,Malignant,BCC,BCC
ISIC_1403022,IL_5827688,clinical: close-up,Benign,BKL,BKL
ISIC_1405142,IL_6335975,clinical: close-up,Malignant,BCC,BCC
ISIC_1408695,IL_1030040,dermoscopic,Benign,NV,NV
ISIC_1409513,IL_6157521,clinical: close-up,Benign,BKL,BKL
ISIC_1411585,IL_7525754,clinical: close-up,Malignant,BCC,BCC
ISIC_1411639,IL_8186190,clinical: close-up,Malignant,BCC,BCC
ISIC_1414380,IL_4343472,dermoscopic,Malignant,BCC,BCC
ISIC_1416314,IL_8500465,dermoscopic,Malignant,BCC,BCC
ISIC_1417674,IL_9701930,dermoscopic,Malignant,BCC,BCC
ISIC_1419820,IL_5749341,dermoscopic,Benign,NV,NV
ISIC_1420953,IL_8053107,dermoscopic,Malignant,BCC,BCC
ISIC_1424240,IL_6900005,dermoscopic,Malignant,SCCKA,SCCKA
ISIC_1424339,IL_9086913,clinical: close-up,Malignant,SCCKA,SCCKA
ISIC_1424527,IL_3492716,dermoscopic,Malignant,BCC,BCC
ISIC_1424951,IL_7216660,clinical: close-up,Benign,NV,NV
ISIC_1424974,IL_2048772,dermoscopic,Malignant,BCC,BCC
ISIC_1425517,IL_2450651,clinical: close-up,Benign,BKL,BKL
ISIC_1427974,IL_6128899,dermoscopic,Malignant,BCC,BCC
ISIC_1428490,IL_2006449,dermoscopic,Malignant,BCC,BCC
ISIC_1428662,IL_8224521,clinical: close-up,Malignant,SCCKA,SCCKA
ISIC_1430481,IL_7216660,dermoscopic,Benign,NV,NV
ISIC_1432273,IL_1482319,clinical: close-up,Malignant,BCC,BCC
ISIC_1432476,IL_0172774,clinical: close-up,Benign,BKL,BKL
ISIC_1433868,IL_0633979,clinical: close-up,Malignant,BCC,BCC
ISIC_1435330,IL_5550587,clinical: close-up,Benign,NV,NV
ISIC_1435734,IL_2598820,clinical: close-up,Malignant,MEL,MEL
ISIC_1435977,IL_9980498,dermoscopic,Benign,BKL,BKL
ISIC_1441135,IL_4084018,clinical: close-up,Malignant,BCC,BCC
ISIC_1441997,IL_1804750,clinical: close-up,Indeterminate,AKIEC,AKIEC
ISIC_1445991,IL_2870960,clinical: close-up,Benign,NV,NV
ISIC_1446565,IL_4790851,dermoscopic,Indeterminate,AKIEC,AKIEC
ISIC_1447403,IL_6294894,clinical: close-up,Benign,NV,NV
ISIC_1447471,IL_4421569,clinical: close-up,Malignant,BCC,BCC
ISIC_1448927,IL_7987633,clinical: close-up,Malignant,BCC,BCC
ISIC_1453805,IL_2900528,dermoscopic,Malignant,BCC,BCC
ISIC_1455195,IL_0246907,clinical: close-up,Malignant,SCCKA,SCCKA
ISIC_1455660,IL_1658282,dermoscopic,Malignant,BCC,BCC
ISIC_1460132,IL_7052424,dermoscopic,Benign,NV,NV
ISIC_1460320,IL_4687032,dermoscopic,Malignant,BCC,BCC
ISIC_1460872,IL_8509050,dermoscopic,Malignant,BCC,BCC
ISIC_1462182,IL_5725663,dermoscopic,Malignant,SCCKA,SCCKA
ISIC_1462492,IL_1569644,dermoscopic,Malignant,BCC,BCC
ISIC_1462656,IL_5331190,clinical: close-up,Benign,BKL,BKL
ISIC_1464471,IL_2674026,dermoscopic,Malignant,BCC,BCC
ISIC_1465068,IL_4186953,dermoscopic,Malignant,SCCKA,SCCKA
ISIC_1468332,IL_3141578,dermoscopic,Benign,NV,NV
ISIC_1471558,IL_5113202,clinical: close-up,Malignant,BCC,BCC
ISIC_1472142,IL_0583192,dermoscopic,Malignant,AKIEC,AKIEC
ISIC_1472934,IL_3812964,dermoscopic,Benign,NV,NV
ISIC_1472958,IL_0336381,dermoscopic,Benign,NV,NV
ISIC_1476780,IL_4186726,clinical: close-up,Benign,NV,NV
ISIC_1476847,IL_7818452,clinical: close-up,Benign,NV,NV
ISIC_1476980,IL_4811840,clinical: close-up,Benign,NV,NV
ISIC_1477042,IL_7287548,dermoscopic,Malignant,BCC,BCC
ISIC_1477798,IL_9549484,dermoscopic,Malignant,BCC,BCC
ISIC_1480200,IL_6052286,dermoscopic,Benign,BKL,BKL
ISIC_1482437,IL_4463388,dermoscopic,Malignant,BCC,BCC
ISIC_1482636,IL_8063074,dermoscopic,Malignant,SCCKA,SCCKA
ISIC_1482756,IL_1625931,clinical: close-up,Malignant,BCC,BCC
ISIC_1484276,IL_3559372,dermoscopic,Malignant,BCC,BCC
ISIC_1484722,IL_6170194,dermoscopic,Malignant,BCC,BCC
ISIC_1485174,IL_1057278,dermoscopic,Malignant,BCC,BCC
ISIC_1485788,IL_5214298,dermoscopic,Malignant,SCCKA,SCCKA
ISIC_1487636,IL_1207845,clinical: close-up,Benign,VASC,VASC
ISIC_1490894,IL_2721473,dermoscopic,Malignant,MEL,MEL
ISIC_1490956,IL_9167025,dermoscopic,Malignant,BCC,BCC
ISIC_1491798,IL_8695505,dermoscopic,Benign,NV,NV
ISIC_1492834,IL_8835996,clinical: close-up,Benign,NV,NV
ISIC_1492844,IL_8626747,clinical: close-up,Benign,NV,NV
ISIC_1496714,IL_1572038,clinical: close-up,Malignant,AKIEC,AKIEC
ISIC_1496736,IL_3650991,clinical: close-up,Malignant,BCC,BCC
ISIC_1498519,IL_0008891,clinical: close-up,Benign,NV,NV
ISIC_1498924,IL_7728246,clinical: close-up,Benign,BKL,BKL
ISIC_1499717,IL_2495327,dermoscopic,Malignant,BCC,BCC
ISIC_1500076,IL_7466506,clinical: close-up,Malignant,BCC,BCC
ISIC_1500894,IL_9348044,clinical: close-up,Benign,BKL,BKL
ISIC_1502467,IL_2004753,dermoscopic,Malignant,BCC,BCC
ISIC_1503289,IL_8205824,clinical: close-up,Malignant,MEL,MEL
ISIC_1504106,IL_4463388,clinical: close-up,Malignant,BCC,BCC
ISIC_1504731,IL_2088463,clinical: close-up,Malignant,BCC,BCC
ISIC_1504993,IL_2315075,clinical: close-up,Malignant,BCC,BCC
ISIC_1505022,IL_3288060,dermoscopic,Malignant,BCC,BCC
ISIC_1505378,IL_2328480,dermoscopic,Malignant,BCC,BCC
ISIC_1506683,IL_7402756,clinical: close-up,Malignant,BCC,BCC
ISIC_1508418,IL_4343472,clinical: close-up,Malignant,BCC,BCC
ISIC_1512530,IL_0491604,dermoscopic,Malignant,SCCKA,SCCKA
ISIC_1517003,IL_2107598,dermoscopic,Benign,BKL,BKL
ISIC_1518748,IL_8326567,dermoscopic,Malignant,SCCKA,SCCKA
ISIC_1520820,IL_3160431,clinical: close-up,Benign,NV,NV
ISIC_1526527,IL_2048295,dermoscopic,Benign,NV,NV
ISIC_1528651,IL_6031338,dermoscopic,Malignant,BCC,BCC
ISIC_1529815,IL_1501227,clinical: close-up,Malignant,BCC,BCC
ISIC_1531730,IL_2689695,clinical: close-up,Malignant,BCC,BCC
ISIC_1532506,IL_0682550,dermoscopic,Benign,NV,NV
ISIC_1532756,IL_6475801,clinical: close-up,Malignant,BCC,BCC
ISIC_1533060,IL_5091814,clinical: close-up,Malignant,BCC,BCC
ISIC_1533241,IL_0867132,clinical: close-up,Malignant,SCCKA,SCCKA
ISIC_1534516,IL_8211957,clinical: close-up,Malignant,BCC,BCC
ISIC_1536379,IL_9950953,dermoscopic,Benign,BKL,BKL
ISIC_1536397,IL_0717553,dermoscopic,Benign,NV,NV
ISIC_1537765,IL_7309398,dermoscopic,Benign,NV,NV
ISIC_1537920,IL_0468810,clinical: close-up,Malignant,BCC,BCC
ISIC_1538266,IL_9233957,dermoscopic,Malignant,BCC,BCC
ISIC_1538553,IL_3770255,dermoscopic,Malignant,MEL,MEL
ISIC_1539068,IL_1397250,clinical: close-up,Malignant,BCC,BCC
ISIC_1541840,IL_3858300,dermoscopic,Benign,BKL,BKL
ISIC_1544622,IL_3935951,dermoscopic,Benign,NV,NV
ISIC_1545290,IL_3292594,dermoscopic,Benign,BKL,BKL
ISIC_1546433,IL_0710877,clinical: close-up,Malignant,BCC,BCC
ISIC_1547758,IL_9035810,clinical: close-up,Malignant,SCCKA,SCCKA
ISIC_1550198,IL_8434747,dermoscopic,Malignant,BCC,BCC
ISIC_1552276,IL_5857209,dermoscopic,Benign,NV,NV
ISIC_1556154,IL_5026579,dermoscopic,Malignant,SCCKA,SCCKA
ISIC_1556864,IL_7594910,dermoscopic,Malignant,BCC,BCC
ISIC_1557842,IL_1564314,clinical: close-up,Malignant,BCC,BCC
ISIC_1559307,IL_7309398,clinical: close-up,Benign,NV,NV
ISIC_1561841,IL_6361071,dermoscopic,Benign,BKL,BKL
ISIC_1564298,IL_7713960,dermoscopic,Malignant,BCC,BCC
ISIC_1567381,IL_1051456,dermoscopic,Malignant,BCC,BCC
ISIC_1568985,IL_5310899,clinical: close-up,Benign,BKL,BKL
ISIC_1569303,IL_6155109,clinical: close-up,Malignant,BCC,BCC
ISIC_1569850,IL_0478451,dermoscopic,Malignant,BCC,BCC
ISIC_1571470,IL_9822160,dermoscopic,Malignant,BCC,BCC
ISIC_1573011,IL_3228956,clinical: close-up,Malignant,BCC,BCC
ISIC_1574997,IL_5436207,dermoscopic,Malignant,BCC,BCC
ISIC_1575643,IL_1461373,clinical: close-up,Malignant,BCC,BCC
ISIC_1576697,IL_3634935,clinical: close-up,Benign,NV,NV
ISIC_1577177,IL_7070259,clinical: close-up,Malignant,BCC,BCC
ISIC_1579405,IL_2567516,dermoscopic,Benign,NV,NV
ISIC_1580971,IL_5941947,clinical: close-up,Malignant,MEL,MEL
ISIC_1582241,IL_6446380,dermoscopic,Benign,NV,NV
ISIC_1587160,IL_6834343,dermoscopic,Malignant,BCC,BCC
ISIC_1587418,IL_9775648,dermoscopic,Benign,NV,NV
ISIC_1590931,IL_9596120,dermoscopic,Benign,NV,NV
ISIC_1591432,IL_0525024,dermoscopic,Benign,NV,NV
ISIC_1592625,IL_5938594,clinical: close-up,Malignant,BCC,BCC
ISIC_1592988,IL_9702903,dermoscopic,Malignant,BCC,BCC
ISIC_1593018,IL_2759218,dermoscopic,Malignant,MEL,MEL
ISIC_1593041,IL_1900541,clinical: close-up,Malignant,BCC,BCC
ISIC_1593079,IL_5842148,clinical: close-up,Benign,NV,NV
ISIC_1594005,IL_2291153,dermoscopic,Malignant,BCC,BCC
ISIC_1594200,IL_7642375,clinical: close-up,Benign,VASC,VASC
ISIC_1594291,IL_3034019,dermoscopic,Malignant,BCC,BCC
ISIC_1595205,IL_3732143,dermoscopic,Malignant,BCC,BCC
ISIC_1595455,IL_1438394,dermoscopic,Malignant,BCC,BCC
ISIC_1597659,IL_7970033,dermoscopic,Benign,BKL,BKL
ISIC_1597752,IL_7363364,dermoscopic,Malignant,BCC,BCC
ISIC_1598653,IL_5945948,clinical: close-up,Malignant,SCCKA,SCCKA
ISIC_1598694,IL_9250980,clinical: close-up,Benign,DF,DF
ISIC_1600135,IL_3366376,dermoscopic,Benign,BKL,BKL
ISIC_1602215,IL_4692859,clinical: close-up,Malignant,BCC,BCC
ISIC_1602614,IL_9145163,dermoscopic,Malignant,BCC,BCC
ISIC_1603122,IL_5575063,dermoscopic,Benign,BKL,BKL
ISIC_1603737,IL_5124334,dermoscopic,Malignant,BCC,BCC
ISIC_1603958,IL_9439830,dermoscopic,Benign,INF,INF
ISIC_1604088,IL_7124552,dermoscopic,Benign,NV,NV
ISIC_1606234,IL_9130724,dermoscopic,Malignant,MEL,MEL
ISIC_1606726,IL_3305378,dermoscopic,Malignant,BCC,BCC
ISIC_1607224,IL_7252139,dermoscopic,Benign,BKL,BKL
ISIC_1609351,IL_0915251,dermoscopic,Benign,VASC,VASC
ISIC_1610798,IL_1036024,clinical: close-up,Malignant,BCC,BCC
ISIC_1612482,IL_5263349,dermoscopic,Benign,BKL,BKL
ISIC_1614480,IL_3170694,dermoscopic,Malignant,SCCKA,SCCKA
ISIC_1615543,IL_4375054,clinical: close-up,Malignant,SCCKA,SCCKA
ISIC_1616470,IL_3013731,dermoscopic,Malignant,AKIEC,AKIEC
ISIC_1617856,IL_5240464,clinical: close-up,Benign,BKL,BKL
ISIC_1618649,IL_0620338,clinical: close-up,Malignant,BCC,BCC
ISIC_1620077,IL_3092019,dermoscopic,Malignant,BCC,BCC
ISIC_1621625,IL_3492257,dermoscopic,Malignant,BCC,BCC
ISIC_1622952,IL_1418667,clinical: close-up,Indeterminate,AKIEC,AKIEC
ISIC_1623104,IL_8345128,dermoscopic,Malignant,BCC,BCC
ISIC_1623626,IL_7426204,clinical: close-up,Malignant,BCC,BCC
ISIC_1627498,IL_8491993,dermoscopic,Benign,VASC,VASC
ISIC_1630601,IL_8173383,clinical: close-up,Malignant,MEL,MEL
ISIC_1631620,IL_2888238,dermoscopic,Malignant,BCC,BCC
ISIC_1634592,IL_6172184,clinical: close-up,Indeterminate,AKIEC,AKIEC
ISIC_1636355,IL_7478637,dermoscopic,Benign,NV,NV
ISIC_1636685,IL_9013946,clinical: close-up,Malignant,MEL,MEL
ISIC_1637550,IL_3069610,clinical: close-up,Malignant,BCC,BCC
ISIC_1639468,IL_7616901,dermoscopic,Malignant,BCC,BCC
ISIC_1642723,IL_8822249,dermoscopic,Malignant,BCC,BCC
ISIC_1643848,IL_5835237,dermoscopic,Malignant,BCC,BCC
ISIC_1644500,IL_0075646,clinical: close-up,Malignant,BCC,BCC
ISIC_1644843,IL_7244140,clinical: close-up,Benign,NV,NV
ISIC_1645642,IL_3460639,clinical: close-up,Benign,BKL,BKL
ISIC_1646416,IL_5397664,dermoscopic,Malignant,BCC,BCC
ISIC_1647421,IL_3469370,dermoscopic,Malignant,SCCKA,SCCKA
ISIC_1647954,IL_5277754,clinical: close-up,Malignant,BCC,BCC
ISIC_1649393,IL_1758628,clinical: close-up,Benign,BKL,BKL
ISIC_1649481,IL_8854625,dermoscopic,Malignant,BCC,BCC
ISIC_1652809,IL_2471050,clinical: close-up,Malignant,BCC,BCC
ISIC_1653372,IL_7643911,dermoscopic,Malignant,BCC,BCC
ISIC_1653953,IL_1405890,dermoscopic,Malignant,MEL,MEL
ISIC_1655136,IL_3044887,dermoscopic,Benign,NV,NV
ISIC_1656295,IL_3154103,dermoscopic,Benign,NV,NV
ISIC_1656419,IL_3528206,clinical: close-up,Benign,INF,INF
ISIC_1657319,IL_3383125,dermoscopic,Malignant,BCC,BCC
ISIC_1657968,IL_6455280,clinical: close-up,Malignant,BCC,BCC
ISIC_1658137,IL_8863823,dermoscopic,Malignant,BCC,BCC
ISIC_1658514,IL_8419591,clinical: close-up,Malignant,BCC,BCC
ISIC_1659815,IL_8280517,clinical: close-up,Malignant,BCC,BCC
ISIC_1660154,IL_0019655,clinical: close-up,Malignant,MEL,MEL
ISIC_1660394,IL_0115590,clinical: close-up,Malignant,BCC,BCC
ISIC_1662993,IL_6491893,clinical: close-up,Malignant,BCC,BCC
ISIC_1663532,IL_7631753,dermoscopic,Malignant,BCC,BCC
ISIC_1664514,IL_8821899,dermoscopic,Malignant,BCC,BCC
ISIC_1665727,IL_6598167,dermoscopic,Malignant,MAL_OTH,OTHER
ISIC_1666328,IL_4935428,dermoscopic,Indeterminate,AKIEC,AKIEC
ISIC_1666674,IL_0192026,clinical: close-up,Malignant,MEL,MEL
ISIC_1668550,IL_5384456,dermoscopic,Malignant,BCC,BCC
ISIC_1670166,IL_5499388,dermoscopic,Malignant,BCC,BCC
ISIC_1673396,IL_0485034,dermoscopic,Benign,INF,INF
ISIC_1675235,IL_0199225,dermoscopic,Malignant,BCC,BCC
ISIC_1675475,IL_4609448,dermoscopic,Malignant,BCC,BCC
ISIC_1675975,IL_5366190,dermoscopic,Malignant,MEL,MEL
ISIC_1677408,IL_0853673,clinical: close-up,Malignant,BCC,BCC
ISIC_1679185,IL_9833477,clinical: close-up,Malignant,BCC,BCC
ISIC_1679242,IL_3721335,clinical: close-up,Benign,VASC,VASC
ISIC_1681382,IL_0976725,dermoscopic,Benign,BKL,BKL
ISIC_1683911,IL_3183232,dermoscopic,Malignant,BCC,BCC
ISIC_1683950,IL_2150976,dermoscopic,Benign,BEN_OTH,OTHER
ISIC_1684388,IL_0508901,clinical: close-up,Benign,BKL,BKL
ISIC_1685767,IL_2527689,dermoscopic,Malignant,BCC,BCC
ISIC_1686930,IL_2495796,clinical: close-up,Malignant,BCC,BCC
ISIC_1688152,IL_9588769,clinical: close-up,Malignant,SCCKA,SCCKA
ISIC_1689523,IL_1858396,dermoscopic,Benign,NV,NV
ISIC_1690729,IL_8459572,clinical: close-up,Malignant,BCC,BCC
ISIC_1692214,IL_1927976,dermoscopic,Benign,BKL,BKL
ISIC_1695711,IL_5930295,dermoscopic,Malignant,BCC,BCC
ISIC_1698570,IL_9767273,clinical: close-up,Malignant,BCC,BCC
ISIC_1699010,IL_0466626,dermoscopic,Benign,NV,NV
ISIC_1700566,IL_7487058,clinical: close-up,Malignant,BCC,BCC
ISIC_1700723,IL_3884905,clinical: close-up,Benign,DF,DF
ISIC_1700871,IL_3517038,dermoscopic,Benign,BKL,BKL
ISIC_1701846,IL_3236143,dermoscopic,Malignant,BCC,BCC
ISIC_1701968,IL_4107565,dermoscopic,Malignant,BCC,BCC
ISIC_1706772,IL_6060589,clinical: close-up,Malignant,BCC,BCC
ISIC_1708907,IL_1858842,dermoscopic,Benign,VASC,VASC
ISIC_1710948,IL_3787537,clinical: close-up,Malignant,BCC,BCC
ISIC_1711017,IL_7353062,clinical: close-up,Benign,BKL,BKL
ISIC_1711494,IL_1538395,clinical: close-up,Malignant,SCCKA,SCCKA
ISIC_1714056,IL_2218381,clinical: close-up,Malignant,BCC,BCC
ISIC_1714093,IL_6093082,clinical: close-up,Malignant,BCC,BCC
ISIC_1714713,IL_6480673,clinical: close-up,Benign,NV,NV
ISIC_1714879,IL_5543989,dermoscopic,Malignant,BCC,BCC
ISIC_1715773,IL_9109267,dermoscopic,Benign,NV,NV
ISIC_1716731,IL_8066484,dermoscopic,Malignant,BCC,BCC
ISIC_1718501,IL_4155975,dermoscopic,Malignant,BCC,BCC
ISIC_1718630,IL_0201884,dermoscopic,Benign,BKL,BKL
ISIC_1718779,IL_2751796,dermoscopic,Malignant,BCC,BCC
ISIC_1720500,IL_2534024,dermoscopic,Malignant,BCC,BCC
ISIC_1720538,IL_6217582,dermoscopic,Malignant,SCCKA,SCCKA
ISIC_1721377,IL_5441408,clinical: close-up,Malignant,BCC,BCC
ISIC_1721507,IL_2338679,dermoscopic,Malignant,BCC,BCC
ISIC_1721747,IL_8822249,clinical: close-up,Malignant,BCC,BCC
ISIC_1722763,IL_7660724,clinical: close-up,Malignant,BCC,BCC
ISIC_1727258,IL_5614486,clinical: close-up,Malignant,BCC,BCC
ISIC_1727539,IL_5419004,clinical: close-up,Malignant,SCCKA,SCCKA
ISIC_1727938,IL_0967073,clinical: close-up,Malignant,SCCKA,SCCKA
ISIC_1729396,IL_0752303,dermoscopic,Malignant,MEL,MEL
ISIC_1733540,IL_6528772,clinical: close-up,Benign,NV,NV
ISIC_1734487,IL_0211480,dermoscopic,Malignant,BCC,BCC
ISIC_1738259,IL_4132996,clinical: close-up,Malignant,MEL,MEL
ISIC_1738383,IL_7565291,dermoscopic,Malignant,BCC,BCC
ISIC_1738482,IL_9727677,clinical: close-up,Benign,NV,NV
ISIC_1739633,IL_3847585,dermoscopic,Benign,BKL,BKL
ISIC_1739775,IL_2707922,clinical: close-up,Malignant,SCCKA,SCCKA
ISIC_1740662,IL_0809191,clinical: close-up,Benign,NV,NV
ISIC_1740962,IL_1030535,dermoscopic,Malignant,BCC,BCC
ISIC_1741107,IL_2012452,dermoscopic,Benign,NV,NV
ISIC_1741197,IL_0898594,dermoscopic,Malignant,BCC,BCC
ISIC_1741453,IL_5533204,dermoscopic,Malignant,BCC,BCC
ISIC_1741885,IL_4068514,clinical: close-up,Malignant,BCC,BCC
ISIC_1747657,IL_0368835,clinical: close-up,Benign,BKL,BKL
ISIC_1748084,IL_4528445,dermoscopic,Malignant,MEL,MEL
ISIC_1749046,IL_8788883,dermoscopic,Benign,BKL,BKL
ISIC_1749634,IL_7951071,clinical: close-up,Benign,BKL,BKL
ISIC_1751483,IL_6793597,clinical: close-up,Malignant,BCC,BCC
ISIC_1753112,IL_8578812,clinical: close-up,Malignant,AKIEC,AKIEC
ISIC_1753599,IL_6236280,dermoscopic,Benign,BKL,BKL
ISIC_1756486,IL_2379441,dermoscopic,Benign,NV,NV
ISIC_1757189,IL_2735586,dermoscopic,Benign,BKL,BKL
ISIC_1757520,IL_1403088,clinical: close-up,Malignant,BCC,BCC
ISIC_1759311,IL_4339655,dermoscopic,Malignant,BCC,BCC
ISIC_1761597,IL_0533923,dermoscopic,Malignant,BCC,BCC
ISIC_1762147,IL_8366708,dermoscopic,Malignant,MEL,MEL
ISIC_1763722,IL_6170194,clinical: close-up,Malignant,BCC,BCC
ISIC_1763947,IL_1087504,dermoscopic,Benign,NV,NV
ISIC_1764656,IL_7444227,dermoscopic,Indeterminate,AKIEC,AKIEC
ISIC_1770277,IL_9171073,dermoscopic,Malignant,BCC,BCC
ISIC_1771077,IL_5513291,clinical: close-up,Benign,BKL,BKL
ISIC_1772212,IL_8058935,clinical: close-up,Malignant,SCCKA,SCCKA
ISIC_1772876,IL_3529171,clinical: close-up,Malignant,SCCKA,SCCKA
ISIC_1773412,IL_3278541,clinical: close-up,Malignant,BCC,BCC
ISIC_1774371,IL_5767772,dermoscopic,Malignant,SCCKA,SCCKA
ISIC_1780120,IL_9685244,clinical: close-up,Benign,BKL,BKL
ISIC_1780213,IL_4478741,dermoscopic,Malignant,BCC,BCC
ISIC_1789556,IL_5293525,dermoscopic,Benign,NV,NV
ISIC_1792162,IL_9563257,clinical: close-up,Benign,DF,DF
ISIC_1793316,IL_6130939,dermoscopic,Malignant,BCC,BCC
ISIC_1794713,IL_9485180,dermoscopic,Malignant,BCC,BCC
ISIC_1795097,IL_1332909,dermoscopic,Malignant,AKIEC,AKIEC
ISIC_1797900,IL_9276974,dermoscopic,Malignant,BCC,BCC
ISIC_1798918,IL_4907068,clinical: close-up,Malignant,BCC,BCC
ISIC_1799338,IL_0281880,dermoscopic,Malignant,BCC,BCC
ISIC_1799713,IL_6316014,clinical: close-up,Benign,NV,NV
ISIC_1800713,IL_4419075,dermoscopic,Malignant,BCC,BCC
ISIC_1801591,IL_5941947,dermoscopic,Malignant,MEL,MEL
ISIC_1801884,IL_7292405,clinical: close-up,Malignant,SCCKA,SCCKA
ISIC_1805429,IL_9372364,dermoscopic,Benign,BKL,BKL
ISIC_1806435,IL_4392896,dermoscopic,Benign,BKL,BKL
ISIC_1807060,IL_4597676,dermoscopic,Malignant,BCC,BCC
ISIC_1807722,IL_6528074,clinical: close-up,Malignant,BCC,BCC
ISIC_1808755,IL_2086126,clinical: close-up,Malignant,BCC,BCC
ISIC_1810342,IL_5764702,dermoscopic,Malignant,BCC,BCC
ISIC_1812439,IL_0246803,clinical: close-up,Malignant,BCC,BCC
ISIC_1813785,IL_5358454,dermoscopic,Benign,NV,NV
ISIC_1814482,IL_7711358,dermoscopic,Malignant,BCC,BCC
ISIC_1815891,IL_0793440,dermoscopic,Benign,NV,NV
ISIC_1816373,IL_6393751,dermoscopic,Benign,NV,NV
ISIC_1816648,IL_6037224,clinical: close-up,Malignant,BCC,BCC
ISIC_1816917,IL_8188380,dermoscopic,Malignant,BCC,BCC
ISIC_1816990,IL_0786469,clinical: close-up,Benign,NV,NV
ISIC_1817453,IL_1418511,dermoscopic,Benign,NV,NV
ISIC_1817508,IL_6727928,dermoscopic,Malignant,AKIEC,AKIEC
ISIC_1818006,IL_9421903,dermoscopic,Malignant,MEL,MEL
ISIC_1818377,IL_5513291,dermoscopic,Benign,BKL,BKL
ISIC_1821539,IL_1569334,dermoscopic,Benign,NV,NV
ISIC_1822355,IL_5236247,dermoscopic,Benign,BKL,BKL
ISIC_1823276,IL_1001591,clinical: close-up,Malignant,MEL,MEL
ISIC_1825802,IL_9604741,clinical: close-up,Malignant,BCC,BCC
ISIC_1826131,IL_1888715,clinical: close-up,Benign,BKL,BKL
ISIC_1826258,IL_9513930,clinical: close-up,Malignant,AKIEC,AKIEC
ISIC_1826564,IL_1557433,dermoscopic,Malignant,BCC,BCC
ISIC_1828288,IL_0233778,clinical: close-up,Malignant,BCC,BCC
ISIC_1828351,IL_9482395,dermoscopic,Malignant,MEL,MEL
ISIC_1828562,IL_6528772,dermoscopic,Benign,NV,NV
ISIC_1830722,IL_3800728,dermoscopic,Malignant,BCC,BCC
ISIC_1830925,IL_9998211,clinical: close-up,Benign,NV,NV
ISIC_1831934,IL_6655417,dermoscopic,Benign,NV,NV
ISIC_1831940,IL_0485034,clinical: close-up,Benign,INF,INF
ISIC_1832787,IL_2869334,dermoscopic,Benign,BKL,BKL
ISIC_1833069,IL_5434909,dermoscopic,Malignant,BCC,BCC
ISIC_1833277,IL_2450142,clinical: close-up,Malignant,MEL,MEL
ISIC_1837879,IL_5570821,dermoscopic,Malignant,SCCKA,SCCKA
ISIC_1844015,IL_2760690,dermoscopic,Malignant,BCC,BCC
ISIC_1844080,IL_4376173,clinical: close-up,Benign,NV,NV
ISIC_1844525,IL_7923672,clinical: close-up,Malignant,MEL,MEL
ISIC_1844559,IL_5568661,dermoscopic,Malignant,BCC,BCC
ISIC_1845537,IL_5601227,dermoscopic,Malignant,BCC,BCC
ISIC_1845922,IL_8984570,dermoscopic,Malignant,MEL,MEL
ISIC_1849076,IL_5844745,clinical: close-up,Malignant,MEL,MEL
ISIC_1849199,IL_9516573,clinical: close-up,Malignant,MEL,MEL
ISIC_1853511,IL_4677643,clinical: close-up,Malignant,BCC,BCC
ISIC_1855151,IL_7465840,dermoscopic,Malignant,BCC,BCC
ISIC_1858368,IL_6135781,clinical: close-up,Malignant,BCC,BCC
ISIC_1858790,IL_0819034,clinical: close-up,Malignant,MEL,MEL
ISIC_1859626,IL_1077349,dermoscopic,Benign,NV,NV
ISIC_1860202,IL_8423250,dermoscopic,Malignant,AKIEC,AKIEC
ISIC_1860926,IL_6381274,clinical: close-up,Malignant,BCC,BCC
ISIC_1861788,IL_8717569,dermoscopic,Benign,NV,NV
ISIC_1862003,IL_6234937,clinical: close-up,Malignant,BCC,BCC
ISIC_1862304,IL_9402270,clinical: close-up,Indeterminate,AKIEC,AKIEC
ISIC_1862412,IL_9523157,clinical: close-up,Malignant,BCC,BCC
ISIC_1863906,IL_5621754,clinical: close-up,Benign,BKL,BKL
ISIC_1866476,IL_4355798,dermoscopic,Malignant,BCC,BCC
ISIC_1868456,IL_6952283,clinical: close-up,Malignant,BCC,BCC
ISIC_1869252,IL_7331633,clinical: close-up,Benign,INF,INF
ISIC_1874410,IL_0039324,dermoscopic,Malignant,BCC,BCC
ISIC_1877271,IL_9803330,clinical: close-up,Malignant,MEL,MEL
ISIC_1881240,IL_9249618,dermoscopic,Benign,NV,NV
ISIC_1883913,IL_3566377,clinical: close-up,Benign,BKL,BKL
ISIC_1884126,IL_8212367,dermoscopic,Malignant,SCCKA,SCCKA
ISIC_1884813,IL_5611087,clinical: close-up,Malignant,SCCKA,SCCKA
ISIC_1886909,IL_6550593,clinical: close-up,Malignant,BCC,BCC
ISIC_1887239,IL_1879101,dermoscopic,Indeterminate,AKIEC,AKIEC
ISIC_1887299,IL_9307518,dermoscopic,Malignant,MEL,MEL
ISIC_1888829,IL_3395310,clinical: close-up,Malignant,BCC,BCC
ISIC_1889858,IL_0076383,clinical: close-up,Benign,BKL,BKL
ISIC_1890330,IL_0710738,dermoscopic,Malignant,BCC,BCC
ISIC_1890998,IL_5369308,dermoscopic,Benign,BKL,BKL
ISIC_1892349,IL_9025368,dermoscopic,Malignant,AKIEC,AKIEC
ISIC_1894633,IL_8266229,dermoscopic,Benign,BKL,BKL
ISIC_1895014,IL_1049569,clinical: close-up,Malignant,BCC,BCC
ISIC_1895300,IL_4188654,clinical: close-up,Malignant,BCC,BCC
ISIC_1895471,IL_0416544,dermoscopic,Benign,NV,NV
ISIC_1897052,IL_2987017,dermoscopic,Malignant,BCC,BCC
ISIC_1897373,IL_4930300,clinical: close-up,Malignant,AKIEC,AKIEC
ISIC_1897923,IL_2968556,dermoscopic,Malignant,AKIEC,AKIEC
ISIC_1899709,IL_2541447,clinical: close-up,Malignant,BCC,BCC
ISIC_1900694,IL_5010876,clinical: close-up,Malignant,AKIEC,AKIEC
ISIC_1901212,IL_3758218,dermoscopic,Malignant,BCC,BCC
ISIC_1902287,IL_1407853,clinical: close-up,Benign,NV,NV
ISIC_1903516,IL_4873661,dermoscopic,Malignant,BCC,BCC
ISIC_1904660,IL_2291194,clinical: close-up,Benign,BKL,BKL
ISIC_1904822,IL_4022270,clinical: close-up,Malignant,BCC,BCC
ISIC_1906798,IL_2082500,dermoscopic,Malignant,BCC,BCC
ISIC_1906835,IL_5947209,dermoscopic,Malignant,BCC,BCC
ISIC_1907930,IL_7552971,clinical: close-up,Malignant,BCC,BCC
ISIC_1909122,IL_4836988,clinical: close-up,Benign,BKL,BKL
ISIC_1915189,IL_3334554,clinical: close-up,Malignant,MEL,MEL
ISIC_1916169,IL_3323231,dermoscopic,Malignant,MEL,MEL
ISIC_1916171,IL_1222046,clinical: close-up,Benign,BEN_OTH,OTHER
ISIC_1916468,IL_5246616,clinical: close-up,Malignant,BCC,BCC
ISIC_1917329,IL_7060630,dermoscopic,Malignant,AKIEC,AKIEC
ISIC_1919712,IL_2791717,clinical: close-up,Benign,NV,NV
ISIC_1922750,IL_8876337,clinical: close-up,Malignant,BCC,BCC
ISIC_1923268,IL_6312723,clinical: close-up,Malignant,BCC,BCC
ISIC_1923944,IL_5835237,clinical: close-up,Malignant,BCC,BCC
ISIC_1926542,IL_4383130,clinical: close-up,Malignant,BCC,BCC
ISIC_1926555,IL_2717072,dermoscopic,Indeterminate,AKIEC,AKIEC
ISIC_1929529,IL_2860298,dermoscopic,Malignant,BCC,BCC
ISIC_1932617,IL_1928434,clinical: close-up,Malignant,BCC,BCC
ISIC_1932860,IL_3930642,clinical: close-up,Malignant,BCC,BCC
ISIC_1933691,IL_2517543,clinical: close-up,Malignant,MEL,MEL
ISIC_1936494,IL_8713171,clinical: close-up,Malignant,BCC,BCC
ISIC_1938725,IL_2251531,clinical: close-up,Malignant,BCC,BCC
ISIC_1938835,IL_9592842,dermoscopic,Malignant,BCC,BCC
ISIC_1940214,IL_3157570,dermoscopic,Malignant,BCC,BCC
ISIC_1942943,IL_6834280,clinical: close-up,Malignant,BCC,BCC
ISIC_1943368,IL_5066436,clinical: close-up,Benign,BKL,BKL
ISIC_1947192,IL_4580726,dermoscopic,Malignant,BCC,BCC
ISIC_1947250,IL_1272170,clinical: close-up,Malignant,BCC,BCC
ISIC_1948728,IL_2875964,dermoscopic,Malignant,BCC,BCC
ISIC_1949643,IL_6226671,dermoscopic,Malignant,BCC,BCC
ISIC_1950997,IL_6122240,dermoscopic,Malignant,MEL,MEL
ISIC_1951029,IL_4504352,clinical: close-up,Malignant,BCC,BCC
ISIC_1952689,IL_5974480,clinical: close-up,Malignant,BCC,BCC
ISIC_1953687,IL_9166161,dermoscopic,Benign,NV,NV
ISIC_1954450,IL_0247404,dermoscopic,Benign,BKL,BKL
ISIC_1955962,IL_8711548,dermoscopic,Benign,BKL,BKL
ISIC_1957687,IL_5795574,clinical: close-up,Indeterminate,AKIEC,AKIEC
ISIC_1958596,IL_3754821,clinical: close-up,Malignant,SCCKA,SCCKA
ISIC_1958859,IL_3472941,dermoscopic,Benign,NV,NV
ISIC_1958975,IL_2994581,clinical: close-up,Malignant,BCC,BCC
ISIC_1960660,IL_3239005,dermoscopic,Malignant,SCCKA,SCCKA
ISIC_1961429,IL_1404405,clinical: close-up,Malignant,BCC,BCC
ISIC_1961823,IL_4793144,clinical: close-up,Malignant,BCC,BCC
ISIC_1963504,IL_1020269,clinical: close-up,Malignant,BCC,BCC
ISIC_1964200,IL_2463656,dermoscopic,Benign,NV,NV
ISIC_1966383,IL_1623659,dermoscopic,Malignant,BCC,BCC
ISIC_1967763,IL_7443254,clinical: close-up,Malignant,BCC,BCC
ISIC_1967830,IL_8684310,dermoscopic,Malignant,BCC,BCC
ISIC_1970255,IL_5900922,dermoscopic,Benign,NV,NV
ISIC_1970706,IL_2191352,dermoscopic,Benign,NV,NV
ISIC_1971219,IL_5111360,clinical: close-up,Malignant,BCC,BCC
ISIC_1972798,IL_2103836,dermoscopic,Benign,DF,DF
ISIC_1973292,IL_4358287,clinical: close-up,Malignant,BCC,BCC
ISIC_1974672,IL_5570821,clinical: close-up,Malignant,SCCKA,SCCKA
ISIC_1975493,IL_5364127,dermoscopic,Benign,BKL,BKL
ISIC_1979828,IL_9364222,clinical: close-up,Malignant,BCC,BCC
ISIC_1982635,IL_0820798,dermoscopic,Malignant,AKIEC,AKIEC
ISIC_1983761,IL_8660536,dermoscopic,Benign,BKL,BKL
ISIC_1984602,IL_7204368,dermoscopic,Malignant,BCC,BCC
ISIC_1985350,IL_4873661,clinical: close-up,Malignant,BCC,BCC
ISIC_1986655,IL_8625871,dermoscopic,Malignant,BCC,BCC
ISIC_1987185,IL_1002499,dermoscopic,Benign,BKL,BKL
ISIC_1989317,IL_0702204,clinical: close-up,Benign,BEN_OTH,OTHER
ISIC_1990181,IL_1133754,clinical: close-up,Malignant,BCC,BCC
ISIC_1990401,IL_5384329,clinical: close-up,Malignant,BCC,BCC
ISIC_1990622,IL_6152356,dermoscopic,Malignant,AKIEC,AKIEC
ISIC_1991989,IL_6506756,dermoscopic,Benign,NV,NV
ISIC_1992759,IL_6035276,dermoscopic,Malignant,BCC,BCC
ISIC_1992999,IL_5534064,clinical: close-up,Benign,NV,NV
ISIC_1993005,IL_2755803,dermoscopic,Malignant,BCC,BCC
ISIC_1994938,IL_4668896,clinical: close-up,Malignant,BCC,BCC
ISIC_1996268,IL_5600470,clinical: close-up,Benign,BKL,BKL
ISIC_1997951,IL_7657501,dermoscopic,Malignant,BCC,BCC
ISIC_1998166,IL_1900541,dermoscopic,Malignant,BCC,BCC
ISIC_1999040,IL_7652961,clinical: close-up,Malignant,BCC,BCC
ISIC_1999632,IL_6654419,dermoscopic,Malignant,AKIEC,AKIEC
ISIC_1999829,IL_5092028,dermoscopic,Malignant,AKIEC,AKIEC
ISIC_2000821,IL_3682570,dermoscopic,Benign,NV,NV
ISIC_2001011,IL_3907466,clinical: close-up,Malignant,BCC,BCC
ISIC_2005939,IL_7719893,clinical: close-up,Malignant,BCC,BCC
ISIC_2006744,IL_8578513,clinical: close-up,Malignant,BCC,BCC
ISIC_2006791,IL_7270407,clinical: close-up,Malignant,BCC,BCC
ISIC_2011159,IL_4571901,dermoscopic,Malignant,BCC,BCC
ISIC_2011736,IL_2900528,clinical: close-up,Malignant,BCC,BCC
ISIC_2013192,IL_2590916,dermoscopic,Malignant,BCC,BCC
ISIC_2013889,IL_3732140,clinical: close-up,Malignant,BCC,BCC
ISIC_2014762,IL_5391929,clinical: close-up,Malignant,BCC,BCC
ISIC_2014865,IL_6439153,dermoscopic,Malignant,BCC,BCC
ISIC_2015391,IL_4180169,clinical: close-up,Benign,BKL,BKL
ISIC_2015432,IL_9926530,clinical: close-up,Benign,NV,NV
ISIC_2020122,IL_7319157,dermoscopic,Malignant,BCC,BCC
ISIC_2020398,IL_5753278,dermoscopic,Malignant,BCC,BCC
ISIC_2020975,IL_4504352,dermoscopic,Malignant,BCC,BCC
ISIC_2021070,IL_6138895,dermoscopic,Malignant,BCC,BCC
ISIC_2021937,IL_5818163,clinical: close-up,Malignant,AKIEC,AKIEC
ISIC_2022315,IL_3931647,dermoscopic,Benign,BKL,BKL
ISIC_2022573,IL_7126907,clinical: close-up,Malignant,BCC,BCC
ISIC_2023313,IL_5358765,dermoscopic,Malignant,BCC,BCC
ISIC_2024217,IL_5153554,dermoscopic,Malignant,BCC,BCC
ISIC_2025072,IL_3531098,clinical: close-up,Malignant,SCCKA,SCCKA
ISIC_2025477,IL_4954108,clinical: close-up,Benign,NV,NV
ISIC_2025971,IL_6525739,dermoscopic,Malignant,BCC,BCC
ISIC_2026805,IL_3147043,clinical: close-up,Malignant,MEL,MEL
ISIC_2026823,IL_1732835,clinical: close-up,Malignant,SCCKA,SCCKA
ISIC_2030005,IL_9843383,dermoscopic,Benign,NV,NV
ISIC_2030190,IL_8711548,clinical: close-up,Benign,BKL,BKL
ISIC_2031186,IL_8169516,clinical: close-up,Benign,BEN_OTH,OTHER
ISIC_2031349,IL_5557985,dermoscopic,Benign,NV,NV
ISIC_2033119,IL_8511602,clinical: close-up,Benign,BEN_OTH,OTHER
ISIC_2033309,IL_1647212,clinical: close-up,Malignant,BCC,BCC
ISIC_2035169,IL_6954282,dermoscopic,Malignant,BCC,BCC
ISIC_2036187,IL_1655178,clinical: close-up,Malignant,BCC,BCC
ISIC_2036689,IL_1815141,dermoscopic,Benign,NV,NV
ISIC_2039556,IL_6907035,dermoscopic,Indeterminate,AKIEC,AKIEC
ISIC_2041668,IL_3339470,clinical: close-up,Malignant,BCC,BCC
ISIC_2046323,IL_8642808,dermoscopic,Malignant,BCC,BCC
ISIC_2049002,IL_5260419,dermoscopic,Malignant,SCCKA,SCCKA
ISIC_2049806,IL_9349651,dermoscopic,Malignant,BCC,BCC
ISIC_2052135,IL_1423650,clinical: close-up,Benign,BKL,BKL
ISIC_2054135,IL_9471694,dermoscopic,Malignant,BCC,BCC
ISIC_2055021,IL_4805155,clinical: close-up,Benign,NV,NV
ISIC_2057570,IL_4194346,clinical: close-up,Malignant,BCC,BCC
ISIC_2059259,IL_9589211,dermoscopic,Benign,BKL,BKL
ISIC_2060638,IL_2484689,clinical: close-up,Benign,BKL,BKL
ISIC_2061756,IL_3686069,dermoscopic,Benign,NV,NV
ISIC_2062148,IL_7288279,dermoscopic,Malignant,BCC,BCC
ISIC_2062505,IL_2504779,dermoscopic,Benign,NV,NV
ISIC_2062545,IL_7071169,clinical: close-up,Indeterminate,AKIEC,AKIEC
ISIC_2068038,IL_5120662,dermoscopic,Malignant,BCC,BCC
ISIC_2075270,IL_0478120,clinical: close-up,Malignant,SCCKA,SCCKA
ISIC_2076601,IL_0106759,clinical: close-up,Benign,DF,DF
ISIC_2078396,IL_7982097,dermoscopic,Malignant,BCC,BCC
ISIC_2078548,IL_6352685,clinical: close-up,Malignant,BCC,BCC
ISIC_2078663,IL_9084119,clinical: close-up,Benign,NV,NV
ISIC_2080317,IL_7943940,clinical: close-up,Malignant,BCC,BCC
ISIC_2080755,IL_0205551,dermoscopic,Malignant,BCC,BCC
ISIC_2083558,IL_6144791,clinical: close-up,Malignant,BCC,BCC
ISIC_2083813,IL_2797829,clinical: close-up,Benign,BKL,BKL
ISIC_2084154,IL_5023109,dermoscopic,Malignant,BCC,BCC
ISIC_2084190,IL_6338408,dermoscopic,Malignant,BCC,BCC
ISIC_2084498,IL_0087252,clinical: close-up,Benign,BKL,BKL
ISIC_2087207,IL_6135781,dermoscopic,Malignant,BCC,BCC
ISIC_2087722,IL_9264602,dermoscopic,Malignant,SCCKA,SCCKA
ISIC_2088161,IL_1169182,clinical: close-up,Malignant,BCC,BCC
ISIC_2088540,IL_3237613,dermoscopic,Benign,INF,INF
ISIC_2090799,IL_0987624,dermoscopic,Malignant,BCC,BCC
ISIC_2090929,IL_4470686,dermoscopic,Benign,NV,NV
ISIC_2091010,IL_0772122,clinical: close-up,Benign,BKL,BKL
ISIC_2091809,IL_9313120,clinical: close-up,Malignant,BCC,BCC
ISIC_2094021,IL_1625931,dermoscopic,Malignant,BCC,BCC
ISIC_2094159,IL_7974648,clinical: close-up,Benign,NV,NV
ISIC_2094944,IL_2484689,dermoscopic,Benign,BKL,BKL
ISIC_2097701,IL_5114359,dermoscopic,Malignant,SCCKA,SCCKA
ISIC_2099638,IL_6845657,clinical: close-up,Malignant,BCC,BCC
ISIC_2100652,IL_4354800,dermoscopic,Benign,NV,NV
ISIC_2100757,IL_1263439,dermoscopic,Benign,NV,NV
ISIC_2102002,IL_1778367,dermoscopic,Malignant,BCC,BCC
ISIC_2105399,IL_0336381,clinical: close-up,Benign,NV,NV
ISIC_2106139,IL_5930437,dermoscopic,Benign,NV,NV
ISIC_2106664,IL_6312723,dermoscopic,Malignant,BCC,BCC
ISIC_2106983,IL_4305709,dermoscopic,Benign,NV,NV
ISIC_2110451,IL_6481233,dermoscopic,Benign,BKL,BKL
ISIC_2114322,IL_7072256,clinical: close-up,Indeterminate,AKIEC,AKIEC
ISIC_2116783,IL_1608050,dermoscopic,Malignant,BCC,BCC
ISIC_2118149,IL_2989326,clinical: close-up,Malignant,MEL,MEL
ISIC_2118620,IL_0550618,dermoscopic,Malignant,BCC,BCC
ISIC_2118898,IL_8057179,clinical: close-up,Malignant,SCCKA,SCCKA
ISIC_2119936,IL_2317693,dermoscopic,Benign,NV,NV
ISIC_2121573,IL_8675438,clinical: close-up,Malignant,BCC,BCC
ISIC_2122406,IL_6481536,clinical: close-up,Benign,NV,NV
ISIC_2122704,IL_6953253,dermoscopic,Benign,BKL,BKL
ISIC_2122841,IL_5766493,dermoscopic,Malignant,BCC,BCC
ISIC_2124339,IL_5023109,clinical: close-up,Malignant,BCC,BCC
ISIC_2126637,IL_7488705,dermoscopic,Malignant,MAL_OTH,OTHER
ISIC_2127883,IL_9758278,dermoscopic,Malignant,BCC,BCC
ISIC_2128019,IL_9385086,dermoscopic,Benign,NV,NV
ISIC_2128070,IL_5451589,dermoscopic,Malignant,SCCKA,SCCKA
ISIC_2129613,IL_2257224,dermoscopic,Indeterminate,AKIEC,AKIEC
ISIC_2133291,IL_8657794,clinical: close-up,Malignant,SCCKA,SCCKA
ISIC_2134211,IL_9072038,dermoscopic,Malignant,BCC,BCC
ISIC_2134793,IL_7965758,clinical: close-up,Malignant,BCC,BCC
ISIC_2137894,IL_2651247,clinical: close-up,Malignant,MEL,MEL
ISIC_2144270,IL_9379939,dermoscopic,Malignant,SCCKA,SCCKA
ISIC_2146381,IL_3897948,dermoscopic,Malignant,BCC,BCC
ISIC_2149064,IL_1933864,dermoscopic,Malignant,BCC,BCC
ISIC_2149284,IL_3039363,clinical: close-up,Malignant,BCC,BCC
ISIC_2150484,IL_6261131,clinical: close-up,Malignant,BCC,BCC
ISIC_2153011,IL_4891045,dermoscopic,Malignant,BCC,BCC
ISIC_2153022,IL_7970033,clinical: close-up,Benign,BKL,BKL
ISIC_2153383,IL_9421903,clinical: close-up,Malignant,MEL,MEL
ISIC_2156383,IL_7743393,dermoscopic,Malignant,AKIEC,AKIEC
ISIC_2156824,IL_5857700,clinical: close-up,Malignant,SCCKA,SCCKA
ISIC_2161258,IL_9753632,clinical: close-up,Malignant,BCC,BCC
ISIC_2161394,IL_8194852,dermoscopic,Malignant,MEL,MEL
ISIC_2162606,IL_6427122,dermoscopic,Malignant,MEL,MEL
ISIC_2163581,IL_4126361,clinical: close-up,Malignant,BCC,BCC
ISIC_2164186,IL_6305050,clinical: close-up,Benign,NV,NV
ISIC_2164571,IL_6507305,dermoscopic,Malignant,BCC,BCC
ISIC_2167116,IL_8720951,clinical: close-up,Benign,BKL,BKL
ISIC_2167653,IL_2521408,dermoscopic,Malignant,BCC,BCC
ISIC_2168892,IL_0640013,dermoscopic,Malignant,SCCKA,SCCKA
ISIC_2171027,IL_2687877,dermoscopic,Malignant,BCC,BCC
ISIC_2174727,IL_1606661,dermoscopic,Benign,NV,NV
ISIC_2175811,IL_3892399,dermoscopic,Malignant,BCC,BCC
ISIC_2176321,IL_5087037,clinical: close-up,Indeterminate,AKIEC,AKIEC
ISIC_2177016,IL_6369658,clinical: close-up,Malignant,BCC,BCC
ISIC_2178421,IL_2381359,dermoscopic,Benign,NV,NV
ISIC_2179705,IL_9565231,dermoscopic,Malignant,MEL,MEL
ISIC_2180502,IL_4508203,clinical: close-up,Malignant,AKIEC,AKIEC
ISIC_2183840,IL_7682560,clinical: close-up,Benign,NV,NV
ISIC_2184629,IL_4674217,clinical: close-up,Malignant,BCC,BCC
ISIC_2185560,IL_2612192,clinical: close-up,Malignant,BCC,BCC
ISIC_2187177,IL_2359351,clinical: close-up,Benign,BKL,BKL
ISIC_2187542,IL_1351587,clinical: close-up,Malignant,BCC,BCC
ISIC_2188127,IL_2634708,clinical: close-up,Malignant,BCC,BCC
ISIC_2193524,IL_4284690,dermoscopic,Malignant,BCC,BCC
ISIC_2194211,IL_1693296,clinical: close-up,Benign,VASC,VASC
ISIC_2195775,IL_1882056,dermoscopic,Malignant,MEL,MEL
ISIC_2199778,IL_2006449,clinical: close-up,Malignant,BCC,BCC
ISIC_2200184,IL_2329642,clinical: close-up,Malignant,BCC,BCC
ISIC_2202352,IL_5060375,dermoscopic,Malignant,BCC,BCC
ISIC_2202519,IL_8925719,dermoscopic,Malignant,BCC,BCC
ISIC_2204119,IL_0610224,dermoscopic,Malignant,SCCKA,SCCKA
ISIC_2204145,IL_9814557,clinical: close-up,Benign,BKL,BKL
ISIC_2205154,IL_3907466,dermoscopic,Malignant,BCC,BCC
ISIC_2205187,IL_6806231,dermoscopic,Benign,NV,NV
ISIC_2205902,IL_5770532,dermoscopic,Benign,NV,NV
ISIC_2209183,IL_8752697,dermoscopic,Malignant,SCCKA,SCCKA
ISIC_2211674,IL_9604741,dermoscopic,Malignant,BCC,BCC
ISIC_2212095,IL_2372422,dermoscopic,Benign,NV,NV
ISIC_2212859,IL_8876914,clinical: close-up,Malignant,BCC,BCC
ISIC_2212922,IL_9086913,dermoscopic,Malignant,SCCKA,SCCKA
ISIC_2213095,IL_8275439,clinical: close-up,Malignant,BCC,BCC
ISIC_2214683,IL_9681402,clinical: close-up,Malignant,BCC,BCC
ISIC_2214696,IL_0228777,clinical: close-up,Malignant,BCC,BCC
ISIC_2214827,IL_2759554,clinical: close-up,Benign,NV,NV
ISIC_2215472,IL_7894855,dermoscopic,Indeterminate,AKIEC,AKIEC
ISIC_2216126,IL_7549554,dermoscopic,Malignant,BCC,BCC
ISIC_2217722,IL_9143908,clinical: close-up,Malignant,BCC,BCC
ISIC_2220505,IL_1427039,dermoscopic,Malignant,MEL,MEL
ISIC_2222551,IL_6788244,clinical: close-up,Malignant,BCC,BCC
ISIC_2223344,IL_8717569,clinical: close-up,Benign,NV,NV
ISIC_2226952,IL_6552855,clinical: close-up,Malignant,BCC,BCC
ISIC_2226996,IL_5733908,clinical: close-up,Malignant,MEL,MEL
ISIC_2228341,IL_0353074,dermoscopic,Malignant,BCC,BCC
ISIC_2230113,IL_7232351,clinical: close-up,Malignant,BCC,BCC
ISIC_2231359,IL_7950940,dermoscopic,Malignant,SCCKA,SCCKA
ISIC_2231864,IL_3976395,dermoscopic,Malignant,BCC,BCC
ISIC_2233726,IL_7103424,clinical: close-up,Malignant,BCC,BCC
ISIC_2235918,IL_1264405,dermoscopic,Benign,NV,NV
ISIC_2235964,IL_3876591,clinical: close-up,Malignant,BCC,BCC
ISIC_2236717,IL_9229110,clinical: close-up,Malignant,MEL,MEL
ISIC_2237025,IL_2134316,dermoscopic,Malignant,BCC,BCC
ISIC_2239440,IL_3968220,clinical: close-up,Benign,NV,NV
ISIC_2240330,IL_7776622,dermoscopic,Benign,NV,NV
ISIC_2240444,IL_7117904,clinical: close-up,Benign,BKL,BKL
ISIC_2241043,IL_2779064,clinical: close-up,Malignant,BCC,BCC
ISIC_2243897,IL_6677993,clinical: close-up,Benign,NV,NV
ISIC_2244475,IL_1827145,clinical: close-up,Benign,VASC,VASC
ISIC_2245518,IL_4893133,dermoscopic,Indeterminate,AKIEC,AKIEC
ISIC_2246301,IL_4310742,clinical: close-up,Malignant,SCCKA,SCCKA
ISIC_2247564,IL_1480174,dermoscopic,Malignant,BCC,BCC
ISIC_2255098,IL_5625000,dermoscopic,Malignant,BCC,BCC
ISIC_2258441,IL_5310086,clinical: close-up,Malignant,MEL,MEL
ISIC_2260901,IL_8511602,dermoscopic,Benign,BEN_OTH,OTHER
ISIC_2260950,IL_2176807,clinical: close-up,Malignant,BCC,BCC
ISIC_2264421,IL_8993407,dermoscopic,Malignant,BCC,BCC
ISIC_2266613,IL_9950953,clinical: close-up,Benign,BKL,BKL
ISIC_2267440,IL_6019192,dermoscopic,Malignant,MEL,MEL
ISIC_2267815,IL_0217482,clinical: close-up,Benign,NV,NV
ISIC_2268118,IL_6777208,dermoscopic,Malignant,AKIEC,AKIEC
ISIC_2271068,IL_0542551,clinical: close-up,Benign,BKL,BKL
ISIC_2271317,IL_2170674,clinical: close-up,Malignant,SCCKA,SCCKA
ISIC_2273572,IL_3542015,dermoscopic,Malignant,SCCKA,SCCKA
ISIC_2276012,IL_6836295,clinical: close-up,Malignant,BCC,BCC
ISIC_2278278,IL_2200466,clinical: close-up,Malignant,MEL,MEL
ISIC_2281577,IL_1559121,clinical: close-up,Benign,INF,INF
ISIC_2282699,IL_7363602,dermoscopic,Malignant,BCC,BCC
ISIC_2284196,IL_4885468,dermoscopic,Benign,BKL,BKL
ISIC_2284535,IL_0185291,clinical: close-up,Benign,BKL,BKL
ISIC_2286311,IL_2591955,clinical: close-up,Malignant,BCC,BCC
ISIC_2288200,IL_0928846,dermoscopic,Benign,BKL,BKL
ISIC_2288348,IL_6767312,dermoscopic,Malignant,BCC,BCC
ISIC_2288726,IL_7361065,dermoscopic,Malignant,BCC,BCC
ISIC_2288878,IL_3752602,clinical: close-up,Malignant,BCC,BCC
ISIC_2288953,IL_2482896,clinical: close-up,Benign,DF,DF
ISIC_2293465,IL_5118917,clinical: close-up,Malignant,BCC,BCC
ISIC_2298923,IL_8626747,dermoscopic,Benign,NV,NV
ISIC_2299814,IL_2880261,clinical: close-up,Malignant,BCC,BCC
ISIC_2302262,IL_1517338,dermoscopic,Malignant,SCCKA,SCCKA
ISIC_2302491,IL_5953610,dermoscopic,Benign,BKL,BKL
ISIC_2304241,IL_3082764,dermoscopic,Benign,NV,NV
ISIC_2304487,IL_5504376,clinical: close-up,Benign,NV,NV
ISIC_2305246,IL_9173728,dermoscopic,Malignant,BCC,BCC
ISIC_2305541,IL_9013946,dermoscopic,Malignant,MEL,MEL
ISIC_2306278,IL_8548746,dermoscopic,Malignant,BCC,BCC
ISIC_2307999,IL_4325075,clinical: close-up,Benign,BKL,BKL
ISIC_2308076,IL_0047878,clinical: close-up,Benign,NV,NV
ISIC_2311853,IL_5684831,dermoscopic,Malignant,BCC,BCC
ISIC_2311991,IL_8932098,dermoscopic,Malignant,BCC,BCC
ISIC_2313224,IL_6982257,clinical: close-up,Benign,BKL,BKL
ISIC_2314639,IL_3061699,clinical: close-up,Malignant,MEL,MEL
ISIC_2314682,IL_9565456,dermoscopic,Malignant,BCC,BCC
ISIC_2319242,IL_2868879,dermoscopic,Malignant,SCCKA,SCCKA
ISIC_2320042,IL_8662506,dermoscopic,Benign,BKL,BKL
ISIC_2320067,IL_2171810,clinical: close-up,Malignant,SCCKA,SCCKA
ISIC_2320348,IL_1641908,dermoscopic,Malignant,BCC,BCC
ISIC_2321009,IL_1192220,dermoscopic,Malignant,BCC,BCC
ISIC_2322021,IL_4061153,clinical: close-up,Malignant,BCC,BCC
ISIC_2322494,IL_1397250,dermoscopic,Malignant,BCC,BCC
ISIC_2323046,IL_7424810,clinical: close-up,Malignant,BCC,BCC
ISIC_2323653,IL_2601200,dermoscopic,Malignant,BCC,BCC
ISIC_2324630,IL_5386138,dermoscopic,Malignant,BCC,BCC
ISIC_2324691,IL_1098569,dermoscopic,Malignant,BCC,BCC
ISIC_2324920,IL_7115746,dermoscopic,Malignant,BCC,BCC
ISIC_2325423,IL_2328375,clinical: close-up,Malignant,BCC,BCC
ISIC_2329035,IL_6381274,dermoscopic,Malignant,BCC,BCC
ISIC_2330431,IL_1394947,clinical: close-up,Malignant,BCC,BCC
ISIC_2330723,IL_1355090,clinical: close-up,Benign,NV,NV
ISIC_2332226,IL_5344471,clinical: close-up,Malignant,BCC,BCC
ISIC_2332805,IL_8642808,clinical: close-up,Malignant,BCC,BCC
ISIC_2333635,IL_9708256,clinical: close-up,Malignant,SCCKA,SCCKA
ISIC_2334810,IL_7534180,dermoscopic,Malignant,BCC,BCC
ISIC_2334974,IL_6296418,dermoscopic,Malignant,BCC,BCC
ISIC_2335013,IL_2833309,dermoscopic,Benign,NV,NV
ISIC_2335025,IL_4334005,dermoscopic,Malignant,BCC,BCC
ISIC_2336235,IL_6955894,dermoscopic,Malignant,SCCKA,SCCKA
ISIC_2337998,IL_1075649,dermoscopic,Malignant,MEL,MEL
ISIC_2338396,IL_4255288,clinical: close-up,Benign,NV,NV
ISIC_2338734,IL_6361071,clinical: close-up,Benign,BKL,BKL
ISIC_2340328,IL_7366789,clinical: close-up,Benign,BKL,BKL
ISIC_2340945,IL_4563782,dermoscopic,Benign,NV,NV
ISIC_2344703,IL_1391471,clinical: close-up,Malignant,BCC,BCC
ISIC_2345535,IL_7842588,clinical: close-up,Benign,BKL,BKL
ISIC_2346672,IL_8258563,clinical: close-up,Benign,BKL,BKL
ISIC_2348044,IL_9364150,clinical: close-up,Malignant,BCC,BCC
ISIC_2348795,IL_5842148,dermoscopic,Benign,NV,NV
ISIC_2350590,IL_7488705,clinical: close-up,Malignant,MAL_OTH,OTHER
ISIC_2352288,IL_0838598,dermoscopic,Malignant,SCCKA,SCCKA
ISIC_2353418,IL_2918897,dermoscopic,Malignant,BCC,BCC
ISIC_2354975,IL_7974565,dermoscopic,Benign,BKL,BKL
ISIC_2355114,IL_1530235,dermoscopic,Benign,BKL,BKL
ISIC_2359396,IL_4312042,clinical: close-up,Benign,NV,NV
ISIC_2365922,IL_0931113,clinical: close-up,Malignant,SCCKA,SCCKA
ISIC_2366596,IL_5154725,dermoscopic,Malignant,BCC,BCC
ISIC_2368450,IL_8767965,dermoscopic,Indeterminate,AKIEC,AKIEC
ISIC_2368759,IL_2040993,clinical: close-up,Malignant,BCC,BCC
ISIC_2368856,IL_3244016,clinical: close-up,Malignant,BCC,BCC
ISIC_2372341,IL_5016629,dermoscopic,Malignant,MEL,MEL
ISIC_2376778,IL_7804656,clinical: close-up,Benign,NV,NV
ISIC_2376821,IL_9875986,dermoscopic,Malignant,BCC,BCC
ISIC_2376934,IL_5940346,dermoscopic,Malignant,BCC,BCC
ISIC_2377324,IL_6418149,dermoscopic,Malignant,BCC,BCC
ISIC_2378626,IL_4896057,dermoscopic,Malignant,BCC,BCC
ISIC_2378919,IL_4537840,dermoscopic,Malignant,SCCKA,SCCKA
ISIC_2380836,IL_1517338,clinical: close-up,Malignant,SCCKA,SCCKA
ISIC_2383380,IL_2483019,dermoscopic,Malignant,BCC,BCC
ISIC_2384908,IL_0541036,clinical: close-up,Malignant,AKIEC,AKIEC
ISIC_2387540,IL_2495796,dermoscopic,Malignant,BCC,BCC
ISIC_2391545,IL_0630567,dermoscopic,Indeterminate,AKIEC,AKIEC
ISIC_2392847,IL_9917047,clinical: close-up,Malignant,BCC,BCC
ISIC_2393561,IL_0427467,dermoscopic,Malignant,BCC,BCC
ISIC_2396618,IL_1445099,clinical: close-up,Malignant,MEL,MEL
ISIC_2397388,IL_0855898,clinical: close-up,Malignant,MEL,MEL
ISIC_2399021,IL_8158489,dermoscopic,Malignant,BCC,BCC
ISIC_2400614,IL_5179568,clinical: close-up,Benign,BKL,BKL
ISIC_2408893,IL_5302007,clinical: close-up,Malignant,AKIEC,AKIEC
ISIC_2410311,IL_3844274,dermoscopic,Malignant,BCC,BCC
ISIC_2410425,IL_1989864,clinical: close-up,Malignant,BCC,BCC
ISIC_2412335,IL_6390381,clinical: close-up,Indeterminate,AKIEC,AKIEC
ISIC_2414850,IL_7663588,clinical: close-up,Malignant,BCC,BCC
ISIC_2415211,IL_7982097,clinical: close-up,Malignant,BCC,BCC
ISIC_2415589,IL_1016151,dermoscopic,Malignant,MEL,MEL
ISIC_2417592,IL_8578812,dermoscopic,Malignant,AKIEC,AKIEC
ISIC_2418437,IL_1391368,dermoscopic,Malignant,SCCKA,SCCKA
ISIC_2418674,IL_2663790,dermoscopic,Malignant,SCCKA,SCCKA
ISIC_2419039,IL_6111577,dermoscopic,Benign,INF,INF
ISIC_2419780,IL_1749756,clinical: close-up,Benign,BKL,BKL
ISIC_2422166,IL_2643688,dermoscopic,Malignant,BCC,BCC
ISIC_2424286,IL_8480988,clinical: close-up,Malignant,AKIEC,AKIEC
ISIC_2424786,IL_8565372,clinical: close-up,Malignant,BCC,BCC
ISIC_2425477,IL_1486691,clinical: close-up,Indeterminate,AKIEC,AKIEC
ISIC_2425838,IL_9862724,clinical: close-up,Benign,NV,NV
ISIC_2426618,IL_7060630,clinical: close-up,Malignant,AKIEC,AKIEC
ISIC_2427256,IL_9463449,dermoscopic,Benign,NV,NV
ISIC_2429951,IL_7685934,clinical: close-up,Malignant,MEL,MEL
ISIC_2431538,IL_3529171,dermoscopic,Malignant,SCCKA,SCCKA
ISIC_2437084,IL_3147043,dermoscopic,Malignant,MEL,MEL
ISIC_2437960,IL_2265683,clinical: close-up,Malignant,MEL,MEL
ISIC_2439000,IL_6636674,clinical: close-up,Malignant,AKIEC,AKIEC
ISIC_2439277,IL_8157640,clinical: close-up,Malignant,BCC,BCC
ISIC_2439944,IL_0739664,clinical: close-up,Benign,DF,DF
ISIC_2440553,IL_8925719,clinical: close-up,Malignant,BCC,BCC
ISIC_2440983,IL_1416084,dermoscopic,Malignant,BCC,BCC
ISIC_2443095,IL_3742316,clinical: close-up,Malignant,BCC,BCC
ISIC_2443273,IL_6787106,clinical: close-up,Benign,BKL,BKL
ISIC_2445691,IL_0604713,clinical: close-up,Malignant,MEL,MEL
ISIC_2446716,IL_1770771,clinical: close-up,Benign,NV,NV
ISIC_2446922,IL_4096738,clinical: close-up,Malignant,SCCKA,SCCKA
ISIC_2449691,IL_4421569,dermoscopic,Malignant,BCC,BCC
ISIC_2449826,IL_1659172,clinical: close-up,Benign,BKL,BKL
ISIC_2451051,IL_4939300,clinical: close-up,Malignant,MAL_OTH,OTHER
ISIC_2453582,IL_0185151,clinical: close-up,Malignant,BCC,BCC
ISIC_2453811,IL_0080050,clinical: close-up,Malignant,BCC,BCC
ISIC_2454008,IL_1967474,clinical: close-up,Benign,VASC,VASC
ISIC_2455305,IL_1366322,clinical: close-up,Malignant,BCC,BCC
ISIC_2455816,IL_4260249,clinical: close-up,Malignant,BCC,BCC
ISIC_2456679,IL_1735251,dermoscopic,Malignant,BCC,BCC
ISIC_2457583,IL_9038692,dermoscopic,Malignant,SCCKA,SCCKA
ISIC_2458155,IL_6964615,clinical: close-up,Malignant,SCCKA,SCCKA
ISIC_2459668,IL_3493081,dermoscopic,Benign,NV,NV
ISIC_2462068,IL_1606035,clinical: close-up,Malignant,SCCKA,SCCKA
ISIC_2463268,IL_2293895,clinical: close-up,Benign,DF,DF
ISIC_2464882,IL_2309123,dermoscopic,Benign,NV,NV
ISIC_2464952,IL_4682786,dermoscopic,Malignant,BCC,BCC
ISIC_2465599,IL_4316871,dermoscopic,Malignant,BCC,BCC
ISIC_2467349,IL_4196586,dermoscopic,Malignant,BCC,BCC
ISIC_2467581,IL_3478761,clinical: close-up,Malignant,BCC,BCC
ISIC_2469277,IL_1701401,clinical: close-up,Malignant,SCCKA,SCCKA
ISIC_2470660,IL_4049256,dermoscopic,Malignant,BCC,BCC
ISIC_2471655,IL_0617635,dermoscopic,Benign,BKL,BKL
ISIC_2471885,IL_2854884,dermoscopic,Benign,NV,NV
ISIC_2472012,IL_0721541,dermoscopic,Benign,BKL,BKL
ISIC_2473287,IL_0710738,clinical: close-up,Malignant,BCC,BCC
ISIC_2473856,IL_0082869,dermoscopic,Benign,NV,NV
ISIC_2475585,IL_0427467,clinical: close-up,Malignant,BCC,BCC
ISIC_2475721,IL_4429856,clinical: close-up,Malignant,SCCKA,SCCKA
ISIC_2478957,IL_9682787,dermoscopic,Malignant,BCC,BCC
ISIC_2481301,IL_9587475,clinical: close-up,Benign,NV,NV
ISIC_2481693,IL_6559871,clinical: close-up,Malignant,BCC,BCC
ISIC_2482765,IL_2227490,clinical: close-up,Malignant,BCC,BCC
ISIC_2484661,IL_4749815,dermoscopic,Malignant,BCC,BCC
ISIC_2485009,IL_9629068,dermoscopic,Malignant,BCC,BCC
ISIC_2485182,IL_0588245,dermoscopic,Malignant,BCC,BCC
ISIC_2485685,IL_9473685,dermoscopic,Benign,BKL,BKL
ISIC_2489023,IL_8124178,clinical: close-up,Benign,NV,NV
ISIC_2490336,IL_2228009,clinical: close-up,Benign,NV,NV
ISIC_2492745,IL_1461373,dermoscopic,Malignant,BCC,BCC
ISIC_2494258,IL_5478972,clinical: close-up,Benign,NV,NV
ISIC_2495535,IL_2087483,clinical: close-up,Benign,DF,DF
ISIC_2495960,IL_1098569,clinical: close-up,Malignant,BCC,BCC
ISIC_2498820,IL_3668497,dermoscopic,Benign,NV,NV
ISIC_2500263,IL_0216946,clinical: close-up,Malignant,BCC,BCC
ISIC_2501467,IL_5245045,dermoscopic,Malignant,BCC,BCC
ISIC_2501558,IL_7743352,dermoscopic,Benign,BEN_OTH,OTHER
ISIC_2501939,IL_0548137,dermoscopic,Malignant,AKIEC,AKIEC
ISIC_2504068,IL_5420018,clinical: close-up,Malignant,BCC,BCC
ISIC_2505856,IL_9331537,dermoscopic,Malignant,BCC,BCC
ISIC_2508300,IL_6834343,clinical: close-up,Malignant,BCC,BCC
ISIC_2508558,IL_0752303,clinical: close-up,Malignant,MEL,MEL
ISIC_2508689,IL_4826188,clinical: close-up,Malignant,BCC,BCC
ISIC_2510819,IL_6071484,dermoscopic,Malignant,SCCKA,SCCKA
ISIC_2512661,IL_4615374,clinical: close-up,Malignant,SCCKA,SCCKA
ISIC_2513521,IL_0240650,dermoscopic,Malignant,SCCKA,SCCKA
ISIC_2514435,IL_2423269,clinical: close-up,Benign,BKL,BKL
ISIC_2515838,IL_8971740,dermoscopic,Benign,BEN_OTH,OTHER
ISIC_2516006,IL_7048697,dermoscopic,Benign,DF,DF
ISIC_2517252,IL_2360320,clinical: close-up,Malignant,BCC,BCC
ISIC_2522593,IL_0700053,dermoscopic,Malignant,BCC,BCC
ISIC_2523004,IL_2831969,clinical: close-up,Indeterminate,AKIEC,AKIEC
ISIC_2524673,IL_5834228,dermoscopic,Malignant,BCC,BCC
ISIC_2525369,IL_0185151,dermoscopic,Malignant,BCC,BCC
ISIC_2525497,IL_5550587,dermoscopic,Benign,NV,NV
ISIC_2525661,IL_2921214,clinical: close-up,Benign,BKL,BKL
ISIC_2526104,IL_0482521,dermoscopic,Malignant,BCC,BCC
ISIC_2527161,IL_1758628,dermoscopic,Benign,BKL,BKL
ISIC_2530103,IL_8748283,dermoscopic,Malignant,BCC,BCC
ISIC_2531111,IL_0700399,dermoscopic,Benign,BKL,BKL
ISIC_2533061,IL_9167075,dermoscopic,Malignant,BCC,BCC
ISIC_2533333,IL_7709757,dermoscopic,Malignant,BCC,BCC
ISIC_2538384,IL_9685051,dermoscopic,Benign,NV,NV
ISIC_2538458,IL_9917899,dermoscopic,Malignant,BCC,BCC
ISIC_2538950,IL_6943395,clinical: close-up,Malignant,BCC,BCC
ISIC_2543052,IL_0496664,clinical: close-up,Benign,BKL,BKL
ISIC_2546414,IL_1409066,clinical: close-up,Malignant,BCC,BCC
ISIC_2547869,IL_8339117,clinical: close-up,Malignant,BCC,BCC
ISIC_2548075,IL_0987624,clinical: close-up,Malignant,BCC,BCC
ISIC_2550058,IL_8619767,dermoscopic,Malignant,BCC,BCC
ISIC_2552716,IL_2538278,dermoscopic,Benign,BKL,BKL
ISIC_2553729,IL_0710877,dermoscopic,Malignant,BCC,BCC
ISIC_2556147,IL_0125182,dermoscopic,Malignant,BCC,BCC
ISIC_2556688,IL_5167045,clinical: close-up,Malignant,BCC,BCC
ISIC_2557089,IL_5217084,clinical: close-up,Malignant,AKIEC,AKIEC
ISIC_2557679,IL_5849837,clinical: close-up,Malignant,SCCKA,SCCKA
ISIC_2561308,IL_4639886,clinical: close-up,Malignant,SCCKA,SCCKA
ISIC_2563101,IL_1938646,clinical: close-up,Malignant,BCC,BCC
ISIC_2564518,IL_5189473,clinical: close-up,Benign,BKL,BKL
ISIC_2564687,IL_0837149,dermoscopic,Malignant,BCC,BCC
ISIC_2565120,IL_0882013,clinical: close-up,Malignant,BCC,BCC
ISIC_2565297,IL_2300316,clinical: close-up,Malignant,AKIEC,AKIEC
ISIC_2566720,IL_8893510,clinical: close-up,Indeterminate,AKIEC,AKIEC
ISIC_2567274,IL_6242264,dermoscopic,Benign,BKL,BKL
ISIC_2567925,IL_1131642,dermoscopic,Malignant,BCC,BCC
ISIC_2567983,IL_7719893,dermoscopic,Malignant,BCC,BCC
ISIC_2568976,IL_8716299,dermoscopic,Benign,BKL,BKL
ISIC_2569198,IL_8647582,dermoscopic,Benign,BKL,BKL
ISIC_2573194,IL_4517791,dermoscopic,Malignant,MEL,MEL
ISIC_2578355,IL_7406040,dermoscopic,Malignant,BCC,BCC
ISIC_2580974,IL_6687595,dermoscopic,Malignant,AKIEC,AKIEC
ISIC_2581720,IL_2401585,dermoscopic,Benign,BKL,BKL
ISIC_2583472,IL_3034019,clinical: close-up,Malignant,BCC,BCC
ISIC_2585061,IL_1105307,clinical: close-up,Benign,NV,NV
ISIC_2585669,IL_9592947,dermoscopic,Indeterminate,AKIEC,AKIEC
ISIC_2586707,IL_2740967,dermoscopic,Malignant,MEL,MEL
ISIC_2586728,IL_2201530,dermoscopic,Malignant,MEL,MEL
ISIC_2588935,IL_0727699,clinical: close-up,Indeterminate,AKIEC,AKIEC
ISIC_2590426,IL_1397522,dermoscopic,Malignant,BCC,BCC
ISIC_2590498,IL_4831820,dermoscopic,Malignant,BCC,BCC
ISIC_2593896,IL_3486066,clinical: close-up,Malignant,AKIEC,AKIEC
ISIC_2594634,IL_2104820,dermoscopic,Benign,NV,NV
ISIC_2597603,IL_7625524,dermoscopic,Malignant,BCC,BCC
ISIC_2598676,IL_8861890,clinical: close-up,Malignant,BCC,BCC
ISIC_2601363,IL_0507774,dermoscopic,Malignant,BCC,BCC
ISIC_2601487,IL_1981700,dermoscopic,Malignant,BCC,BCC
ISIC_2604782,IL_7136184,dermoscopic,Benign,NV,NV
ISIC_2605163,IL_5607912,dermoscopic,Benign,NV,NV
ISIC_2608885,IL_7749709,dermoscopic,Malignant,SCCKA,SCCKA
ISIC_2611411,IL_7052424,clinical: close-up,Benign,NV,NV
ISIC_2611469,IL_7402046,dermoscopic,Malignant,SCCKA,SCCKA
ISIC_2612910,IL_2553098,dermoscopic,Malignant,BCC,BCC
ISIC_2613429,IL_5285305,dermoscopic,Malignant,SCCKA,SCCKA
ISIC_2614335,IL_8581204,clinical: close-up,Malignant,BCC,BCC
ISIC_2614337,IL_9489343,clinical: close-up,Malignant,MEL,MEL
ISIC_2615324,IL_6370707,dermoscopic,Benign,BKL,BKL
ISIC_2616471,IL_9013007,dermoscopic,Malignant,BCC,BCC
ISIC_2616510,IL_1546321,clinical: close-up,Malignant,MEL,MEL
ISIC_2617383,IL_7147688,clinical: close-up,Indeterminate,AKIEC,AKIEC
ISIC_2620132,IL_2200466,dermoscopic,Malignant,MEL,MEL
ISIC_2620875,IL_2222251,clinical: close-up,Benign,NV,NV
ISIC_2621421,IL_4100089,dermoscopic,Benign,NV,NV
ISIC_2621619,IL_3475152,dermoscopic,Benign,BKL,BKL
ISIC_2621700,IL_4055680,clinical: close-up,Malignant,BCC,BCC
ISIC_2626121,IL_3847585,clinical: close-up,Benign,BKL,BKL
ISIC_2627340,IL_6888709,dermoscopic,Malignant,BCC,BCC
ISIC_2627411,IL_6313730,dermoscopic,Malignant,BCC,BCC
ISIC_2633246,IL_4334005,clinical: close-up,Malignant,BCC,BCC
ISIC_2640875,IL_1873727,clinical: close-up,Benign,BKL,BKL
ISIC_2641217,IL_0019655,dermoscopic,Malignant,MEL,MEL
ISIC_2642915,IL_2652500,clinical: close-up,Malignant,SCCKA,SCCKA
ISIC_2645316,IL_9041590,dermoscopic,Malignant,BCC,BCC
ISIC_2645530,IL_1418796,dermoscopic,Benign,BKL,BKL
ISIC_2645906,IL_9504116,clinical: close-up,Malignant,BCC,BCC
ISIC_2646200,IL_4978975,dermoscopic,Malignant,BCC,BCC
ISIC_2647192,IL_9453273,dermoscopic,Malignant,BCC,BCC
ISIC_2648102,IL_6914353,clinical: close-up,Benign,BKL,BKL
ISIC_2650378,IL_3204310,clinical: close-up,Malignant,MEL,MEL
ISIC_2650547,IL_9513774,dermoscopic,Malignant,BCC,BCC
ISIC_2651140,IL_4402177,dermoscopic,Malignant,BCC,BCC
ISIC_2654339,IL_0982091,dermoscopic,Malignant,BCC,BCC
ISIC_2655730,IL_8073547,dermoscopic,Benign,BKL,BKL
ISIC_2657415,IL_4316869,dermoscopic,Malignant,BCC,BCC
ISIC_2658100,IL_9390250,dermoscopic,Malignant,BCC,BCC
ISIC_2659768,IL_6867211,clinical: close-up,Malignant,BCC,BCC
ISIC_2665761,IL_9300549,clinical: close-up,Malignant,MEL,MEL
ISIC_2667471,IL_1575936,clinical: close-up,Malignant,BCC,BCC
ISIC_2668215,IL_4220854,clinical: close-up,Benign,NV,NV
ISIC_2668675,IL_4203515,dermoscopic,Benign,BKL,BKL
ISIC_2669811,IL_5931575,dermoscopic,Malignant,BCC,BCC
ISIC_2671356,IL_1118259,dermoscopic,Malignant,BCC,BCC
ISIC_2673443,IL_9936896,dermoscopic,Benign,NV,NV
ISIC_2675122,IL_5104216,dermoscopic,Benign,INF,INF
ISIC_2677713,IL_5631172,clinical: close-up,Benign,DF,DF
ISIC_2683683,IL_9500991,dermoscopic,Malignant,MEL,MEL
ISIC_2683795,IL_7746701,dermoscopic,Malignant,BCC,BCC
ISIC_2684838,IL_1404122,clinical: close-up,Benign,NV,NV
ISIC_2685248,IL_3702520,clinical: close-up,Malignant,BCC,BCC
ISIC_2689339,IL_3452976,dermoscopic,Malignant,BCC,BCC
ISIC_2695360,IL_0404248,dermoscopic,Benign,BKL,BKL
ISIC_2695703,IL_1456101,clinical: close-up,Malignant,MEL,MEL
ISIC_2698174,IL_3487572,dermoscopic,Malignant,SCCKA,SCCKA
ISIC_2700220,IL_4688122,dermoscopic,Malignant,BCC,BCC
ISIC_2701902,IL_8041079,dermoscopic,Benign,NV,NV
ISIC_2704222,IL_1222860,clinical: close-up,Malignant,BCC,BCC
ISIC_2704661,IL_0640013,clinical: close-up,Malignant,SCCKA,SCCKA
ISIC_2704901,IL_4312486,clinical: close-up,Malignant,SCCKA,SCCKA
ISIC_2706513,IL_1510919,clinical: close-up,Malignant,BCC,BCC
ISIC_2708075,IL_2301403,clinical: close-up,Malignant,BCC,BCC
ISIC_2708483,IL_4902054,clinical: close-up,Benign,NV,NV
ISIC_2709383,IL_3065400,clinical: close-up,Malignant,MEL,MEL
ISIC_2710427,IL_6916787,dermoscopic,Malignant,MEL,MEL
ISIC_2711142,IL_1948146,clinical: close-up,Malignant,BCC,BCC
ISIC_2712633,IL_1993303,clinical: close-up,Malignant,BCC,BCC
ISIC_2713587,IL_2237445,dermoscopic,Benign,NV,NV
ISIC_2716370,IL_7570167,clinical: close-up,Malignant,BCC,BCC
ISIC_2716900,IL_1496554,dermoscopic,Malignant,SCCKA,SCCKA
ISIC_2718301,IL_8162391,dermoscopic,Indeterminate,AKIEC,AKIEC
ISIC_2721277,IL_3528206,dermoscopic,Benign,INF,INF
ISIC_2721569,IL_8994019,clinical: close-up,Benign,NV,NV
ISIC_2722338,IL_3441650,dermoscopic,Malignant,BCC,BCC
ISIC_2725046,IL_4826188,dermoscopic,Malignant,BCC,BCC
ISIC_2726721,IL_6186086,clinical: close-up,Malignant,BCC,BCC
ISIC_2730868,IL_2072035,dermoscopic,Malignant,BCC,BCC
ISIC_2731321,IL_7928790,dermoscopic,Malignant,SCCKA,SCCKA
ISIC_2733266,IL_2514915,clinical: close-up,Benign,BKL,BKL
ISIC_2733454,IL_6049551,dermoscopic,Malignant,BCC,BCC
ISIC_2734876,IL_3596093,clinical: close-up,Malignant,BCC,BCC
ISIC_2735511,IL_4836988,dermoscopic,Benign,BKL,BKL
ISIC_2735653,IL_8022344,dermoscopic,Malignant,BCC,BCC
ISIC_2736195,IL_8401805,clinical: close-up,Malignant,BCC,BCC
ISIC_2736440,IL_6900005,clinical: close-up,Malignant,SCCKA,SCCKA
ISIC_2738904,IL_5040782,dermoscopic,Benign,BKL,BKL
ISIC_2738967,IL_5836381,clinical: close-up,Malignant,BCC,BCC
ISIC_2740604,IL_5614486,dermoscopic,Malignant,BCC,BCC
ISIC_2741027,IL_0246907,dermoscopic,Malignant,SCCKA,SCCKA
ISIC_2744921,IL_6356650,clinical: close-up,Malignant,BCC,BCC
ISIC_2744993,IL_3944714,dermoscopic,Malignant,BCC,BCC
ISIC_2745537,IL_0926236,dermoscopic,Benign,NV,NV
ISIC_2745631,IL_8535419,clinical: close-up,Malignant,BCC,BCC
ISIC_2747022,IL_6314670,dermoscopic,Benign,NV,NV
ISIC_2747605,IL_2546543,clinical: close-up,Malignant,BCC,BCC
ISIC_2749853,IL_2237412,clinical: close-up,Benign,NV,NV
ISIC_2750525,IL_7570167,dermoscopic,Malignant,BCC,BCC
ISIC_2752768,IL_9878565,dermoscopic,Malignant,MEL,MEL
ISIC_2752952,IL_6752385,clinical: close-up,Benign,NV,NV
ISIC_2753361,IL_9722913,clinical: close-up,Malignant,SCCKA,SCCKA
ISIC_2753382,IL_3565320,dermoscopic,Malignant,MEL,MEL
ISIC_2754763,IL_9413629,dermoscopic,Benign,DF,DF
ISIC_2754845,IL_4794803,dermoscopic,Malignant,BCC,BCC
ISIC_2755460,IL_0226639,dermoscopic,Malignant,BCC,BCC
ISIC_2755934,IL_3252153,clinical: close-up,Benign,VASC,VASC
ISIC_2756867,IL_8619767,clinical: close-up,Malignant,BCC,BCC
ISIC_2758033,IL_5260419,clinical: close-up,Malignant,SCCKA,SCCKA
ISIC_2758349,IL_5915659,clinical: close-up,Malignant,AKIEC,AKIEC
ISIC_2760612,IL_9689394,clinical: close-up,Malignant,BCC,BCC
ISIC_2765997,IL_0486701,dermoscopic,Benign,NV,NV
ISIC_2766210,IL_6806231,clinical: close-up,Benign,NV,NV
ISIC_2767026,IL_7287548,clinical: close-up,Malignant,BCC,BCC
ISIC_2768681,IL_4376551,clinical: close-up,Benign,NV,NV
ISIC_2770352,IL_7443254,dermoscopic,Malignant,BCC,BCC
ISIC_2770547,IL_3581501,clinical: close-up,Malignant,BCC,BCC
ISIC_2770868,IL_9708256,dermoscopic,Malignant,SCCKA,SCCKA
ISIC_2771215,IL_6972994,clinical: close-up,Benign,BKL,BKL
ISIC_2772004,IL_4687032,clinical: close-up,Malignant,BCC,BCC
ISIC_2772400,IL_3673885,clinical: close-up,Malignant,BCC,BCC
ISIC_2777762,IL_0732764,dermoscopic,Benign,BKL,BKL
ISIC_2778083,IL_1740748,dermoscopic,Benign,NV,NV
ISIC_2781687,IL_6119395,clinical: close-up,Malignant,BCC,BCC
ISIC_2783831,IL_6693472,dermoscopic,Malignant,MEL,MEL
ISIC_2784330,IL_1212389,clinical: close-up,Malignant,MEL,MEL
ISIC_2785273,IL_8262115,clinical: close-up,Malignant,BCC,BCC
ISIC_2786202,IL_2610875,clinical: close-up,Malignant,BCC,BCC
ISIC_2787372,IL_7464874,clinical: close-up,Malignant,SCCKA,SCCKA
ISIC_2788480,IL_3473944,clinical: close-up,Malignant,SCCKA,SCCKA
ISIC_2790154,IL_5490327,clinical: close-up,Malignant,BCC,BCC
ISIC_2791059,IL_5950762,dermoscopic,Malignant,SCCKA,SCCKA
ISIC_2794417,IL_4061949,clinical: close-up,Benign,NV,NV
ISIC_2795308,IL_6481536,dermoscopic,Benign,NV,NV
ISIC_2796590,IL_9537366,clinical: close-up,Malignant,BCC,BCC
ISIC_2796878,IL_1595494,dermoscopic,Benign,BKL,BKL
ISIC_2799124,IL_0169358,dermoscopic,Benign,BKL,BKL
ISIC_2800738,IL_9584761,clinical: close-up,Malignant,BCC,BCC
ISIC_2801800,IL_2719236,clinical: close-up,Malignant,BCC,BCC
ISIC_2802992,IL_1846294,clinical: close-up,Malignant,BCC,BCC
ISIC_2803954,IL_9091693,dermoscopic,Malignant,BCC,BCC
ISIC_2804242,IL_4072310,dermoscopic,Benign,NV,NV
ISIC_2806062,IL_9195034,clinical: close-up,Malignant,BCC,BCC
ISIC_2808502,IL_7749709,clinical: close-up,Malignant,SCCKA,SCCKA
ISIC_2811259,IL_3044887,clinical: close-up,Benign,NV,NV
ISIC_2817890,IL_5882272,clinical: close-up,Malignant,SCCKA,SCCKA
ISIC_2818418,IL_6296094,dermoscopic,Malignant,BCC,BCC
ISIC_2818434,IL_8684310,clinical: close-up,Malignant,BCC,BCC
ISIC_2822341,IL_5472522,dermoscopic,Benign,BKL,BKL
ISIC_2822468,IL_4889652,clinical: close-up,Malignant,SCCKA,SCCKA
ISIC_2823934,IL_2531904,clinical: close-up,Benign,BKL,BKL
ISIC_2824759,IL_1394947,dermoscopic,Malignant,BCC,BCC
ISIC_2826846,IL_2965012,dermoscopic,Malignant,BCC,BCC
ISIC_2827093,IL_1399100,dermoscopic,Malignant,BCC,BCC
ISIC_2827872,IL_9162610,clinical: close-up,Malignant,SCCKA,SCCKA
ISIC_2827957,IL_3256866,clinical: close-up,Malignant,SCCKA,SCCKA
ISIC_2828400,IL_9275908,clinical: close-up,Malignant,BCC,BCC
ISIC_2832798,IL_3627285,dermoscopic,Benign,NV,NV
ISIC_2832853,IL_1361358,dermoscopic,Malignant,BCC,BCC
ISIC_2833179,IL_9575395,dermoscopic,Malignant,BCC,BCC
ISIC_2833803,IL_9701930,clinical: close-up,Malignant,BCC,BCC
ISIC_2834466,IL_5858083,clinical: close-up,Malignant,BCC,BCC
ISIC_2835261,IL_4405494,clinical: close-up,Benign,NV,NV
ISIC_2837403,IL_3475152,clinical: close-up,Benign,BKL,BKL
ISIC_2838288,IL_9783662,clinical: close-up,Malignant,BCC,BCC
ISIC_2839422,IL_3824420,clinical: close-up,Benign,NV,NV
ISIC_2839614,IL_8572700,dermoscopic,Malignant,BCC,BCC
ISIC_2840695,IL_0303192,clinical: close-up,Malignant,SCCKA,SCCKA
ISIC_2841434,IL_3576180,clinical: close-up,Benign,NV,NV
ISIC_2843665,IL_5733908,dermoscopic,Malignant,MEL,MEL
ISIC_2845349,IL_3151519,clinical: close-up,Malignant,MEL,MEL
ISIC_2845706,IL_5580548,dermoscopic,Malignant,SCCKA,SCCKA
ISIC_2846004,IL_9344336,dermoscopic,Benign,DF,DF
ISIC_2846074,IL_9707582,clinical: close-up,Malignant,BCC,BCC
ISIC_2846120,IL_3938261,clinical: close-up,Malignant,BCC,BCC
ISIC_2846167,IL_1313145,dermoscopic,Benign,BKL,BKL
ISIC_2846740,IL_2103836,clinical: close-up,Benign,DF,DF
ISIC_2847750,IL_1225900,dermoscopic,Malignant,BCC,BCC
ISIC_2848199,IL_9353548,clinical: close-up,Malignant,BCC,BCC
ISIC_2848487,IL_6609864,dermoscopic,Benign,NV,NV
ISIC_2854469,IL_9325305,dermoscopic,Malignant,BCC,BCC
ISIC_2855373,IL_9157359,clinical: close-up,Malignant,SCCKA,SCCKA
ISIC_2855847,IL_4410437,clinical: close-up,Malignant,BCC,BCC
ISIC_2857248,IL_7237834,dermoscopic,Malignant,BCC,BCC
ISIC_2864613,IL_5197264,dermoscopic,Malignant,BCC,BCC
ISIC_2866672,IL_7749892,dermoscopic,Benign,DF,DF
ISIC_2866719,IL_7281878,dermoscopic,Malignant,BCC,BCC
ISIC_2867998,IL_5470919,dermoscopic,Malignant,MEL,MEL
ISIC_2868713,IL_1587748,dermoscopic,Malignant,BCC,BCC
ISIC_2868896,IL_2482896,dermoscopic,Benign,DF,DF
ISIC_2869678,IL_2714840,clinical: close-up,Malignant,BCC,BCC
ISIC_2869987,IL_6040962,clinical: close-up,Malignant,AKIEC,AKIEC
ISIC_2870164,IL_3339713,clinical: close-up,Benign,NV,NV
ISIC_2872052,IL_2096474,dermoscopic,Malignant,SCCKA,SCCKA
ISIC_2873444,IL_2663991,dermoscopic,Malignant,SCCKA,SCCKA
ISIC_2873569,IL_4320336,clinical: close-up,Benign,NV,NV
ISIC_2873988,IL_2088463,dermoscopic,Malignant,BCC,BCC
ISIC_2874145,IL_5709126,clinical: close-up,Malignant,BCC,BCC
ISIC_2876063,IL_4566979,clinical: close-up,Benign,INF,INF
ISIC_2877235,IL_5631172,dermoscopic,Benign,DF,DF
ISIC_2879057,IL_1799297,dermoscopic,Malignant,MEL,MEL
ISIC_2880667,IL_7140483,dermoscopic,Malignant,BCC,BCC
ISIC_2886088,IL_6841105,clinical: close-up,Malignant,BCC,BCC
ISIC_2886495,IL_9556887,dermoscopic,Benign,BKL,BKL
ISIC_2887419,IL_7925495,clinical: close-up,Malignant,BCC,BCC
ISIC_2889500,IL_3656714,clinical: close-up,Malignant,BCC,BCC
ISIC_2891524,IL_6692380,clinical: close-up,Malignant,AKIEC,AKIEC
ISIC_2891861,IL_8805142,clinical: close-up,Benign,BKL,BKL
ISIC_2892335,IL_4932041,clinical: close-up,Benign,BKL,BKL
ISIC_2895427,IL_0596741,dermoscopic,Malignant,BCC,BCC
ISIC_2896896,IL_9974051,clinical: close-up,Malignant,BCC,BCC
ISIC_2897284,IL_4641417,dermoscopic,Malignant,BCC,BCC
ISIC_2897696,IL_7964998,clinical: close-up,Benign,NV,NV
ISIC_2900527,IL_5535772,clinical: close-up,Malignant,BCC,BCC
ISIC_2900811,IL_9150101,clinical: close-up,Malignant,BCC,BCC
ISIC_2902367,IL_5493547,dermoscopic,Malignant,SCCKA,SCCKA
ISIC_2903716,IL_4935595,clinical: close-up,Benign,NV,NV
ISIC_2903873,IL_1140654,clinical: close-up,Malignant,BCC,BCC
ISIC_2905836,IL_0761074,dermoscopic,Malignant,BCC,BCC
ISIC_2906273,IL_5832874,dermoscopic,Malignant,SCCKA,SCCKA
ISIC_2906597,IL_1752331,clinical: close-up,Malignant,BCC,BCC
ISIC_2907780,IL_2714840,dermoscopic,Malignant,BCC,BCC
ISIC_2909896,IL_6920562,clinical: close-up,Malignant,BCC,BCC
ISIC_2911472,IL_9130724,clinical: close-up,Malignant,MEL,MEL
ISIC_2912041,IL_9471621,dermoscopic,Benign,NV,NV
ISIC_2913187,IL_0262433,dermoscopic,Indeterminate,AKIEC,AKIEC
ISIC_2914456,IL_3884933,dermoscopic,Malignant,BCC,BCC
ISIC_2915213,IL_4726113,clinical: close-up,Malignant,BCC,BCC
ISIC_2915605,IL_2096357,clinical: close-up,Malignant,BCC,BCC
ISIC_2916022,IL_3608971,dermoscopic,Malignant,BCC,BCC
ISIC_2918081,IL_7237859,dermoscopic,Benign,NV,NV
ISIC_2919752,IL_1544139,dermoscopic,Malignant,SCCKA,SCCKA
ISIC_2920020,IL_8954957,clinical: close-up,Malignant,BCC,BCC
ISIC_2921430,IL_5993994,dermoscopic,Malignant,BCC,BCC
ISIC_2923050,IL_9801115,dermoscopic,Malignant,SCCKA,SCCKA
ISIC_2925612,IL_8823164,dermoscopic,Malignant,BCC,BCC
ISIC_2925746,IL_8401362,dermoscopic,Benign,NV,NV
ISIC_2926418,IL_7940673,dermoscopic,Malignant,MEL,MEL
ISIC_2926621,IL_0618534,clinical: close-up,Benign,NV,NV
ISIC_2927179,IL_8657794,dermoscopic,Malignant,SCCKA,SCCKA
ISIC_2935903,IL_3518788,clinical: close-up,Benign,BKL,BKL
ISIC_2936914,IL_7744787,clinical: close-up,Malignant,MEL,MEL
ISIC_2938744,IL_2540198,clinical: close-up,Malignant,SCCKA,SCCKA
ISIC_2944495,IL_1880052,dermoscopic,Malignant,BCC,BCC
ISIC_2944503,IL_4131392,clinical: close-up,Benign,NV,NV
ISIC_2944762,IL_0030541,clinical: close-up,Malignant,BCC,BCC
ISIC_2945370,IL_1066586,dermoscopic,Malignant,BCC,BCC
ISIC_2949444,IL_1038225,clinical: close-up,Benign,NV,NV
ISIC_2950662,IL_3600941,dermoscopic,Malignant,BCC,BCC
ISIC_2950781,IL_8454481,clinical: close-up,Malignant,BCC,BCC
ISIC_2952159,IL_1066586,clinical: close-up,Malignant,BCC,BCC
ISIC_2952204,IL_6940421,dermoscopic,Malignant,BCC,BCC
ISIC_2952786,IL_4581258,clinical: close-up,Malignant,SCCKA,SCCKA
ISIC_2956586,IL_6616661,clinical: close-up,Malignant,BCC,BCC
ISIC_2956882,IL_3252703,clinical: close-up,Malignant,MEL,MEL
ISIC_2957330,IL_7636266,clinical: close-up,Malignant,BCC,BCC
ISIC_2961262,IL_5725802,dermoscopic,Benign,NV,NV
ISIC_2961437,IL_6677993,dermoscopic,Benign,NV,NV
ISIC_2963084,IL_9489343,dermoscopic,Malignant,MEL,MEL
ISIC_2964078,IL_9349173,clinical: close-up,Benign,NV,NV
ISIC_2964593,IL_8602598,clinical: close-up,Malignant,BCC,BCC
ISIC_2965800,IL_6197231,clinical: close-up,Malignant,BCC,BCC
ISIC_2968192,IL_5762747,clinical: close-up,Malignant,BCC,BCC
ISIC_2968300,IL_4245376,clinical: close-up,Malignant,BCC,BCC
ISIC_2970971,IL_1608100,dermoscopic,Benign,NV,NV
ISIC_2973033,IL_4674217,dermoscopic,Malignant,BCC,BCC
ISIC_2973118,IL_7744889,dermoscopic,Malignant,BCC,BCC
ISIC_2973605,IL_6536248,dermoscopic,Malignant,BCC,BCC
ISIC_2973607,IL_8880456,dermoscopic,Benign,NV,NV
ISIC_2974995,IL_6732051,dermoscopic,Malignant,BCC,BCC
ISIC_2975261,IL_0719888,dermoscopic,Malignant,BCC,BCC
ISIC_2977377,IL_3117847,dermoscopic,Benign,NV,NV
ISIC_2977779,IL_7736241,clinical: close-up,Indeterminate,AKIEC,AKIEC
ISIC_2983004,IL_9569942,clinical: close-up,Malignant,AKIEC,AKIEC
ISIC_2984850,IL_6660320,clinical: close-up,Benign,INF,INF
ISIC_2987179,IL_1418667,dermoscopic,Indeterminate,AKIEC,AKIEC
ISIC_2987655,IL_1399100,clinical: close-up,Malignant,BCC,BCC
ISIC_2987893,IL_2454267,clinical: close-up,Malignant,SCCKA,SCCKA
ISIC_2988309,IL_4511689,clinical: close-up,Malignant,BCC,BCC
ISIC_2989365,IL_4701281,dermoscopic,Benign,NV,NV
ISIC_2991167,IL_2707653,dermoscopic,Malignant,BCC,BCC
ISIC_2992927,IL_4732392,clinical: close-up,Benign,NV,NV
ISIC_2993083,IL_3138805,dermoscopic,Malignant,SCCKA,SCCKA
ISIC_2993511,IL_6458200,clinical: close-up,Malignant,BCC,BCC
ISIC_2994689,IL_8509050,clinical: close-up,Malignant,BCC,BCC
ISIC_2994885,IL_2167719,clinical: close-up,Benign,BKL,BKL
ISIC_2995621,IL_4491344,dermoscopic,Malignant,SCCKA,SCCKA
ISIC_2997062,IL_3565320,clinical: close-up,Malignant,MEL,MEL
ISIC_2998511,IL_7360885,clinical: close-up,Malignant,SCCKA,SCCKA
ISIC_2998536,IL_2409650,clinical: close-up,Malignant,BCC,BCC
ISIC_2999230,IL_9463449,clinical: close-up,Benign,NV,NV
ISIC_2999384,IL_4591164,clinical: close-up,Malignant,BCC,BCC
ISIC_3003010,IL_1065532,dermoscopic,Malignant,BCC,BCC
ISIC_3003648,IL_9348044,dermoscopic,Benign,BKL,BKL
ISIC_3004699,IL_0586975,dermoscopic,Malignant,AKIEC,AKIEC
ISIC_3004974,IL_3226127,clinical: close-up,Malignant,BCC,BCC
ISIC_3006692,IL_5979205,dermoscopic,Benign,NV,NV
ISIC_3009842,IL_7147688,dermoscopic,Indeterminate,AKIEC,AKIEC
ISIC_3011830,IL_2080493,clinical: close-up,Malignant,BCC,BCC
ISIC_3013323,IL_9173728,clinical: close-up,Malignant,BCC,BCC
ISIC_3014783,IL_6491562,clinical: close-up,Malignant,BCC,BCC
ISIC_3015060,IL_0143868,clinical: close-up,Malignant,SCCKA,SCCKA
ISIC_3015606,IL_4932041,dermoscopic,Benign,BKL,BKL
ISIC_3020708,IL_3161525,clinical: close-up,Malignant,BCC,BCC
ISIC_3020882,IL_8648373,dermoscopic,Malignant,BCC,BCC
ISIC_3022005,IL_8678010,dermoscopic,Malignant,BCC,BCC
ISIC_3022261,IL_7232351,dermoscopic,Malignant,BCC,BCC
ISIC_3023055,IL_7041328,dermoscopic,Malignant,BCC,BCC
ISIC_3023198,IL_5857700,dermoscopic,Malignant,SCCKA,SCCKA
ISIC_3023607,IL_2041854,dermoscopic,Malignant,BCC,BCC
ISIC_3024107,IL_5770532,clinical: close-up,Benign,NV,NV
ISIC_3024690,IL_9324964,dermoscopic,Malignant,BCC,BCC
ISIC_3025142,IL_5670003,clinical: close-up,Malignant,BCC,BCC
ISIC_3025966,IL_6193857,dermoscopic,Indeterminate,AKIEC,AKIEC
ISIC_3027737,IL_0486973,dermoscopic,Malignant,BCC,BCC
ISIC_3028893,IL_1293344,dermoscopic,Malignant,BCC,BCC
ISIC_3032522,IL_7644986,dermoscopic,Malignant,BCC,BCC
ISIC_3034439,IL_1653926,dermoscopic,Malignant,BCC,BCC
ISIC_3036641,IL_9838418,clinical: close-up,Malignant,BCC,BCC
ISIC_3037508,IL_2816298,clinical: close-up,Malignant,BCC,BCC
ISIC_3037740,IL_7133935,clinical: close-up,Benign,NV,NV
ISIC_3039458,IL_3398129,clinical: close-up,Malignant,BCC,BCC
ISIC_3042149,IL_8500079,clinical: close-up,Malignant,BCC,BCC
ISIC_3043432,IL_6950574,clinical: close-up,Malignant,SCCKA,SCCKA
ISIC_3045023,IL_5961668,clinical: close-up,Benign,NV,NV
ISIC_3045344,IL_5078646,clinical: close-up,Malignant,SCCKA,SCCKA
ISIC_3045477,IL_5704362,clinical: close-up,Malignant,AKIEC,AKIEC
ISIC_3046799,IL_6481233,clinical: close-up,Benign,BKL,BKL
ISIC_3047578,IL_6238861,dermoscopic,Benign,BKL,BKL
ISIC_3048228,IL_2315755,dermoscopic,Malignant,MEL,MEL
ISIC_3050024,IL_9353548,dermoscopic,Malignant,BCC,BCC
ISIC_3050113,IL_9991953,clinical: close-up,Malignant,MEL,MEL
ISIC_3050416,IL_6827791,dermoscopic,Malignant,BCC,BCC
ISIC_3050521,IL_7652961,dermoscopic,Malignant,BCC,BCC
ISIC_3053943,IL_6448360,clinical: close-up,Benign,NV,NV
ISIC_3055420,IL_0702834,clinical: close-up,Malignant,BCC,BCC
ISIC_3057442,IL_7714849,clinical: close-up,Malignant,MEL,MEL
ISIC_3061267,IL_0317976,clinical: close-up,Malignant,BCC,BCC
ISIC_3063817,IL_6055895,dermoscopic,Malignant,BCC,BCC
ISIC_3064112,IL_1765810,dermoscopic,Indeterminate,AKIEC,AKIEC
ISIC_3069767,IL_9965908,dermoscopic,Malignant,BCC,BCC
ISIC_3072008,IL_9767273,dermoscopic,Malignant,BCC,BCC
ISIC_3072729,IL_3488429,clinical: close-up,Malignant,BCC,BCC
ISIC_3073821,IL_0653434,dermoscopic,Malignant,MEL,MEL
ISIC_3078783,IL_6732051,clinical: close-up,Malignant,BCC,BCC
ISIC_3080695,IL_2463656,clinical: close-up,Benign,NV,NV
ISIC_3082193,IL_2908166,clinical: close-up,Benign,BKL,BKL
ISIC_3082676,IL_9367343,clinical: close-up,Malignant,BCC,BCC
ISIC_3083384,IL_6249500,dermoscopic,Malignant,BCC,BCC
ISIC_3083566,IL_8083531,clinical: close-up,Malignant,BCC,BCC
ISIC_3085336,IL_2406754,dermoscopic,Malignant,MEL,MEL
ISIC_3085694,IL_3090203,dermoscopic,Benign,BEN_OTH,OTHER
ISIC_3088033,IL_4149051,dermoscopic,Malignant,BCC,BCC
ISIC_3088055,IL_3457214,dermoscopic,Malignant,BCC,BCC
ISIC_3088358,IL_0345043,dermoscopic,Malignant,BCC,BCC
ISIC_3090517,IL_5415624,dermoscopic,Malignant,MEL,MEL
ISIC_3091817,IL_4561520,clinical: close-up,Benign,NV,NV
ISIC_3092576,IL_0371298,clinical: close-up,Malignant,BCC,BCC
ISIC_3093760,IL_7627926,clinical: close-up,Malignant,AKIEC,AKIEC
ISIC_3094215,IL_1286984,dermoscopic,Benign,NV,NV
ISIC_3094384,IL_8151298,clinical: close-up,Benign,NV,NV
ISIC_3095773,IL_8316366,clinical: close-up,Malignant,BCC,BCC
ISIC_3100293,IL_2433161,clinical: close-up,Malignant,MEL,MEL
ISIC_3101169,IL_7459473,dermoscopic,Benign,BKL,BKL
ISIC_3102604,IL_8581964,clinical: close-up,Malignant,BCC,BCC
ISIC_3103756,IL_1020269,dermoscopic,Malignant,BCC,BCC
ISIC_3105211,IL_6119017,dermoscopic,Benign,NV,NV
ISIC_3111434,IL_0976725,clinical: close-up,Benign,BKL,BKL
ISIC_3113033,IL_8864623,dermoscopic,Malignant,SCCKA,SCCKA
ISIC_3114974,IL_3711710,clinical: close-up,Malignant,BCC,BCC
ISIC_3117423,IL_3096857,dermoscopic,Malignant,BCC,BCC
ISIC_3118860,IL_2211543,dermoscopic,Malignant,BCC,BCC
ISIC_3119815,IL_8671827,clinical: close-up,Malignant,SCCKA,SCCKA
ISIC_3120412,IL_6145906,dermoscopic,Malignant,BCC,BCC
ISIC_3125449,IL_7532219,clinical: close-up,Malignant,BCC,BCC
ISIC_3127974,IL_0808722,dermoscopic,Malignant,AKIEC,AKIEC
ISIC_3129117,IL_5037450,dermoscopic,Malignant,BCC,BCC
ISIC_3129795,IL_1827145,dermoscopic,Benign,VASC,VASC
ISIC_3132743,IL_3341722,clinical: close-up,Malignant,BCC,BCC
ISIC_3138874,IL_9067051,dermoscopic,Malignant,BCC,BCC
ISIC_3140203,IL_7975365,dermoscopic,Benign,BKL,BKL
ISIC_3140817,IL_8273782,clinical: close-up,Malignant,MEL,MEL
ISIC_3141018,IL_4313247,dermoscopic,Malignant,SCCKA,SCCKA
ISIC_3142156,IL_7709757,clinical: close-up,Malignant,BCC,BCC
ISIC_3145046,IL_7602134,clinical: close-up,Benign,BKL,BKL
ISIC_3147082,IL_8157640,dermoscopic,Malignant,BCC,BCC
ISIC_3148432,IL_4263582,clinical: close-up,Malignant,BCC,BCC
ISIC_3154934,IL_5670003,dermoscopic,Malignant,BCC,BCC
ISIC_3155654,IL_2988717,dermoscopic,Benign,BKL,BKL
ISIC_3157648,IL_0444889,dermoscopic,Benign,NV,NV
ISIC_3157761,IL_5358178,clinical: close-up,Benign,BKL,BKL
ISIC_3158315,IL_1042146,dermoscopic,Malignant,BCC,BCC
ISIC_3159993,IL_7252139,clinical: close-up,Benign,BKL,BKL
ISIC_3162480,IL_4588055,clinical: close-up,Benign,NV,NV
ISIC_3162488,IL_9180123,dermoscopic,Benign,NV,NV
ISIC_3162836,IL_2609201,clinical: close-up,Benign,NV,NV
ISIC_3163093,IL_3052148,dermoscopic,Malignant,BCC,BCC
ISIC_3166154,IL_6295133,clinical: close-up,Malignant,BCC,BCC
ISIC_3167280,IL_5655863,clinical: close-up,Malignant,BCC,BCC
ISIC_3168049,IL_6829628,clinical: close-up,Benign,VASC,VASC
ISIC_3171197,IL_2053741,clinical: close-up,Malignant,SCCKA,SCCKA
ISIC_3175404,IL_9659963,clinical: close-up,Malignant,BCC,BCC
ISIC_3175480,IL_0076523,dermoscopic,Benign,BKL,BKL
ISIC_3175640,IL_9958247,clinical: close-up,Malignant,MEL,MEL
ISIC_3175755,IL_0076383,dermoscopic,Benign,BKL,BKL
ISIC_3177059,IL_8854327,clinical: close-up,Malignant,BCC,BCC
ISIC_3178739,IL_8784837,dermoscopic,Malignant,SCCKA,SCCKA
ISIC_3178945,IL_1393586,dermoscopic,Malignant,AKIEC,AKIEC
ISIC_3179593,IL_7724286,clinical: close-up,Benign,BKL,BKL
ISIC_3180901,IL_9446823,clinical: close-up,Malignant,SCCKA,SCCKA
ISIC_3181599,IL_4425238,clinical: close-up,Indeterminate,AKIEC,AKIEC
ISIC_3183046,IL_2141966,dermoscopic,Malignant,BCC,BCC
ISIC_3183514,IL_5040645,dermoscopic,Malignant,BCC,BCC
ISIC_3185613,IL_7744889,clinical: close-up,Malignant,BCC,BCC
ISIC_3187803,IL_8019185,dermoscopic,Malignant,BCC,BCC
ISIC_3187907,IL_5997841,dermoscopic,Malignant,BCC,BCC
ISIC_3188102,IL_4567076,clinical: close-up,Malignant,BCC,BCC
ISIC_3189171,IL_4576519,clinical: close-up,Benign,BKL,BKL
ISIC_3190111,IL_4196586,clinical: close-up,Malignant,BCC,BCC
ISIC_3191236,IL_8574394,clinical: close-up,Benign,BKL,BKL
ISIC_3191687,IL_3424617,dermoscopic,Benign,NV,NV
ISIC_3192193,IL_5444067,dermoscopic,Malignant,SCCKA,SCCKA
ISIC_3194532,IL_9947908,clinical: close-up,Malignant,BCC,BCC
ISIC_3197211,IL_3809267,dermoscopic,Malignant,MEL,MEL
ISIC_3197377,IL_5627565,dermoscopic,Malignant,BCC,BCC
ISIC_3197379,IL_9717585,clinical: close-up,Malignant,BCC,BCC
ISIC_3202131,IL_4032285,dermoscopic,Malignant,BCC,BCC
ISIC_3210379,IL_9179021,dermoscopic,Malignant,BCC,BCC
ISIC_3211369,IL_1361358,clinical: close-up,Malignant,BCC,BCC
ISIC_3211877,IL_4453479,dermoscopic,Malignant,SCCKA,SCCKA
ISIC_3213706,IL_4962584,clinical: close-up,Benign,NV,NV
ISIC_3217005,IL_3745397,dermoscopic,Malignant,BCC,BCC
ISIC_3217731,IL_8650948,clinical: close-up,Malignant,SCCKA,SCCKA
ISIC_3217799,IL_3936044,dermoscopic,Malignant,AKIEC,AKIEC
ISIC_3220827,IL_2058691,clinical: close-up,Malignant,BCC,BCC
ISIC_3224359,IL_6752385,dermoscopic,Benign,NV,NV
ISIC_3225420,IL_9308328,dermoscopic,Benign,NV,NV
ISIC_3228433,IL_9797209,clinical: close-up,Malignant,BCC,BCC
ISIC_3229589,IL_2547108,dermoscopic,Malignant,BCC,BCC
ISIC_3231371,IL_9166527,clinical: close-up,Malignant,BCC,BCC
ISIC_3233781,IL_2066626,clinical: close-up,Malignant,BCC,BCC
ISIC_3234625,IL_0105755,clinical: close-up,Malignant,BCC,BCC
ISIC_3235167,IL_1928434,dermoscopic,Malignant,BCC,BCC
ISIC_3235332,IL_2704222,dermoscopic,Malignant,BCC,BCC
ISIC_3236056,IL_7509121,dermoscopic,Malignant,BCC,BCC
ISIC_3237120,IL_5930295,clinical: close-up,Malignant,BCC,BCC
ISIC_3242637,IL_5190686,clinical: close-up,Malignant,SCCKA,SCCKA
ISIC_3244506,IL_3503825,clinical: close-up,Malignant,MEL,MEL
ISIC_3247057,IL_8612216,dermoscopic,Malignant,BCC,BCC
ISIC_3248418,IL_9229110,dermoscopic,Malignant,MEL,MEL
ISIC_3248460,IL_7825676,clinical: close-up,Malignant,SCCKA,SCCKA
ISIC_3250445,IL_7329436,clinical: close-up,Malignant,BCC,BCC
ISIC_3251194,IL_4715886,clinical: close-up,Malignant,BCC,BCC
ISIC_3251490,IL_2868524,clinical: close-up,Malignant,BCC,BCC
ISIC_3252559,IL_0967073,dermoscopic,Malignant,SCCKA,SCCKA
ISIC_3252878,IL_7242208,clinical: close-up,Malignant,BCC,BCC
ISIC_3253665,IL_2442202,clinical: close-up,Malignant,SCCKA,SCCKA
ISIC_3255507,IL_3052148,clinical: close-up,Malignant,BCC,BCC
ISIC_3258327,IL_1740748,clinical: close-up,Benign,NV,NV
ISIC_3259414,IL_0327292,dermoscopic,Malignant,BCC,BCC
ISIC_3259871,IL_2433161,dermoscopic,Malignant,MEL,MEL
ISIC_3261040,IL_1874719,clinical: close-up,Benign,BKL,BKL
ISIC_3262933,IL_2201077,clinical: close-up,Benign,NV,NV
ISIC_3265655,IL_8224521,dermoscopic,Malignant,SCCKA,SCCKA
ISIC_3265817,IL_1141889,dermoscopic,Benign,BKL,BKL
ISIC_3265828,IL_1418796,clinical: close-up,Benign,BKL,BKL
ISIC_3267303,IL_9127211,dermoscopic,Malignant,BCC,BCC
ISIC_3267363,IL_3186878,dermoscopic,Benign,NV,NV
ISIC_3269390,IL_7933617,clinical: close-up,Malignant,SCCKA,SCCKA
ISIC_3269995,IL_6172184,dermoscopic,Indeterminate,AKIEC,AKIEC
ISIC_3272276,IL_0069690,clinical: close-up,Malignant,BCC,BCC
ISIC_3275406,IL_7961320,dermoscopic,Malignant,BCC,BCC
ISIC_3277305,IL_7817244,dermoscopic,Malignant,BCC,BCC
ISIC_3277520,IL_3772690,clinical: close-up,Malignant,SCCKA,SCCKA
ISIC_3278222,IL_3060929,clinical: close-up,Benign,NV,NV
ISIC_3281875,IL_2163482,dermoscopic,Malignant,BCC,BCC
ISIC_3284065,IL_8168935,clinical: close-up,Malignant,BCC,BCC
ISIC_3284822,IL_9734690,clinical: close-up,Benign,BKL,BKL
ISIC_3284879,IL_0368835,dermoscopic,Benign,BKL,BKL
ISIC_3288726,IL_7230035,clinical: close-up,Malignant,MEL,MEL
ISIC_3289736,IL_1264405,clinical: close-up,Benign,NV,NV
ISIC_3290113,IL_4203522,clinical: close-up,Malignant,BCC,BCC
ISIC_3290988,IL_1037405,clinical: close-up,Benign,INF,INF
ISIC_3295711,IL_1173774,clinical: close-up,Malignant,BCC,BCC
ISIC_3297304,IL_3660517,clinical: close-up,Malignant,BCC,BCC
ISIC_3298166,IL_6383449,dermoscopic,Benign,NV,NV
ISIC_3298684,IL_2369272,clinical: close-up,Malignant,BCC,BCC
ISIC_3298721,IL_9439030,clinical: close-up,Malignant,BCC,BCC
ISIC_3298769,IL_5880830,clinical: close-up,Malignant,BCC,BCC
ISIC_3301517,IL_9439639,clinical: close-up,Malignant,MEL,MEL
ISIC_3302174,IL_4639886,dermoscopic,Malignant,SCCKA,SCCKA
ISIC_3302562,IL_7438148,dermoscopic,Malignant,BCC,BCC
ISIC_3302639,IL_3576775,clinical: close-up,Malignant,BCC,BCC
ISIC_3302986,IL_9917624,dermoscopic,Malignant,BCC,BCC
ISIC_3303508,IL_8918294,clinical: close-up,Malignant,BCC,BCC
ISIC_3305736,IL_4259572,clinical: close-up,Malignant,BCC,BCC
ISIC_3306172,IL_9630385,clinical: close-up,Malignant,MEL,MEL
ISIC_3306550,IL_7440371,clinical: close-up,Benign,NV,NV
ISIC_3307206,IL_3179452,dermoscopic,Benign,BKL,BKL
ISIC_3307579,IL_0894322,dermoscopic,Malignant,BCC,BCC
ISIC_3308043,IL_9106162,clinical: close-up,Malignant,BCC,BCC
ISIC_3308945,IL_1003728,clinical: close-up,Malignant,MEL,MEL
ISIC_3309783,IL_9193873,clinical: close-up,Malignant,BCC,BCC
ISIC_3312614,IL_0933213,clinical: close-up,Malignant,BCC,BCC
ISIC_3313166,IL_3518780,dermoscopic,Malignant,BCC,BCC
ISIC_3316082,IL_3668497,clinical: close-up,Benign,NV,NV
ISIC_3317235,IL_6228849,dermoscopic,Malignant,BCC,BCC
ISIC_3317643,IL_6502535,dermoscopic,Benign,BKL,BKL
ISIC_3317755,IL_7660724,dermoscopic,Malignant,BCC,BCC
ISIC_3318295,IL_5790573,clinical: close-up,Benign,NV,NV
ISIC_3318403,IL_8188380,clinical: close-up,Malignant,BCC,BCC
ISIC_3318576,IL_5236788,clinical: close-up,Benign,BKL,BKL
ISIC_3320667,IL_4826540,dermoscopic,Malignant,MEL,MEL
ISIC_3322515,IL_7713182,dermoscopic,Benign,NV,NV
ISIC_3323980,IL_0836761,clinical: close-up,Malignant,BCC,BCC
ISIC_3326999,IL_8508107,clinical: close-up,Malignant,BCC,BCC
ISIC_3327085,IL_2623248,clinical: close-up,Malignant,BCC,BCC
ISIC_3327886,IL_3558954,clinical: close-up,Malignant,BCC,BCC
ISIC_3327928,IL_5795869,dermoscopic,Malignant,MEL,MEL
ISIC_3327943,IL_2172033,dermoscopic,Malignant,BCC,BCC
ISIC_3328629,IL_1571488,clinical: close-up,Malignant,BCC,BCC
ISIC_3331148,IL_8569852,dermoscopic,Malignant,BCC,BCC
ISIC_3331939,IL_0308354,clinical: close-up,Malignant,BCC,BCC
ISIC_3334508,IL_2752948,clinical: close-up,Malignant,BCC,BCC
ISIC_3334573,IL_6246530,dermoscopic,Malignant,BCC,BCC
ISIC_3334868,IL_4052730,clinical: close-up,Benign,NV,NV
ISIC_3336908,IL_3334554,dermoscopic,Malignant,MEL,MEL
ISIC_3337707,IL_0317980,clinical: close-up,Malignant,BCC,BCC
ISIC_3338902,IL_2166765,clinical: close-up,Benign,BKL,BKL
ISIC_3341226,IL_2326581,dermoscopic,Malignant,BCC,BCC
ISIC_3341232,IL_6226782,clinical: close-up,Malignant,BCC,BCC
ISIC_3341530,IL_9500991,clinical: close-up,Malignant,MEL,MEL
ISIC_3346679,IL_7197131,dermoscopic,Malignant,BCC,BCC
ISIC_3347493,IL_1495229,dermoscopic,Malignant,BCC,BCC
ISIC_3349058,IL_4212984,dermoscopic,Malignant,BCC,BCC
ISIC_3349986,IL_9608485,clinical: close-up,Benign,NV,NV
ISIC_3352589,IL_0903975,dermoscopic,Malignant,BCC,BCC
ISIC_3354653,IL_4624720,dermoscopic,Indeterminate,AKIEC,AKIEC
ISIC_3355310,IL_4913494,clinical: close-up,Benign,BKL,BKL
ISIC_3357525,IL_3060691,dermoscopic,Malignant,BCC,BCC
ISIC_3357733,IL_3236143,clinical: close-up,Malignant,BCC,BCC
ISIC_3359951,IL_8674399,clinical: close-up,Malignant,BCC,BCC
ISIC_3360186,IL_6599749,dermoscopic,Benign,NV,NV
ISIC_3361208,IL_3368963,dermoscopic,Malignant,BCC,BCC
ISIC_3361791,IL_4149493,clinical: close-up,Malignant,BCC,BCC
ISIC_3364269,IL_3293751,dermoscopic,Malignant,BCC,BCC
ISIC_3365241,IL_9190120,dermoscopic,Malignant,BCC,BCC
ISIC_3365437,IL_1861400,dermoscopic,Malignant,BCC,BCC
ISIC_3366370,IL_1894858,clinical: close-up,Malignant,BCC,BCC
ISIC_3368991,IL_7894470,dermoscopic,Indeterminate,AKIEC,AKIEC
ISIC_3369429,IL_0653434,clinical: close-up,Malignant,MEL,MEL
ISIC_3370385,IL_7514466,clinical: close-up,Malignant,BCC,BCC
ISIC_3371218,IL_8383981,clinical: close-up,Malignant,BCC,BCC
ISIC_3372353,IL_5890474,dermoscopic,Malignant,BCC,BCC
ISIC_3372650,IL_5848004,dermoscopic,Benign,NV,NV
ISIC_3375059,IL_9617690,clinical: close-up,Malignant,BCC,BCC
ISIC_3388002,IL_5821357,clinical: close-up,Benign,BKL,BKL
ISIC_3389727,IL_2067413,dermoscopic,Benign,BKL,BKL
ISIC_3389976,IL_1406578,clinical: close-up,Malignant,BCC,BCC
ISIC_3392380,IL_7749269,dermoscopic,Malignant,BCC,BCC
ISIC_3392397,IL_7705011,dermoscopic,Malignant,BCC,BCC
ISIC_3394938,IL_9124015,dermoscopic,Malignant,BCC,BCC
ISIC_3395847,IL_9066229,dermoscopic,Malignant,SCCKA,SCCKA
ISIC_3396463,IL_7825697,dermoscopic,Malignant,MEL,MEL
ISIC_3396860,IL_8193590,dermoscopic,Malignant,MEL,MEL
ISIC_3397320,IL_4392896,clinical: close-up,Benign,BKL,BKL
ISIC_3397720,IL_2802715,dermoscopic,Malignant,BCC,BCC
ISIC_3399647,IL_2545098,dermoscopic,Benign,BKL,BKL
ISIC_3401124,IL_8339117,dermoscopic,Malignant,BCC,BCC
ISIC_3408726,IL_1102266,clinical: close-up,Malignant,MEL,MEL
ISIC_3411624,IL_5543989,clinical: close-up,Malignant,BCC,BCC
ISIC_3412303,IL_7929942,dermoscopic,Malignant,SCCKA,SCCKA
ISIC_3418096,IL_8376298,dermoscopic,Benign,DF,DF
ISIC_3418246,IL_6600785,dermoscopic,Malignant,SCCKA,SCCKA
ISIC_3418625,IL_4997932,clinical: close-up,Malignant,BCC,BCC
ISIC_3420842,IL_5992819,clinical: close-up,Benign,BKL,BKL
ISIC_3422780,IL_4472583,dermoscopic,Malignant,SCCKA,SCCKA
ISIC_3425683,IL_3532115,dermoscopic,Benign,BKL,BKL
ISIC_3427742,IL_4528445,clinical: close-up,Malignant,MEL,MEL
ISIC_3428455,IL_5782288,clinical: close-up,Malignant,AKIEC,AKIEC
ISIC_3428486,IL_8462731,dermoscopic,Indeterminate,AKIEC,AKIEC
ISIC_3428806,IL_2791803,clinical: close-up,Benign,BKL,BKL
ISIC_3429549,IL_2171810,dermoscopic,Malignant,SCCKA,SCCKA
ISIC_3430375,IL_2135126,clinical: close-up,Benign,BKL,BKL
ISIC_3430609,IL_2707139,dermoscopic,Malignant,AKIEC,AKIEC
ISIC_3430932,IL_5954640,dermoscopic,Benign,BKL,BKL
ISIC_3431348,IL_4987655,dermoscopic,Malignant,MEL,MEL
ISIC_3431588,IL_6802806,clinical: close-up,Malignant,BCC,BCC
ISIC_3431903,IL_2450651,dermoscopic,Benign,BKL,BKL
ISIC_3431989,IL_2291869,dermoscopic,Benign,BKL,BKL
ISIC_3432012,IL_9899181,dermoscopic,Malignant,BCC,BCC
ISIC_3432469,IL_7115746,clinical: close-up,Malignant,BCC,BCC
ISIC_3433968,IL_1181749,clinical: close-up,Malignant,SCCKA,SCCKA
ISIC_3434316,IL_8102879,dermoscopic,Benign,INF,INF
ISIC_3439130,IL_6259285,clinical: close-up,Benign,BKL,BKL
ISIC_3441354,IL_6031338,clinical: close-up,Malignant,BCC,BCC
ISIC_3442516,IL_1313650,clinical: close-up,Malignant,SCCKA,SCCKA
ISIC_3444223,IL_2775597,clinical: close-up,Malignant,BCC,BCC
ISIC_3445025,IL_5328388,dermoscopic,Malignant,BCC,BCC
ISIC_3446046,IL_5600470,dermoscopic,Benign,BKL,BKL
ISIC_3446517,IL_3314266,clinical: close-up,Benign,BKL,BKL
ISIC_3456765,IL_8233032,clinical: close-up,Malignant,MEL,MEL
ISIC_3456998,IL_3576775,dermoscopic,Malignant,BCC,BCC
ISIC_3459198,IL_1558791,clinical: close-up,Malignant,BCC,BCC
ISIC_3460141,IL_1618054,dermoscopic,Benign,NV,NV
ISIC_3460349,IL_1303481,clinical: close-up,Malignant,SCCKA,SCCKA
ISIC_3461504,IL_8108938,clinical: close-up,Malignant,BCC,BCC
ISIC_3462090,IL_2466652,dermoscopic,Malignant,BCC,BCC
ISIC_3462970,IL_1741364,clinical: close-up,Malignant,SCCKA,SCCKA
ISIC_3466390,IL_4093493,clinical: close-up,Malignant,AKIEC,AKIEC
ISIC_3466904,IL_9366811,dermoscopic,Malignant,BCC,BCC
ISIC_3467950,IL_1718320,clinical: close-up,Malignant,BCC,BCC
ISIC_3468250,IL_1151731,dermoscopic,Malignant,BCC,BCC
ISIC_3469093,IL_9106447,clinical: close-up,Benign,BKL,BKL
ISIC_3469837,IL_1436809,dermoscopic,Malignant,BCC,BCC
ISIC_3472228,IL_2176807,dermoscopic,Malignant,BCC,BCC
ISIC_3472289,IL_9150280,clinical: close-up,Benign,VASC,VASC
ISIC_3473807,IL_7869579,dermoscopic,Malignant,BCC,BCC
ISIC_3475592,IL_9482395,clinical: close-up,Malignant,MEL,MEL
ISIC_3475953,IL_7508882,clinical: close-up,Benign,NV,NV
ISIC_3477325,IL_0996879,dermoscopic,Benign,BEN_OTH,OTHER
ISIC_3480611,IL_9724863,dermoscopic,Malignant,SCCKA,SCCKA
ISIC_3482213,IL_9784446,clinical: close-up,Malignant,BCC,BCC
ISIC_3483575,IL_0106085,clinical: close-up,Malignant,BCC,BCC
ISIC_3485522,IL_3931647,clinical: close-up,Benign,BKL,BKL
ISIC_3487034,IL_7965758,dermoscopic,Malignant,BCC,BCC
ISIC_3488397,IL_6077697,dermoscopic,Benign,BKL,BKL
ISIC_3491198,IL_1166072,clinical: close-up,Malignant,BCC,BCC
ISIC_3491804,IL_0521541,clinical: close-up,Malignant,BCC,BCC
ISIC_3494647,IL_5033079,dermoscopic,Malignant,SCCKA,SCCKA
ISIC_3494719,IL_5173461,dermoscopic,Malignant,BCC,BCC
ISIC_3496072,IL_1127308,clinical: close-up,Malignant,SCCKA,SCCKA
ISIC_3500227,IL_2682225,dermoscopic,Malignant,SCCKA,SCCKA
ISIC_3500691,IL_0701362,dermoscopic,Malignant,MEL,MEL
ISIC_3503700,IL_9646137,clinical: close-up,Malignant,BCC,BCC
ISIC_3503789,IL_7727420,clinical: close-up,Malignant,SCCKA,SCCKA
ISIC_3504270,IL_1311157,dermoscopic,Malignant,BCC,BCC
ISIC_3505887,IL_6312892,clinical: close-up,Malignant,BCC,BCC
ISIC_3507614,IL_0808533,dermoscopic,Benign,BKL,BKL
ISIC_3508395,IL_9109267,clinical: close-up,Benign,NV,NV
ISIC_3508606,IL_4966664,clinical: close-up,Benign,BKL,BKL
ISIC_3510532,IL_5802470,clinical: close-up,Malignant,BCC,BCC
ISIC_3511086,IL_6943696,dermoscopic,Malignant,MEL,MEL
ISIC_3513521,IL_9035810,dermoscopic,Malignant,SCCKA,SCCKA
ISIC_3513821,IL_7071169,dermoscopic,Indeterminate,AKIEC,AKIEC
ISIC_3515780,IL_3824420,dermoscopic,Benign,NV,NV
ISIC_3515789,IL_5857209,clinical: close-up,Benign,NV,NV
ISIC_3518193,IL_1749756,dermoscopic,Benign,BKL,BKL
ISIC_3518720,IL_7709098,dermoscopic,Malignant,BCC,BCC
ISIC_3518967,IL_7987633,dermoscopic,Malignant,BCC,BCC
ISIC_3519677,IL_6069436,clinical: close-up,Indeterminate,AKIEC,AKIEC
ISIC_3520227,IL_7183355,dermoscopic,Malignant,MEL,MEL
ISIC_3521430,IL_1801069,clinical: close-up,Benign,NV,NV
ISIC_3522468,IL_3532115,clinical: close-up,Benign,BKL,BKL
ISIC_3526427,IL_6499920,dermoscopic,Malignant,BCC,BCC
ISIC_3526708,IL_6114071,dermoscopic,Benign,NV,NV
ISIC_3531459,IL_4157363,dermoscopic,Malignant,AKIEC,AKIEC
ISIC_3532575,IL_8370192,clinical: close-up,Malignant,BCC,BCC
ISIC_3535393,IL_6852784,clinical: close-up,Malignant,SCCKA,SCCKA
ISIC_3536529,IL_8784837,clinical: close-up,Malignant,SCCKA,SCCKA
ISIC_3537131,IL_5829281,dermoscopic,Malignant,BCC,BCC
ISIC_3539413,IL_3715792,dermoscopic,Benign,NV,NV
ISIC_3539669,IL_4519141,clinical: close-up,Benign,NV,NV
ISIC_3539795,IL_8574394,dermoscopic,Benign,BKL,BKL
ISIC_3540017,IL_1861760,dermoscopic,Benign,DF,DF
ISIC_3540482,IL_7995949,dermoscopic,Benign,NV,NV
ISIC_3542359,IL_4308535,clinical: close-up,Malignant,AKIEC,AKIEC
ISIC_3548384,IL_6246530,clinical: close-up,Malignant,BCC,BCC
ISIC_3548770,IL_6003876,dermoscopic,Malignant,BCC,BCC
ISIC_3553184,IL_9713334,clinical: close-up,Benign,DF,DF
ISIC_3553315,IL_6498121,dermoscopic,Malignant,BCC,BCC
ISIC_3560001,IL_6836938,clinical: close-up,Benign,NV,NV
ISIC_3560179,IL_0303192,dermoscopic,Malignant,SCCKA,SCCKA
ISIC_3562485,IL_0428893,dermoscopic,Malignant,BCC,BCC
ISIC_3563806,IL_2048295,clinical: close-up,Benign,NV,NV
ISIC_3564212,IL_5154725,clinical: close-up,Malignant,BCC,BCC
ISIC_3564428,IL_4318983,clinical: close-up,Malignant,BCC,BCC
ISIC_3566394,IL_5797843,clinical: close-up,Malignant,BCC,BCC
ISIC_3567360,IL_9940572,dermoscopic,Benign,BKL,BKL
ISIC_3568310,IL_0956761,dermoscopic,Malignant,BCC,BCC
ISIC_3573447,IL_9126795,clinical: close-up,Malignant,BCC,BCC
ISIC_3573709,IL_7959059,clinical: close-up,Malignant,BCC,BCC
ISIC_3577401,IL_3464725,clinical: close-up,Malignant,BCC,BCC
ISIC_3577478,IL_1670186,dermoscopic,Malignant,BCC,BCC
ISIC_3578842,IL_6480274,dermoscopic,Malignant,BCC,BCC
ISIC_3584546,IL_7898098,clinical: close-up,Malignant,BCC,BCC
ISIC_3584809,IL_6660320,dermoscopic,Benign,INF,INF
ISIC_3585425,IL_0210304,dermoscopic,Malignant,BCC,BCC
ISIC_3585759,IL_9782859,dermoscopic,Malignant,BCC,BCC
ISIC_3587587,IL_8376298,clinical: close-up,Benign,DF,DF
ISIC_3587674,IL_3503825,dermoscopic,Malignant,MEL,MEL
ISIC_3587898,IL_6860509,dermoscopic,Benign,NV,NV
ISIC_3589220,IL_0409175,dermoscopic,Benign,NV,NV
ISIC_3589795,IL_3836754,clinical: close-up,Malignant,BCC,BCC
ISIC_3590619,IL_1337093,clinical: close-up,Malignant,BCC,BCC
ISIC_3593419,IL_6060589,dermoscopic,Malignant,BCC,BCC
ISIC_3594514,IL_3204310,dermoscopic,Malignant,MEL,MEL
ISIC_3594638,IL_4344178,dermoscopic,Benign,NV,NV
ISIC_3595673,IL_0872966,clinical: close-up,Benign,NV,NV
ISIC_3596524,IL_8783670,dermoscopic,Malignant,BCC,BCC
ISIC_3597945,IL_1334935,dermoscopic,Benign,NV,NV
ISIC_3601357,IL_2383580,clinical: close-up,Malignant,AKIEC,AKIEC
ISIC_3601726,IL_9904066,clinical: close-up,Malignant,BCC,BCC
ISIC_3601752,IL_6741185,clinical: close-up,Malignant,MEL,MEL
ISIC_3602145,IL_7167860,dermoscopic,Benign,INF,INF
ISIC_3603310,IL_7620308,clinical: close-up,Benign,NV,NV
ISIC_3606192,IL_7672692,dermoscopic,Malignant,BCC,BCC
ISIC_3609001,IL_9403422,dermoscopic,Malignant,BCC,BCC
ISIC_3610123,IL_7336538,clinical: close-up,Malignant,BCC,BCC
ISIC_3613098,IL_4108143,clinical: close-up,Benign,NV,NV
ISIC_3613928,IL_3559203,clinical: close-up,Malignant,BCC,BCC
ISIC_3614265,IL_5954640,clinical: close-up,Benign,BKL,BKL
ISIC_3617005,IL_4131628,clinical: close-up,Malignant,BCC,BCC
ISIC_3620839,IL_0436732,dermoscopic,Malignant,MEL,MEL
ISIC_3625335,IL_4455323,dermoscopic,Malignant,AKIEC,AKIEC
ISIC_3627672,IL_1844435,dermoscopic,Malignant,MEL,MEL
ISIC_3628532,IL_8083531,dermoscopic,Malignant,BCC,BCC
ISIC_3628920,IL_5476058,clinical: close-up,Benign,BKL,BKL
ISIC_3629047,IL_8602483,clinical: close-up,Malignant,BCC,BCC
ISIC_3631653,IL_4601924,dermoscopic,Malignant,SCCKA,SCCKA
ISIC_3632192,IL_7462032,clinical: close-up,Malignant,BCC,BCC
ISIC_3636953,IL_0328020,dermoscopic,Malignant,MEL,MEL
ISIC_3636991,IL_7755497,dermoscopic,Benign,NV,NV
ISIC_3638194,IL_6481274,clinical: close-up,Malignant,BCC,BCC
ISIC_3639193,IL_4918224,clinical: close-up,Benign,BKL,BKL
ISIC_3640695,IL_7361065,clinical: close-up,Malignant,BCC,BCC
ISIC_3642409,IL_7281878,clinical: close-up,Malignant,BCC,BCC
ISIC_3642704,IL_0424747,dermoscopic,Benign,NV,NV
ISIC_3644082,IL_7871086,dermoscopic,Malignant,BCC,BCC
ISIC_3644112,IL_0817869,clinical: close-up,Benign,NV,NV
ISIC_3645026,IL_6921814,clinical: close-up,Benign,INF,INF
ISIC_3646755,IL_7650602,clinical: close-up,Malignant,BCC,BCC
ISIC_3651770,IL_0858380,clinical: close-up,Malignant,MEL,MEL
ISIC_3653173,IL_1175883,clinical: close-up,Indeterminate,AKIEC,AKIEC
ISIC_3654837,IL_9835654,dermoscopic,Malignant,BCC,BCC
ISIC_3656292,IL_8312438,clinical: close-up,Malignant,MEL,MEL
ISIC_3661670,IL_4676732,dermoscopic,Benign,BKL,BKL
ISIC_3663283,IL_6421981,dermoscopic,Malignant,BCC,BCC
ISIC_3666002,IL_4609095,dermoscopic,Malignant,SCCKA,SCCKA
ISIC_3666907,IL_6322271,dermoscopic,Benign,NV,NV
ISIC_3668445,IL_5287926,dermoscopic,Benign,NV,NV
ISIC_3668509,IL_9480741,clinical: close-up,Benign,INF,INF
ISIC_3669176,IL_9943627,dermoscopic,Malignant,BCC,BCC
ISIC_3669322,IL_2381359,clinical: close-up,Benign,NV,NV
ISIC_3672274,IL_2480187,dermoscopic,Malignant,BCC,BCC
ISIC_3672764,IL_4974594,clinical: close-up,Benign,DF,DF
ISIC_3672834,IL_7217453,clinical: close-up,Benign,NV,NV
ISIC_3673744,IL_7825634,dermoscopic,Benign,INF,INF
ISIC_3673916,IL_3160431,dermoscopic,Benign,NV,NV
ISIC_3675883,IL_7480471,dermoscopic,Indeterminate,AKIEC,AKIEC
ISIC_3676018,IL_2634708,dermoscopic,Malignant,BCC,BCC
ISIC_3679455,IL_5844694,clinical: close-up,Malignant,BCC,BCC
ISIC_3685267,IL_8165717,dermoscopic,Benign,NV,NV
ISIC_3685271,IL_8890453,clinical: close-up,Benign,NV,NV
ISIC_3687721,IL_1434019,dermoscopic,Benign,NV,NV
ISIC_3688627,IL_3489580,clinical: close-up,Malignant,BCC,BCC
ISIC_3688805,IL_7510888,dermoscopic,Malignant,BCC,BCC
ISIC_3689085,IL_2274698,dermoscopic,Malignant,BCC,BCC
ISIC_3689711,IL_4885447,dermoscopic,Malignant,SCCKA,SCCKA
ISIC_3693749,IL_2875964,clinical: close-up,Malignant,BCC,BCC
ISIC_3694172,IL_3562985,clinical: close-up,Malignant,SCCKA,SCCKA
ISIC_3694700,IL_3982685,clinical: close-up,Benign,NV,NV
ISIC_3696217,IL_5874088,clinical: close-up,Malignant,BCC,BCC
ISIC_3698441,IL_4522594,dermoscopic,Malignant,MEL,MEL
ISIC_3703123,IL_4987337,dermoscopic,Malignant,BCC,BCC
ISIC_3705057,IL_8209280,dermoscopic,Malignant,SCCKA,SCCKA
ISIC_3706698,IL_9725975,dermoscopic,Benign,BKL,BKL
ISIC_3708334,IL_1655830,dermoscopic,Benign,BKL,BKL
ISIC_3709727,IL_1001591,dermoscopic,Malignant,MEL,MEL
ISIC_3712412,IL_5129613,dermoscopic,Malignant,BCC,BCC
ISIC_3713055,IL_9059255,dermoscopic,Malignant,SCCKA,SCCKA
ISIC_3715127,IL_8357154,dermoscopic,Benign,BKL,BKL
ISIC_3715527,IL_2568881,clinical: close-up,Malignant,BCC,BCC
ISIC_3716241,IL_3727802,clinical: close-up,Malignant,BCC,BCC
ISIC_3716373,IL_7361410,clinical: close-up,Benign,NV,NV
ISIC_3717176,IL_0873874,dermoscopic,Malignant,BCC,BCC
ISIC_3719515,IL_9783995,clinical: close-up,Benign,VASC,VASC
ISIC_3720143,IL_9667838,dermoscopic,Benign,NV,NV
ISIC_3721391,IL_8296810,dermoscopic,Malignant,BCC,BCC
ISIC_3722054,IL_2156585,dermoscopic,Malignant,SCCKA,SCCKA
ISIC_3722799,IL_4692859,dermoscopic,Malignant,BCC,BCC
ISIC_3723692,IL_8562914,clinical: close-up,Malignant,BCC,BCC
ISIC_3727364,IL_7204368,clinical: close-up,Malignant,BCC,BCC
ISIC_3727371,IL_4591164,dermoscopic,Malignant,BCC,BCC
ISIC_3727735,IL_4186726,dermoscopic,Benign,NV,NV
ISIC_3730545,IL_1304235,dermoscopic,Malignant,BCC,BCC
ISIC_3733902,IL_3462420,dermoscopic,Malignant,BCC,BCC
ISIC_3735182,IL_4384125,dermoscopic,Malignant,BCC,BCC
ISIC_3735481,IL_8711838,dermoscopic,Malignant,BCC,BCC
ISIC_3736605,IL_6052093,clinical: close-up,Malignant,MEL,MEL
ISIC_3737700,IL_6182849,dermoscopic,Malignant,BCC,BCC
ISIC_3740583,IL_5220758,clinical: close-up,Malignant,BCC,BCC
ISIC_3740957,IL_5555860,clinical: close-up,Malignant,BCC,BCC
ISIC_3740979,IL_5816331,clinical: close-up,Benign,NV,NV
ISIC_3744853,IL_2128198,clinical: close-up,Benign,DF,DF
ISIC_3748464,IL_8595325,clinical: close-up,Benign,NV,NV
ISIC_3748838,IL_7510888,clinical: close-up,Malignant,BCC,BCC
ISIC_3750512,IL_7983668,dermoscopic,Benign,NV,NV
ISIC_3751292,IL_4505417,dermoscopic,Malignant,SCCKA,SCCKA
ISIC_3751769,IL_9308328,clinical: close-up,Benign,NV,NV
ISIC_3754933,IL_4149109,dermoscopic,Malignant,BCC,BCC
ISIC_3759305,IL_8487012,clinical: close-up,Malignant,BCC,BCC
ISIC_3760355,IL_4137661,dermoscopic,Malignant,SCCKA,SCCKA
ISIC_3761563,IL_6946441,clinical: close-up,Malignant,BCC,BCC
ISIC_3762115,IL_8007348,dermoscopic,Malignant,BCC,BCC
ISIC_3762126,IL_9289406,dermoscopic,Benign,NV,NV
ISIC_3763694,IL_3492716,clinical: close-up,Malignant,BCC,BCC
ISIC_3763896,IL_4363780,dermoscopic,Benign,BKL,BKL
ISIC_3765070,IL_3560124,clinical: close-up,Benign,NV,NV
ISIC_3769180,IL_9142917,dermoscopic,Malignant,BCC,BCC
ISIC_3769575,IL_4538075,clinical: close-up,Malignant,AKIEC,AKIEC
ISIC_3769921,IL_9592947,clinical: close-up,Indeterminate,AKIEC,AKIEC
ISIC_3770337,IL_6369658,dermoscopic,Malignant,BCC,BCC
ISIC_3770484,IL_8993407,clinical: close-up,Malignant,BCC,BCC
ISIC_3772519,IL_6344914,dermoscopic,Benign,NV,NV
ISIC_3774225,IL_7181510,dermoscopic,Malignant,BCC,BCC
ISIC_3774678,IL_2674026,clinical: close-up,Malignant,BCC,BCC
ISIC_3776498,IL_5625000,clinical: close-up,Malignant,BCC,BCC
ISIC_3776721,IL_5042712,clinical: close-up,Malignant,BCC,BCC
ISIC_3780652,IL_0011263,dermoscopic,Malignant,BCC,BCC
ISIC_3782737,IL_7034228,clinical: close-up,Malignant,SCCKA,SCCKA
ISIC_3782771,IL_0364539,dermoscopic,Malignant,BCC,BCC
ISIC_3783849,IL_6710445,dermoscopic,Malignant,BCC,BCC
ISIC_3783885,IL_0105755,dermoscopic,Malignant,BCC,BCC
ISIC_3785074,IL_3211477,clinical: close-up,Malignant,BCC,BCC
ISIC_3785448,IL_1304235,clinical: close-up,Malignant,BCC,BCC
ISIC_3786263,IL_2194640,clinical: close-up,Malignant,BCC,BCC
ISIC_3788301,IL_4429856,dermoscopic,Malignant,SCCKA,SCCKA
ISIC_3788562,IL_3660517,dermoscopic,Malignant,BCC,BCC
ISIC_3788989,IL_7523112,dermoscopic,Malignant,BCC,BCC
ISIC_3789455,IL_0210628,dermoscopic,Benign,BKL,BKL
ISIC_3790590,IL_5076804,clinical: close-up,Malignant,BCC,BCC
ISIC_3791559,IL_4708897,dermoscopic,Malignant,BCC,BCC
ISIC_3794267,IL_6097327,dermoscopic,Malignant,SCCKA,SCCKA
ISIC_3794620,IL_3205547,dermoscopic,Benign,BKL,BKL
ISIC_3797221,IL_4571566,clinical: close-up,Malignant,BCC,BCC
ISIC_3797260,IL_9880889,dermoscopic,Benign,NV,NV
ISIC_3799041,IL_6944538,dermoscopic,Malignant,BCC,BCC
ISIC_3799953,IL_8487012,dermoscopic,Malignant,BCC,BCC
ISIC_3807230,IL_6741185,dermoscopic,Malignant,MEL,MEL
ISIC_3807348,IL_0778720,dermoscopic,Malignant,BCC,BCC
ISIC_3813726,IL_6192920,dermoscopic,Malignant,BCC,BCC
ISIC_3814826,IL_9529350,clinical: close-up,Malignant,SCCKA,SCCKA
ISIC_3818412,IL_5076594,dermoscopic,Malignant,BCC,BCC
ISIC_3819687,IL_2718328,dermoscopic,Malignant,BCC,BCC
ISIC_3820500,IL_0864051,dermoscopic,Malignant,BCC,BCC
ISIC_3822340,IL_5832073,dermoscopic,Benign,BKL,BKL
ISIC_3822722,IL_3638399,dermoscopic,Benign,BKL,BKL
ISIC_3824162,IL_1169182,dermoscopic,Malignant,BCC,BCC
ISIC_3824264,IL_9617690,dermoscopic,Malignant,BCC,BCC
ISIC_3824638,IL_6297949,clinical: close-up,Malignant,BCC,BCC
ISIC_3825679,IL_5744385,dermoscopic,Benign,BKL,BKL
ISIC_3826101,IL_4571566,dermoscopic,Malignant,BCC,BCC
ISIC_3826563,IL_7126907,dermoscopic,Malignant,BCC,BCC
ISIC_3827392,IL_7130960,clinical: close-up,Benign,NV,NV
ISIC_3830454,IL_6449615,clinical: close-up,Benign,INF,INF
ISIC_3830802,IL_6923101,clinical: close-up,Benign,BKL,BKL
ISIC_3831165,IL_5439022,dermoscopic,Benign,NV,NV
ISIC_3832062,IL_9102116,dermoscopic,Benign,NV,NV
ISIC_3833952,IL_1509760,clinical: close-up,Malignant,BCC,BCC
ISIC_3836165,IL_4130663,dermoscopic,Malignant,BCC,BCC
ISIC_3836510,IL_4768081,dermoscopic,Malignant,SCCKA,SCCKA
ISIC_3836648,IL_7725832,dermoscopic,Benign,NV,NV
ISIC_3837734,IL_6297949,dermoscopic,Malignant,BCC,BCC
ISIC_3838800,IL_5566169,clinical: close-up,Benign,NV,NV
ISIC_3838940,IL_6014318,clinical: close-up,Malignant,BCC,BCC
ISIC_3843458,IL_0218048,clinical: close-up,Malignant,MEL,MEL
ISIC_3844756,IL_8270942,clinical: close-up,Indeterminate,AKIEC,AKIEC
ISIC_3845463,IL_0125182,clinical: close-up,Malignant,BCC,BCC
ISIC_3845812,IL_1480174,clinical: close-up,Malignant,BCC,BCC
ISIC_3845941,IL_0211480,clinical: close-up,Malignant,BCC,BCC
ISIC_3846262,IL_5372294,dermoscopic,Malignant,BCC,BCC
ISIC_3849096,IL_6019983,dermoscopic,Benign,VASC,VASC
ISIC_3851477,IL_2779064,dermoscopic,Malignant,BCC,BCC
ISIC_3852303,IL_9724863,clinical: close-up,Malignant,SCCKA,SCCKA
ISIC_3852630,IL_7555285,dermoscopic,Benign,BKL,BKL
ISIC_3853115,IL_3836010,clinical: close-up,Malignant,BCC,BCC
ISIC_3861361,IL_3852871,dermoscopic,Benign,NV,NV
ISIC_3861977,IL_0432633,dermoscopic,Malignant,BCC,BCC
ISIC_3862106,IL_9769761,dermoscopic,Benign,NV,NV
ISIC_3862963,IL_1918190,dermoscopic,Malignant,BCC,BCC
ISIC_3865643,IL_5569419,dermoscopic,Benign,BKL,BKL
ISIC_3865889,IL_2328752,clinical: close-up,Malignant,BCC,BCC
ISIC_3869104,IL_1120917,dermoscopic,Benign,NV,NV
ISIC_3869200,IL_7570811,dermoscopic,Malignant,BCC,BCC
ISIC_3871156,IL_3077425,clinical: close-up,Benign,NV,NV
ISIC_3873129,IL_5064276,clinical: close-up,Malignant,MEL,MEL
ISIC_3873657,IL_1577473,clinical: close-up,Malignant,SCCKA,SCCKA
ISIC_3873824,IL_6550593,dermoscopic,Malignant,BCC,BCC
ISIC_3874242,IL_0100733,dermoscopic,Benign,BEN_OTH,OTHER
ISIC_3875460,IL_9565456,clinical: close-up,Malignant,BCC,BCC
ISIC_3877266,IL_5192091,dermoscopic,Malignant,BCC,BCC
ISIC_3877513,IL_7913171,dermoscopic,Malignant,BCC,BCC
ISIC_3877894,IL_1313145,clinical: close-up,Benign,BKL,BKL
ISIC_3881302,IL_8644938,clinical: close-up,Malignant,SCCKA,SCCKA
ISIC_3881896,IL_0033882,dermoscopic,Malignant,BCC,BCC
ISIC_3884851,IL_8293673,clinical: close-up,Benign,NV,NV
ISIC_3885747,IL_0298578,dermoscopic,Malignant,SCCKA,SCCKA
ISIC_3885798,IL_0444889,clinical: close-up,Benign,NV,NV
ISIC_3885903,IL_1871141,clinical: close-up,Malignant,AKIEC,AKIEC
ISIC_3888868,IL_7257549,dermoscopic,Malignant,BCC,BCC
ISIC_3892538,IL_6583801,dermoscopic,Benign,BKL,BKL
ISIC_3897642,IL_1880052,clinical: close-up,Malignant,BCC,BCC
ISIC_3897686,IL_0941988,dermoscopic,Malignant,BCC,BCC
ISIC_3900958,IL_9375634,clinical: close-up,Malignant,MEL,MEL
ISIC_3902522,IL_2131051,dermoscopic,Malignant,BCC,BCC
ISIC_3903505,IL_1405890,clinical: close-up,Malignant,MEL,MEL
ISIC_3904045,IL_0003176,clinical: close-up,Malignant,BCC,BCC
ISIC_3905157,IL_8892581,dermoscopic,Malignant,SCCKA,SCCKA
ISIC_3905379,IL_0770948,clinical: close-up,Malignant,SCCKA,SCCKA
ISIC_3906432,IL_1030535,clinical: close-up,Malignant,BCC,BCC
ISIC_3906512,IL_7678083,dermoscopic,Benign,BKL,BKL
ISIC_3908138,IL_0185297,clinical: close-up,Malignant,BCC,BCC
ISIC_3909654,IL_2725320,dermoscopic,Malignant,AKIEC,AKIEC
ISIC_3911179,IL_8259171,dermoscopic,Malignant,BCC,BCC
ISIC_3914025,IL_8003176,clinical: close-up,Malignant,SCCKA,SCCKA
ISIC_3916461,IL_4782455,clinical: close-up,Malignant,BCC,BCC
ISIC_3917002,IL_4970478,dermoscopic,Malignant,BCC,BCC
ISIC_3917948,IL_7959059,dermoscopic,Malignant,BCC,BCC
ISIC_3921610,IL_5407088,clinical: close-up,Malignant,BCC,BCC
ISIC_3924227,IL_5328329,clinical: close-up,Malignant,BCC,BCC
ISIC_3928700,IL_3504341,clinical: close-up,Malignant,BCC,BCC
ISIC_3931844,IL_6660376,clinical: close-up,Malignant,MEL,MEL
ISIC_3932303,IL_3392979,clinical: close-up,Benign,NV,NV
ISIC_3933164,IL_9003508,dermoscopic,Malignant,MEL,MEL
ISIC_3933736,IL_7533213,dermoscopic,Malignant,SCCKA,SCCKA
ISIC_3934861,IL_2659393,dermoscopic,Malignant,BCC,BCC
ISIC_3934885,IL_7650602,dermoscopic,Malignant,BCC,BCC
ISIC_3935025,IL_9524761,dermoscopic,Malignant,AKIEC,AKIEC
ISIC_3937278,IL_9952743,dermoscopic,Benign,INF,INF
ISIC_3938095,IL_6847653,dermoscopic,Malignant,BCC,BCC
ISIC_3939868,IL_5311399,clinical: close-up,Malignant,BCC,BCC
ISIC_3942613,IL_0765772,dermoscopic,Malignant,BCC,BCC
ISIC_3942749,IL_4988250,clinical: close-up,Malignant,BCC,BCC
ISIC_3943135,IL_7964998,dermoscopic,Benign,NV,NV
ISIC_3945160,IL_0087252,dermoscopic,Benign,BKL,BKL
ISIC_3945964,IL_3758218,clinical: close-up,Malignant,BCC,BCC
ISIC_3946401,IL_6021149,dermoscopic,Malignant,BCC,BCC
ISIC_3947520,IL_9395136,clinical: close-up,Malignant,BCC,BCC
ISIC_3950514,IL_4132996,dermoscopic,Malignant,MEL,MEL
ISIC_3952676,IL_5947209,clinical: close-up,Malignant,BCC,BCC
ISIC_3955799,IL_9878565,clinical: close-up,Malignant,MEL,MEL
ISIC_3957660,IL_0588456,dermoscopic,Malignant,MEL,MEL
ISIC_3959129,IL_9998211,dermoscopic,Benign,NV,NV
ISIC_3959224,IL_0765772,clinical: close-up,Malignant,BCC,BCC
ISIC_3959713,IL_9749729,dermoscopic,Malignant,BCC,BCC
ISIC_3961758,IL_7631753,clinical: close-up,Malignant,BCC,BCC
ISIC_3962666,IL_8111694,clinical: close-up,Benign,BKL,BKL
ISIC_3963646,IL_4865412,clinical: close-up,Malignant,BCC,BCC
ISIC_3965246,IL_5922871,clinical: close-up,Malignant,BCC,BCC
ISIC_3966507,IL_0387029,clinical: close-up,Malignant,MEL,MEL
ISIC_3967417,IL_3340189,dermoscopic,Malignant,BCC,BCC
ISIC_3967970,IL_8748283,clinical: close-up,Malignant,BCC,BCC
ISIC_3968898,IL_9753632,dermoscopic,Malignant,BCC,BCC
ISIC_3974488,IL_5425299,dermoscopic,Malignant,BCC,BCC
ISIC_3974863,IL_8569852,clinical: close-up,Malignant,BCC,BCC
ISIC_3975783,IL_5848162,dermoscopic,Malignant,SCCKA,SCCKA
ISIC_3977951,IL_3836672,clinical: close-up,Malignant,MEL,MEL
ISIC_3979561,IL_2383953,clinical: close-up,Malignant,BCC,BCC
ISIC_3981334,IL_5769609,clinical: close-up,Malignant,BCC,BCC
ISIC_3981430,IL_0949755,dermoscopic,Malignant,BCC,BCC
ISIC_3982759,IL_3361305,dermoscopic,Malignant,SCCKA,SCCKA
ISIC_3983224,IL_1081068,dermoscopic,Malignant,BCC,BCC
ISIC_3984912,IL_9891746,clinical: close-up,Malignant,MEL,MEL
ISIC_3985588,IL_7769284,clinical: close-up,Malignant,BCC,BCC
ISIC_3986103,IL_5356677,dermoscopic,Malignant,SCCKA,SCCKA
ISIC_3986538,IL_1846045,dermoscopic,Malignant,BCC,BCC
ISIC_3991986,IL_2528819,clinical: close-up,Benign,NV,NV
ISIC_3994760,IL_1057711,clinical: close-up,Benign,NV,NV
ISIC_3995849,IL_4910941,dermoscopic,Malignant,BCC,BCC
ISIC_3995853,IL_6219839,dermoscopic,Malignant,BCC,BCC
ISIC_3999304,IL_4845726,dermoscopic,Benign,NV,NV
ISIC_4004241,IL_7113968,clinical: close-up,Malignant,SCCKA,SCCKA
ISIC_4005803,IL_9650319,clinical: close-up,Malignant,AKIEC,AKIEC
ISIC_4007259,IL_8058486,clinical: close-up,Malignant,AKIEC,AKIEC
ISIC_4009830,IL_4019349,clinical: close-up,Malignant,BCC,BCC
ISIC_4011704,IL_5470919,clinical: close-up,Malignant,MEL,MEL
ISIC_4013061,IL_5163548,clinical: close-up,Benign,NV,NV
ISIC_4013307,IL_3237666,dermoscopic,Malignant,BCC,BCC
ISIC_4013983,IL_9205436,clinical: close-up,Benign,VASC,VASC
ISIC_4018932,IL_3065098,clinical: close-up,Malignant,BCC,BCC
ISIC_4018978,IL_6665105,clinical: close-up,Indeterminate,AKIEC,AKIEC
ISIC_4020367,IL_0386446,dermoscopic,Malignant,BCC,BCC
ISIC_4022483,IL_3771556,dermoscopic,Benign,NV,NV
ISIC_4025658,IL_5066256,dermoscopic,Benign,BKL,BKL
ISIC_4026962,IL_3899436,clinical: close-up,Malignant,BCC,BCC
ISIC_4027141,IL_2541447,dermoscopic,Malignant,BCC,BCC
ISIC_4028106,IL_8727543,clinical: close-up,Benign,BEN_OTH,OTHER
ISIC_4028370,IL_3424519,dermoscopic,Benign,NV,NV
ISIC_4030094,IL_0053198,clinical: close-up,Malignant,BCC,BCC
ISIC_4031450,IL_5361790,clinical: close-up,Benign,NV,NV
ISIC_4032370,IL_8650948,dermoscopic,Malignant,SCCKA,SCCKA
ISIC_4033538,IL_5697539,clinical: close-up,Indeterminate,AKIEC,AKIEC
ISIC_4034196,IL_0772514,clinical: close-up,Malignant,BCC,BCC
ISIC_4034626,IL_4188654,dermoscopic,Malignant,BCC,BCC
ISIC_4034716,IL_7928790,clinical: close-up,Malignant,SCCKA,SCCKA
ISIC_4037796,IL_6613281,clinical: close-up,Malignant,BCC,BCC
ISIC_4038238,IL_3009838,dermoscopic,Benign,BKL,BKL
ISIC_4040199,IL_0810155,clinical: close-up,Malignant,MEL,MEL
ISIC_4040829,IL_9289406,clinical: close-up,Benign,NV,NV
ISIC_4042132,IL_6893895,dermoscopic,Malignant,SCCKA,SCCKA
ISIC_4043291,IL_6600785,clinical: close-up,Malignant,SCCKA,SCCKA
ISIC_4043337,IL_1879101,clinical: close-up,Indeterminate,AKIEC,AKIEC
ISIC_4045574,IL_6514387,dermoscopic,Benign,NV,NV
ISIC_4045666,IL_1933864,clinical: close-up,Malignant,BCC,BCC
ISIC_4046643,IL_1778367,clinical: close-up,Malignant,BCC,BCC
ISIC_4048377,IL_3452976,clinical: close-up,Malignant,BCC,BCC
ISIC_4051514,IL_7855473,dermoscopic,Benign,NV,NV
ISIC_4051799,IL_7199069,dermoscopic,Malignant,BCC,BCC
ISIC_4057179,IL_7911942,clinical: close-up,Malignant,MEL,MEL
ISIC_4057182,IL_9782859,clinical: close-up,Malignant,BCC,BCC
ISIC_4061154,IL_3478761,dermoscopic,Malignant,BCC,BCC
ISIC_4062304,IL_9689394,dermoscopic,Malignant,BCC,BCC
ISIC_4063953,IL_5755884,dermoscopic,Benign,BKL,BKL
ISIC_4064312,IL_9556887,clinical: close-up,Benign,BKL,BKL
ISIC_4065256,IL_5044233,clinical: close-up,Benign,VASC,VASC
ISIC_4065657,IL_0092622,clinical: close-up,Malignant,MEL,MEL
ISIC_4065991,IL_4486702,clinical: close-up,Benign,BKL,BKL
ISIC_4066771,IL_4147641,dermoscopic,Malignant,SCCKA,SCCKA
ISIC_4070008,IL_9943319,clinical: close-up,Benign,NV,NV
ISIC_4071634,IL_1608100,clinical: close-up,Benign,NV,NV
ISIC_4071700,IL_1882056,clinical: close-up,Malignant,MEL,MEL
ISIC_4075407,IL_4647255,clinical: close-up,Malignant,BCC,BCC
ISIC_4079070,IL_3090203,clinical: close-up,Benign,BEN_OTH,OTHER
ISIC_4080973,IL_7198144,dermoscopic,Malignant,BCC,BCC
ISIC_4081526,IL_7523112,clinical: close-up,Malignant,BCC,BCC
ISIC_4082328,IL_8460509,dermoscopic,Malignant,MEL,MEL
ISIC_4083123,IL_5133299,clinical: close-up,Malignant,MEL,MEL
ISIC_4090560,IL_3694094,dermoscopic,Malignant,BCC,BCC
ISIC_4091147,IL_7480471,clinical: close-up,Indeterminate,AKIEC,AKIEC
ISIC_4092604,IL_0825949,dermoscopic,Malignant,BCC,BCC
ISIC_4093313,IL_5809538,dermoscopic,Malignant,MEL,MEL
ISIC_4093535,IL_3376861,clinical: close-up,Malignant,MEL,MEL
ISIC_4093606,IL_8186190,dermoscopic,Malignant,BCC,BCC
ISIC_4094390,IL_9713844,clinical: close-up,Indeterminate,AKIEC,AKIEC
ISIC_4097142,IL_2508861,clinical: close-up,Malignant,AKIEC,AKIEC
ISIC_4098601,IL_5767772,clinical: close-up,Malignant,SCCKA,SCCKA
ISIC_4101918,IL_3837835,dermoscopic,Malignant,BCC,BCC
ISIC_4103277,IL_7509121,clinical: close-up,Malignant,BCC,BCC
ISIC_4103339,IL_6336481,dermoscopic,Malignant,SCCKA,SCCKA
ISIC_4106032,IL_9104485,dermoscopic,Benign,BKL,BKL
ISIC_4112547,IL_9614989,clinical: close-up,Benign,BKL,BKL
ISIC_4113126,IL_6916787,clinical: close-up,Malignant,MEL,MEL
ISIC_4116005,IL_5675821,dermoscopic,Benign,NV,NV
ISIC_4116218,IL_2815736,dermoscopic,Malignant,SCCKA,SCCKA
ISIC_4117748,IL_0375356,dermoscopic,Malignant,MEL,MEL
ISIC_4117941,IL_6847557,clinical: close-up,Benign,NV,NV
ISIC_4119708,IL_4125524,clinical: close-up,Malignant,BCC,BCC
ISIC_4120065,IL_0909755,clinical: close-up,Benign,NV,NV
ISIC_4120304,IL_3845206,dermoscopic,Benign,BKL,BKL
ISIC_4123254,IL_4185441,clinical: close-up,Malignant,BCC,BCC
ISIC_4123715,IL_1443713,clinical: close-up,Malignant,BCC,BCC
ISIC_4129256,IL_3996209,clinical: close-up,Malignant,BCC,BCC
ISIC_4132905,IL_6475801,dermoscopic,Malignant,BCC,BCC
ISIC_4133448,IL_6691831,dermoscopic,Malignant,BCC,BCC
ISIC_4135497,IL_0137493,dermoscopic,Malignant,BCC,BCC
ISIC_4136790,IL_9702903,clinical: close-up,Malignant,BCC,BCC
ISIC_4138482,IL_0266076,clinical: close-up,Malignant,BCC,BCC
ISIC_4138489,IL_0705528,dermoscopic,Malignant,BCC,BCC
ISIC_4138560,IL_7239273,clinical: close-up,Malignant,BCC,BCC
ISIC_4139755,IL_8711838,clinical: close-up,Malignant,BCC,BCC
ISIC_4140673,IL_0145900,clinical: close-up,Malignant,BCC,BCC
ISIC_4141354,IL_9145163,clinical: close-up,Malignant,BCC,BCC
ISIC_4141476,IL_4642030,dermoscopic,Malignant,SCCKA,SCCKA
ISIC_4145656,IL_0210304,clinical: close-up,Malignant,BCC,BCC
ISIC_4146139,IL_2659865,dermoscopic,Malignant,MEL,MEL
ISIC_4146633,IL_6964615,dermoscopic,Malignant,SCCKA,SCCKA
ISIC_4146816,IL_8553410,clinical: close-up,Malignant,BCC,BCC
ISIC_4148797,IL_9278038,dermoscopic,Malignant,BCC,BCC
ISIC_4148971,IL_1678341,dermoscopic,Malignant,BCC,BCC
ISIC_4152827,IL_9777235,dermoscopic,Malignant,BCC,BCC
ISIC_4154321,IL_0588498,clinical: close-up,Benign,BKL,BKL
ISIC_4155762,IL_6733818,clinical: close-up,Malignant,BCC,BCC
ISIC_4156101,IL_1846045,clinical: close-up,Malignant,BCC,BCC
ISIC_4156431,IL_5384329,dermoscopic,Malignant,BCC,BCC
ISIC_4156628,IL_3632204,dermoscopic,Benign,NV,NV
ISIC_4156886,IL_3162928,clinical: close-up,Benign,NV,NV
ISIC_4157522,IL_3938261,dermoscopic,Malignant,BCC,BCC
ISIC_4158219,IL_7389782,dermoscopic,Malignant,BCC,BCC
ISIC_4158420,IL_7237834,clinical: close-up,Malignant,BCC,BCC
ISIC_4162668,IL_5771256,clinical: close-up,Malignant,BCC,BCC
ISIC_4163384,IL_9813142,dermoscopic,Malignant,BCC,BCC
ISIC_4167447,IL_7728761,dermoscopic,Malignant,SCCKA,SCCKA
ISIC_4168419,IL_1622119,dermoscopic,Malignant,MEL,MEL
ISIC_4171190,IL_7274856,clinical: close-up,Benign,BKL,BKL
ISIC_4171479,IL_1606661,clinical: close-up,Benign,NV,NV
ISIC_4171839,IL_4935595,dermoscopic,Benign,NV,NV
ISIC_4174672,IL_4755561,dermoscopic,Benign,NV,NV
ISIC_4175612,IL_0915251,clinical: close-up,Benign,VASC,VASC
ISIC_4175828,IL_6226671,clinical: close-up,Malignant,BCC,BCC
ISIC_4176108,IL_0867895,dermoscopic,Malignant,BCC,BCC
ISIC_4177510,IL_8384410,clinical: close-up,Malignant,SCCKA,SCCKA
ISIC_4178605,IL_3092019,clinical: close-up,Malignant,BCC,BCC
ISIC_4179264,IL_2522650,clinical: close-up,Malignant,BCC,BCC
ISIC_4180324,IL_3521617,dermoscopic,Benign,NV,NV
ISIC_4180763,IL_9379939,clinical: close-up,Malignant,SCCKA,SCCKA
ISIC_4181074,IL_9344336,clinical: close-up,Benign,DF,DF
ISIC_4181298,IL_4067349,clinical: close-up,Malignant,BCC,BCC
ISIC_4184819,IL_5699716,dermoscopic,Benign,BKL,BKL
ISIC_4185473,IL_9113822,dermoscopic,Malignant,BCC,BCC
ISIC_4185934,IL_6718051,dermoscopic,Malignant,BCC,BCC
ISIC_4186883,IL_0761140,dermoscopic,Malignant,BCC,BCC
ISIC_4187456,IL_5328329,dermoscopic,Malignant,BCC,BCC
ISIC_4189363,IL_5267553,dermoscopic,Malignant,BCC,BCC
ISIC_4191448,IL_7724286,dermoscopic,Benign,BKL,BKL
ISIC_4191930,IL_4508203,dermoscopic,Malignant,AKIEC,AKIEC
ISIC_4194365,IL_5764702,clinical: close-up,Malignant,BCC,BCC
ISIC_4194491,IL_0624945,clinical: close-up,Malignant,MEL,MEL
ISIC_4194507,IL_1453755,clinical: close-up,Malignant,SCCKA,SCCKA
ISIC_4196278,IL_1657109,dermoscopic,Benign,NV,NV
ISIC_4198312,IL_5961668,dermoscopic,Benign,NV,NV
ISIC_4198936,IL_4547617,clinical: close-up,Malignant,MEL,MEL
ISIC_4204876,IL_7242669,dermoscopic,Benign,NV,NV
ISIC_4205403,IL_8612216,clinical: close-up,Malignant,BCC,BCC
ISIC_4205802,IL_9070034,clinical: close-up,Benign,BKL,BKL
ISIC_4207196,IL_9323193,clinical: close-up,Malignant,SCCKA,SCCKA
ISIC_4208233,IL_0432633,clinical: close-up,Malignant,BCC,BCC
ISIC_4209803,IL_9540986,dermoscopic,Benign,NV,NV
ISIC_4210592,IL_5417384,clinical: close-up,Malignant,BCC,BCC
ISIC_4213648,IL_5466158,dermoscopic,Malignant,BCC,BCC
ISIC_4214316,IL_2854884,clinical: close-up,Benign,NV,NV
ISIC_4215075,IL_7462032,dermoscopic,Malignant,BCC,BCC
ISIC_4216061,IL_1555108,dermoscopic,Benign,BEN_OTH,OTHER
ISIC_4217947,IL_9785739,clinical: close-up,Benign,NV,NV
ISIC_4218589,IL_0347019,dermoscopic,Malignant,BCC,BCC
ISIC_4222750,IL_7136276,dermoscopic,Indeterminate,AKIEC,AKIEC
ISIC_4222996,IL_0147242,clinical: close-up,Malignant,BCC,BCC
ISIC_4224540,IL_6157998,dermoscopic,Malignant,BCC,BCC
ISIC_4224743,IL_4103128,dermoscopic,Malignant,BCC,BCC
ISIC_4225046,IL_5375403,clinical: close-up,Benign,BKL,BKL
ISIC_4225552,IL_4530346,dermoscopic,Malignant,BCC,BCC
ISIC_4226769,IL_7913171,clinical: close-up,Malignant,BCC,BCC
ISIC_4228893,IL_1066260,dermoscopic,Benign,NV,NV
ISIC_4229124,IL_6690716,clinical: close-up,Benign,BKL,BKL
ISIC_4229574,IL_0807184,clinical: close-up,Indeterminate,AKIEC,AKIEC
ISIC_4230532,IL_2533791,clinical: close-up,Benign,NV,NV
ISIC_4231056,IL_4915853,dermoscopic,Benign,BKL,BKL
ISIC_4231370,IL_6032106,clinical: close-up,Malignant,BCC,BCC
ISIC_4231378,IL_9031003,dermoscopic,Malignant,BCC,BCC
ISIC_4232474,IL_7439967,dermoscopic,Malignant,BCC,BCC
ISIC_4235290,IL_8845564,dermoscopic,Malignant,SCCKA,SCCKA
ISIC_4235575,IL_9021517,dermoscopic,Malignant,MEL,MEL
ISIC_4235697,IL_8606392,dermoscopic,Benign,BEN_OTH,OTHER
ISIC_4235972,IL_6066269,dermoscopic,Benign,BKL,BKL
ISIC_4236187,IL_6802806,dermoscopic,Malignant,BCC,BCC
ISIC_4237789,IL_8557195,clinical: close-up,Benign,BEN_OTH,OTHER
ISIC_4239743,IL_4742005,clinical: close-up,Benign,NV,NV
ISIC_4242454,IL_6157145,clinical: close-up,Benign,BKL,BKL
ISIC_4243006,IL_2811473,dermoscopic,Malignant,MEL,MEL
ISIC_4243113,IL_2467466,dermoscopic,Malignant,AKIEC,AKIEC
ISIC_4245317,IL_3046914,clinical: close-up,Malignant,BCC,BCC
ISIC_4246217,IL_1651344,clinical: close-up,Benign,DF,DF
ISIC_4246896,IL_9603617,dermoscopic,Malignant,AKIEC,AKIEC
ISIC_4252005,IL_8050386,dermoscopic,Malignant,BCC,BCC
ISIC_4252694,IL_4332595,dermoscopic,Malignant,BCC,BCC
ISIC_4254313,IL_4641417,clinical: close-up,Malignant,BCC,BCC
ISIC_4254329,IL_8193590,clinical: close-up,Malignant,MEL,MEL
ISIC_4254662,IL_4452880,clinical: close-up,Malignant,BCC,BCC
ISIC_4254772,IL_7643316,dermoscopic,Malignant,MEL,MEL
ISIC_4256565,IL_4373578,clinical: close-up,Malignant,BCC,BCC
ISIC_4257125,IL_2326581,clinical: close-up,Malignant,BCC,BCC
ISIC_4257621,IL_4130663,clinical: close-up,Malignant,BCC,BCC
ISIC_4257866,IL_6106772,dermoscopic,Benign,NV,NV
ISIC_4260452,IL_4416537,clinical: close-up,Malignant,BCC,BCC
ISIC_4261803,IL_3408986,clinical: close-up,Malignant,BCC,BCC
ISIC_4262185,IL_9216457,dermoscopic,Malignant,BCC,BCC
ISIC_4263491,IL_9027780,clinical: close-up,Malignant,AKIEC,AKIEC
ISIC_4264456,IL_7743393,clinical: close-up,Malignant,AKIEC,AKIEC
ISIC_4265106,IL_4042622,dermoscopic,Malignant,BCC,BCC
ISIC_4265404,IL_0416544,clinical: close-up,Benign,NV,NV
ISIC_4267031,IL_2791658,clinical: close-up,Malignant,BCC,BCC
ISIC_4268667,IL_7713182,clinical: close-up,Benign,NV,NV
ISIC_4268847,IL_3069330,clinical: close-up,Malignant,BCC,BCC
ISIC_4268989,IL_0503827,clinical: close-up,Malignant,AKIEC,AKIEC
ISIC_4270494,IL_4860977,dermoscopic,Malignant,BCC,BCC
ISIC_4271987,IL_5620268,clinical: close-up,Malignant,BCC,BCC
ISIC_4273674,IL_9926530,dermoscopic,Benign,NV,NV
ISIC_4275620,IL_0919212,clinical: close-up,Malignant,BCC,BCC
ISIC_4275923,IL_5914745,dermoscopic,Malignant,BCC,BCC
ISIC_4276424,IL_6188972,clinical: close-up,Malignant,BCC,BCC
ISIC_4277194,IL_9341365,dermoscopic,Malignant,SCCKA,SCCKA
ISIC_4277953,IL_5133299,dermoscopic,Malignant,MEL,MEL
ISIC_4278930,IL_3339713,dermoscopic,Benign,NV,NV
ISIC_4281031,IL_9448011,dermoscopic,Malignant,BCC,BCC
ISIC_4281048,IL_7539443,dermoscopic,Benign,BKL,BKL
ISIC_4282374,IL_5040782,clinical: close-up,Benign,BKL,BKL
ISIC_4282506,IL_1300499,dermoscopic,Malignant,MEL,MEL
ISIC_4282860,IL_7320172,dermoscopic,Malignant,MEL,MEL
ISIC_4283540,IL_1253074,clinical: close-up,Malignant,BCC,BCC
ISIC_4285661,IL_1608050,clinical: close-up,Malignant,BCC,BCC
ISIC_4288009,IL_1575881,clinical: close-up,Benign,NV,NV
ISIC_4291049,IL_3812776,dermoscopic,Malignant,BCC,BCC
ISIC_4291408,IL_1495229,clinical: close-up,Malignant,BCC,BCC
ISIC_4292605,IL_6442521,clinical: close-up,Malignant,BCC,BCC
ISIC_4297082,IL_6751385,clinical: close-up,Malignant,SCCKA,SCCKA
ISIC_4297088,IL_2943646,clinical: close-up,Malignant,BCC,BCC
ISIC_4299958,IL_7444227,clinical: close-up,Indeterminate,AKIEC,AKIEC
ISIC_4300672,IL_8554627,dermoscopic,Malignant,MEL,MEL
ISIC_4301316,IL_3237666,clinical: close-up,Malignant,BCC,BCC
ISIC_4301937,IL_6194887,clinical: close-up,Malignant,BCC,BCC
ISIC_4302597,IL_6665105,dermoscopic,Indeterminate,AKIEC,AKIEC
ISIC_4303207,IL_0838598,clinical: close-up,Malignant,SCCKA,SCCKA
ISIC_4305600,IL_0082869,clinical: close-up,Benign,NV,NV
ISIC_4306480,IL_1511744,dermoscopic,Malignant,BCC,BCC
ISIC_4307237,IL_2514915,dermoscopic,Benign,BKL,BKL
ISIC_4307786,IL_0244045,dermoscopic,Benign,BKL,BKL
ISIC_4307964,IL_5011583,clinical: close-up,Malignant,BCC,BCC
ISIC_4308587,IL_4667770,dermoscopic,Indeterminate,AKIEC,AKIEC
ISIC_4310441,IL_3677701,dermoscopic,Malignant,AKIEC,AKIEC
ISIC_4310588,IL_0702204,dermoscopic,Benign,BEN_OTH,OTHER
ISIC_4311112,IL_0787420,dermoscopic,Malignant,MEL,MEL
ISIC_4311703,IL_8584799,dermoscopic,Malignant,BCC,BCC
ISIC_4312494,IL_1159424,dermoscopic,Malignant,MEL,MEL
ISIC_4314742,IL_6636674,dermoscopic,Malignant,AKIEC,AKIEC
ISIC_4315074,IL_3884905,dermoscopic,Benign,DF,DF
ISIC_4315238,IL_9173333,clinical: close-up,Malignant,BCC,BCC
ISIC_4315425,IL_8058935,dermoscopic,Malignant,SCCKA,SCCKA
ISIC_4316755,IL_4438547,clinical: close-up,Benign,NV,NV
ISIC_4318027,IL_4922531,clinical: close-up,Malignant,MEL,MEL
ISIC_4320592,IL_2334846,clinical: close-up,Malignant,MEL,MEL
ISIC_4322162,IL_5418242,clinical: close-up,Malignant,MEL,MEL
ISIC_4323016,IL_6157145,dermoscopic,Benign,BKL,BKL
ISIC_4324758,IL_0335720,dermoscopic,Benign,DF,DF
ISIC_4325142,IL_5397664,clinical: close-up,Malignant,BCC,BCC
ISIC_4325233,IL_3767743,dermoscopic,Malignant,BCC,BCC
ISIC_4325605,IL_8151298,dermoscopic,Benign,NV,NV
ISIC_4325688,IL_7502626,dermoscopic,Malignant,BCC,BCC
ISIC_4328393,IL_2476952,dermoscopic,Malignant,BCC,BCC
ISIC_4329526,IL_3511667,dermoscopic,Benign,BKL,BKL
ISIC_4329801,IL_4740973,dermoscopic,Malignant,BCC,BCC
ISIC_4330244,IL_3009838,clinical: close-up,Benign,BKL,BKL
ISIC_4330964,IL_2272404,dermoscopic,Benign,NV,NV
ISIC_4331231,IL_0419934,clinical: close-up,Malignant,BCC,BCC
ISIC_4336547,IL_6338408,clinical: close-up,Malignant,BCC,BCC
ISIC_4337041,IL_0298578,clinical: close-up,Malignant,SCCKA,SCCKA
ISIC_4337693,IL_7974370,dermoscopic,Benign,BKL,BKL
ISIC_4342189,IL_4896057,clinical: close-up,Malignant,BCC,BCC
ISIC_4342648,IL_8374443,clinical: close-up,Malignant,BCC,BCC
ISIC_4343132,IL_6342379,clinical: close-up,Malignant,BCC,BCC
ISIC_4343144,IL_6420001,clinical: close-up,Malignant,BCC,BCC
ISIC_4343848,IL_6527542,dermoscopic,Malignant,BCC,BCC
ISIC_4344365,IL_0891260,clinical: close-up,Malignant,BCC,BCC
ISIC_4345273,IL_7727406,dermoscopic,Benign,NV,NV
ISIC_4345756,IL_0061620,dermoscopic,Malignant,BCC,BCC
ISIC_4345819,IL_8038657,clinical: close-up,Malignant,MEL,MEL
ISIC_4345873,IL_2206044,clinical: close-up,Benign,NV,NV
ISIC_4346905,IL_1794572,dermoscopic,Malignant,BCC,BCC
ISIC_4347690,IL_6555203,dermoscopic,Malignant,AKIEC,AKIEC
ISIC_4347782,IL_3767743,clinical: close-up,Malignant,BCC,BCC
ISIC_4348115,IL_0691529,dermoscopic,Malignant,BCC,BCC
ISIC_4349004,IL_8876337,dermoscopic,Malignant,BCC,BCC
ISIC_4349051,IL_1717276,clinical: close-up,Benign,BKL,BKL
ISIC_4349272,IL_7923672,dermoscopic,Malignant,MEL,MEL
ISIC_4350109,IL_1485026,clinical: close-up,Malignant,BCC,BCC
ISIC_4350222,IL_2468895,dermoscopic,Malignant,BCC,BCC
ISIC_4351882,IL_5779680,dermoscopic,Malignant,BCC,BCC
ISIC_4352140,IL_9912061,dermoscopic,Indeterminate,AKIEC,AKIEC
ISIC_4352572,IL_6493670,clinical: close-up,Benign,NV,NV
ISIC_4357109,IL_0098895,clinical: close-up,Benign,NV,NV
ISIC_4357637,IL_4997932,dermoscopic,Malignant,BCC,BCC
ISIC_4357940,IL_8053912,dermoscopic,Malignant,MEL,MEL
ISIC_4358555,IL_8621198,clinical: close-up,Malignant,MEL,MEL
ISIC_4360620,IL_2139485,dermoscopic,Malignant,BCC,BCC
ISIC_4363333,IL_9368782,dermoscopic,Benign,NV,NV
ISIC_4368655,IL_9550703,clinical: close-up,Benign,BKL,BKL
ISIC_4369433,IL_2335600,dermoscopic,Malignant,SCCKA,SCCKA
ISIC_4370328,IL_9737079,dermoscopic,Malignant,BCC,BCC
ISIC_4370676,IL_8876914,dermoscopic,Malignant,BCC,BCC
ISIC_4373192,IL_2110181,clinical: close-up,Malignant,BCC,BCC
ISIC_4375630,IL_1427561,clinical: close-up,Benign,NV,NV
ISIC_4375866,IL_0877533,dermoscopic,Malignant,MEL,MEL
ISIC_4377239,IL_8869881,dermoscopic,Malignant,BCC,BCC
ISIC_4378484,IL_8778181,dermoscopic,Benign,NV,NV
ISIC_4379610,IL_8478424,clinical: close-up,Benign,NV,NV
ISIC_4380028,IL_0584464,dermoscopic,Benign,BKL,BKL
ISIC_4380499,IL_3860000,dermoscopic,Benign,BKL,BKL
ISIC_4381433,IL_4064310,dermoscopic,Malignant,BCC,BCC
ISIC_4381662,IL_1251030,dermoscopic,Malignant,BCC,BCC
ISIC_4382908,IL_4391633,clinical: close-up,Benign,BKL,BKL
ISIC_4384446,IL_3303655,clinical: close-up,Malignant,BCC,BCC
ISIC_4384547,IL_9552156,dermoscopic,Malignant,BCC,BCC
ISIC_4385584,IL_1222046,dermoscopic,Benign,BEN_OTH,OTHER
ISIC_4388573,IL_2609201,dermoscopic,Benign,NV,NV
ISIC_4389317,IL_4737161,clinical: close-up,Benign,NV,NV
ISIC_4389754,IL_8249685,dermoscopic,Malignant,BCC,BCC
ISIC_4391247,IL_7616901,clinical: close-up,Malignant,BCC,BCC
ISIC_4391320,IL_9882271,clinical: close-up,Malignant,BCC,BCC
ISIC_4391368,IL_7560390,dermoscopic,Benign,BKL,BKL
ISIC_4393750,IL_9124015,clinical: close-up,Malignant,BCC,BCC
ISIC_4395957,IL_9980694,clinical: close-up,Malignant,BCC,BCC
ISIC_4396652,IL_8853986,clinical: close-up,Benign,BKL,BKL
ISIC_4399830,IL_2049093,dermoscopic,Malignant,BCC,BCC
ISIC_4400687,IL_5416595,dermoscopic,Benign,NV,NV
ISIC_4401551,IL_5425299,clinical: close-up,Malignant,BCC,BCC
ISIC_4406973,IL_6037073,dermoscopic,Malignant,BCC,BCC
ISIC_4407417,IL_1712969,dermoscopic,Malignant,BCC,BCC
ISIC_4407741,IL_9007318,clinical: close-up,Malignant,SCCKA,SCCKA
ISIC_4409610,IL_9364222,dermoscopic,Malignant,BCC,BCC
ISIC_4410078,IL_9600474,dermoscopic,Malignant,BCC,BCC
ISIC_4411067,IL_5482346,dermoscopic,Malignant,BCC,BCC
ISIC_4412263,IL_4049256,clinical: close-up,Malignant,BCC,BCC
ISIC_4416373,IL_2759554,dermoscopic,Benign,NV,NV
ISIC_4416938,IL_2610875,dermoscopic,Malignant,BCC,BCC
ISIC_4420662,IL_5519397,clinical: close-up,Malignant,BCC,BCC
ISIC_4421204,IL_8752697,clinical: close-up,Malignant,SCCKA,SCCKA
ISIC_4421697,IL_0994070,dermoscopic,Benign,BKL,BKL
ISIC_4423752,IL_5507611,dermoscopic,Malignant,BCC,BCC
ISIC_4424010,IL_7726867,clinical: close-up,Indeterminate,AKIEC,AKIEC
ISIC_4424871,IL_7377156,clinical: close-up,Malignant,BCC,BCC
ISIC_4426174,IL_2090783,clinical: close-up,Benign,BKL,BKL
ISIC_4426808,IL_9949464,dermoscopic,Benign,BKL,BKL
ISIC_4427207,IL_9456591,dermoscopic,Benign,BKL,BKL
ISIC_4427785,IL_7294235,dermoscopic,Malignant,BCC,BCC
ISIC_4429484,IL_2379441,clinical: close-up,Benign,NV,NV
ISIC_4429526,IL_2229268,clinical: close-up,Malignant,MEL,MEL
ISIC_4432152,IL_5917999,dermoscopic,Benign,NV,NV
ISIC_4437851,IL_9278038,clinical: close-up,Malignant,BCC,BCC
ISIC_4438000,IL_5147950,clinical: close-up,Malignant,BCC,BCC
ISIC_4438089,IL_4794810,clinical: close-up,Benign,VASC,VASC
ISIC_4438725,IL_7871814,dermoscopic,Malignant,BCC,BCC
ISIC_4439069,IL_1334935,clinical: close-up,Benign,NV,NV
ISIC_4442146,IL_1353481,dermoscopic,Malignant,BCC,BCC
ISIC_4442378,IL_0432586,dermoscopic,Benign,NV,NV
ISIC_4442537,IL_4866547,clinical: close-up,Malignant,BCC,BCC
ISIC_4443638,IL_9150280,dermoscopic,Benign,VASC,VASC
ISIC_4444763,IL_5137541,dermoscopic,Malignant,BCC,BCC
ISIC_4444955,IL_8674399,dermoscopic,Malignant,BCC,BCC
ISIC_4444976,IL_6881549,dermoscopic,Malignant,MEL,MEL
ISIC_4445549,IL_1874719,dermoscopic,Benign,BKL,BKL
ISIC_4449884,IL_5518573,clinical: close-up,Benign,BKL,BKL
ISIC_4452365,IL_1925186,clinical: close-up,Malignant,BCC,BCC
ISIC_4454419,IL_4777292,dermoscopic,Malignant,BCC,BCC
ISIC_4458763,IL_6595342,dermoscopic,Benign,NV,NV
ISIC_4460423,IL_6853764,clinical: close-up,Benign,NV,NV
ISIC_4463461,IL_3471902,clinical: close-up,Malignant,MEL,MEL
ISIC_4464487,IL_6727928,clinical: close-up,Malignant,AKIEC,AKIEC
ISIC_4464668,IL_2067413,clinical: close-up,Benign,BKL,BKL
ISIC_4465960,IL_0317980,dermoscopic,Malignant,BCC,BCC
ISIC_4466417,IL_3901946,clinical: close-up,Benign,DF,DF
ISIC_4466925,IL_3511667,clinical: close-up,Benign,BKL,BKL
ISIC_4467591,IL_5533204,clinical: close-up,Malignant,BCC,BCC
ISIC_4467920,IL_9944816,clinical: close-up,Malignant,BCC,BCC
ISIC_4468146,IL_0313731,clinical: close-up,Malignant,BCC,BCC
ISIC_4468660,IL_6452981,clinical: close-up,Malignant,BCC,BCC
ISIC_4469500,IL_0347019,clinical: close-up,Malignant,BCC,BCC
ISIC_4470805,IL_3211477,dermoscopic,Malignant,BCC,BCC
ISIC_4471113,IL_1356310,dermoscopic,Malignant,BCC,BCC
ISIC_4471122,IL_9473685,clinical: close-up,Benign,BKL,BKL
ISIC_4471156,IL_4601924,clinical: close-up,Malignant,SCCKA,SCCKA
ISIC_4471978,IL_8249685,clinical: close-up,Malignant,BCC,BCC
ISIC_4472727,IL_9276974,clinical: close-up,Malignant,BCC,BCC
ISIC_4474327,IL_1538944,clinical: close-up,Benign,NV,NV
ISIC_4474700,IL_8823164,clinical: close-up,Malignant,BCC,BCC
ISIC_4474831,IL_3020505,clinical: close-up,Malignant,BCC,BCC
ISIC_4475597,IL_3884267,clinical: close-up,Benign,NV,NV
ISIC_4478363,IL_3376861,dermoscopic,Malignant,MEL,MEL
ISIC_4480429,IL_1122729,clinical: close-up,Malignant,AKIEC,AKIEC
ISIC_4481385,IL_8679455,dermoscopic,Malignant,BCC,BCC
ISIC_4482208,IL_7789479,dermoscopic,Malignant,BCC,BCC
ISIC_4482209,IL_7216182,dermoscopic,Malignant,BCC,BCC
ISIC_4482349,IL_3836672,dermoscopic,Malignant,MEL,MEL
ISIC_4483583,IL_5225179,dermoscopic,Malignant,BCC,BCC
ISIC_4484543,IL_0894322,clinical: close-up,Malignant,BCC,BCC
ISIC_4484804,IL_1504585,clinical: close-up,Benign,NV,NV
ISIC_4485467,IL_8970458,dermoscopic,Malignant,MEL,MEL
ISIC_4486341,IL_7532764,dermoscopic,Malignant,BCC,BCC
ISIC_4487781,IL_9936896,clinical: close-up,Benign,NV,NV
ISIC_4489370,IL_5415624,clinical: close-up,Malignant,MEL,MEL
ISIC_4489436,IL_8449031,clinical: close-up,Malignant,SCCKA,SCCKA
ISIC_4490295,IL_1726538,dermoscopic,Benign,NV,NV
ISIC_4490552,IL_6853458,dermoscopic,Malignant,BCC,BCC
ISIC_4490935,IL_1907886,dermoscopic,Benign,NV,NV
ISIC_4491028,IL_4486702,dermoscopic,Benign,BKL,BKL
ISIC_4491147,IL_7193768,clinical: close-up,Benign,NV,NV
ISIC_4492759,IL_9202762,dermoscopic,Malignant,BCC,BCC
ISIC_4493203,IL_9665730,clinical: close-up,Malignant,MEL,MEL
ISIC_4494081,IL_7186549,clinical: close-up,Malignant,BCC,BCC
ISIC_4494886,IL_1099248,dermoscopic,Malignant,BCC,BCC
ISIC_4497112,IL_1174594,dermoscopic,Benign,BKL,BKL
ISIC_4497730,IL_5173093,dermoscopic,Malignant,BCC,BCC
ISIC_4499587,IL_2721473,clinical: close-up,Malignant,MEL,MEL
ISIC_4499650,IL_3518788,dermoscopic,Benign,BKL,BKL
ISIC_4502250,IL_7643911,clinical: close-up,Malignant,BCC,BCC
ISIC_4502259,IL_6122240,clinical: close-up,Malignant,MEL,MEL
ISIC_4503581,IL_6618073,dermoscopic,Benign,NV,NV
ISIC_4504390,IL_8679455,clinical: close-up,Malignant,BCC,BCC
ISIC_4506914,IL_0549977,dermoscopic,Malignant,BCC,BCC
ISIC_4509108,IL_7553488,dermoscopic,Benign,NV,NV
ISIC_4509507,IL_1252231,clinical: close-up,Malignant,BCC,BCC
ISIC_4514529,IL_0256138,clinical: close-up,Benign,NV,NV
ISIC_4516929,IL_7478637,clinical: close-up,Benign,NV,NV
ISIC_4517185,IL_1693296,dermoscopic,Benign,VASC,VASC
ISIC_4517401,IL_2750641,dermoscopic,Malignant,BCC,BCC
ISIC_4518133,IL_4415263,dermoscopic,Malignant,BCC,BCC
ISIC_4520270,IL_7331550,clinical: close-up,Indeterminate,AKIEC,AKIEC
ISIC_4520562,IL_9217480,clinical: close-up,Malignant,AKIEC,AKIEC
ISIC_4523106,IL_5911154,dermoscopic,Malignant,BCC,BCC
ISIC_4523157,IL_5627565,clinical: close-up,Malignant,BCC,BCC
ISIC_4523213,IL_0335720,clinical: close-up,Benign,DF,DF
ISIC_4524898,IL_3991500,clinical: close-up,Benign,NV,NV
ISIC_4526071,IL_2441603,clinical: close-up,Malignant,BCC,BCC
ISIC_4526175,IL_2351136,clinical: close-up,Malignant,BCC,BCC
ISIC_4527478,IL_8170554,dermoscopic,Malignant,BCC,BCC
ISIC_4529113,IL_6049551,clinical: close-up,Malignant,BCC,BCC
ISIC_4529704,IL_1081068,clinical: close-up,Malignant,BCC,BCC
ISIC_4533084,IL_6383449,clinical: close-up,Benign,NV,NV
ISIC_4536273,IL_9565231,clinical: close-up,Malignant,MEL,MEL
ISIC_4538438,IL_0298761,dermoscopic,Indeterminate,AKIEC,AKIEC
ISIC_4540189,IL_0461573,clinical: close-up,Malignant,BCC,BCC
ISIC_4542004,IL_2922462,dermoscopic,Malignant,BCC,BCC
ISIC_4542447,IL_5700109,clinical: close-up,Malignant,SCCKA,SCCKA
ISIC_4544829,IL_9758278,clinical: close-up,Malignant,BCC,BCC
ISIC_4546388,IL_3156209,dermoscopic,Malignant,BCC,BCC
ISIC_4546539,IL_5002382,clinical: close-up,Malignant,MEL,MEL
ISIC_4548708,IL_6847557,dermoscopic,Benign,NV,NV
ISIC_4548759,IL_6356650,dermoscopic,Malignant,BCC,BCC
ISIC_4552372,IL_4720043,dermoscopic,Malignant,MEL,MEL
ISIC_4552842,IL_7113968,dermoscopic,Malignant,SCCKA,SCCKA
ISIC_4553466,IL_9818681,dermoscopic,Malignant,AKIEC,AKIEC
ISIC_4553574,IL_9331050,clinical: close-up,Benign,BKL,BKL
ISIC_4554471,IL_8154885,dermoscopic,Malignant,BCC,BCC
ISIC_4554893,IL_3481443,dermoscopic,Benign,BKL,BKL
ISIC_4557242,IL_3307865,clinical: close-up,Malignant,BCC,BCC
ISIC_4557470,IL_0980631,clinical: close-up,Malignant,BCC,BCC
ISIC_4558719,IL_0345607,clinical: close-up,Malignant,BCC,BCC
ISIC_4564958,IL_9570046,dermoscopic,Malignant,BCC,BCC
ISIC_4565131,IL_5046857,dermoscopic,Malignant,BCC,BCC
ISIC_4565417,IL_7337481,dermoscopic,Malignant,BCC,BCC
ISIC_4566511,IL_0700399,clinical: close-up,Benign,BKL,BKL
ISIC_4566874,IL_8126491,dermoscopic,Benign,NV,NV
ISIC_4568904,IL_2702338,clinical: close-up,Malignant,MEL,MEL
ISIC_4571498,IL_4381974,dermoscopic,Malignant,BCC,BCC
ISIC_4573337,IL_8565372,dermoscopic,Malignant,BCC,BCC
ISIC_4573444,IL_2409650,dermoscopic,Malignant,BCC,BCC
ISIC_4574340,IL_9448117,clinical: close-up,Malignant,BCC,BCC
ISIC_4575840,IL_6117786,clinical: close-up,Malignant,MEL,MEL
ISIC_4577203,IL_6528074,dermoscopic,Malignant,BCC,BCC
ISIC_4578129,IL_3089993,clinical: close-up,Benign,BKL,BKL
ISIC_4581129,IL_7072256,dermoscopic,Indeterminate,AKIEC,AKIEC
ISIC_4581953,IL_7402808,dermoscopic,Malignant,BCC,BCC
ISIC_4582043,IL_7110419,dermoscopic,Malignant,BCC,BCC
ISIC_4583576,IL_6731689,clinical: close-up,Benign,BKL,BKL
ISIC_4583761,IL_7074375,dermoscopic,Malignant,BCC,BCC
ISIC_4584837,IL_9437710,clinical: close-up,Malignant,AKIEC,AKIEC
ISIC_4584930,IL_3239005,clinical: close-up,Malignant,SCCKA,SCCKA
ISIC_4584962,IL_2055704,dermoscopic,Benign,NV,NV
ISIC_4586954,IL_9579580,dermoscopic,Malignant,MEL,MEL
ISIC_4587766,IL_0868364,clinical: close-up,Benign,DF,DF
ISIC_4588258,IL_6346184,dermoscopic,Malignant,BCC,BCC
ISIC_4588970,IL_7469546,dermoscopic,Benign,NV,NV
ISIC_4589630,IL_8484491,dermoscopic,Malignant,BCC,BCC
ISIC_4590231,IL_3845206,clinical: close-up,Benign,BKL,BKL
ISIC_4590345,IL_8338996,clinical: close-up,Benign,BEN_OTH,OTHER
ISIC_4594517,IL_1733952,clinical: close-up,Malignant,SCCKA,SCCKA
ISIC_4594686,IL_6365127,dermoscopic,Benign,BKL,BKL
ISIC_4596353,IL_3836754,dermoscopic,Malignant,BCC,BCC
ISIC_4597054,IL_8374443,dermoscopic,Malignant,BCC,BCC
ISIC_4597469,IL_7168991,dermoscopic,Malignant,BCC,BCC
ISIC_4597536,IL_6130939,clinical: close-up,Malignant,BCC,BCC
ISIC_4597915,IL_1418511,clinical: close-up,Benign,NV,NV
ISIC_4598786,IL_4524955,dermoscopic,Malignant,BCC,BCC
ISIC_4599594,IL_8445981,dermoscopic,Malignant,BCC,BCC
ISIC_4601154,IL_0758206,dermoscopic,Malignant,MEL,MEL
ISIC_4602130,IL_0469589,dermoscopic,Malignant,SCCKA,SCCKA
ISIC_4602849,IL_8805142,dermoscopic,Benign,BKL,BKL
ISIC_4602943,IL_2585626,clinical: close-up,Malignant,AKIEC,AKIEC
ISIC_4604175,IL_2836148,clinical: close-up,Benign,BKL,BKL
ISIC_4604978,IL_7018812,dermoscopic,Benign,NV,NV
ISIC_4605939,IL_8211957,dermoscopic,Malignant,BCC,BCC
ISIC_4606877,IL_2397644,dermoscopic,Benign,NV,NV
ISIC_4607582,IL_3392979,dermoscopic,Benign,NV,NV
ISIC_4612891,IL_7464523,clinical: close-up,Malignant,SCCKA,SCCKA
ISIC_4613268,IL_5823414,dermoscopic,Benign,BKL,BKL
ISIC_4613878,IL_8039087,clinical: close-up,Malignant,SCCKA,SCCKA
ISIC_4613924,IL_3244016,dermoscopic,Malignant,BCC,BCC
ISIC_4617290,IL_4375831,dermoscopic,Benign,VASC,VASC
ISIC_4618150,IL_2317693,clinical: close-up,Benign,NV,NV
ISIC_4618811,IL_9167075,clinical: close-up,Malignant,BCC,BCC
ISIC_4620895,IL_3104013,clinical: close-up,Malignant,BCC,BCC
ISIC_4622192,IL_0913483,dermoscopic,Benign,NV,NV
ISIC_4626097,IL_7402183,dermoscopic,Benign,NV,NV
ISIC_4626190,IL_7785689,dermoscopic,Malignant,BCC,BCC
ISIC_4630771,IL_2908166,dermoscopic,Benign,BKL,BKL
ISIC_4631892,IL_2273559,clinical: close-up,Malignant,BCC,BCC
ISIC_4632123,IL_3087149,dermoscopic,Benign,BKL,BKL
ISIC_4638443,IL_6368595,clinical: close-up,Benign,BKL,BKL
ISIC_4639978,IL_8507702,clinical: close-up,Benign,BKL,BKL
ISIC_4640009,IL_0487689,dermoscopic,Benign,NV,NV
ISIC_4641356,IL_9231229,dermoscopic,Malignant,MEL,MEL
ISIC_4641479,IL_2557121,clinical: close-up,Malignant,BCC,BCC
ISIC_4642906,IL_2895594,dermoscopic,Benign,VASC,VASC
ISIC_4648933,IL_6332213,dermoscopic,Malignant,BCC,BCC
ISIC_4649816,IL_4203522,dermoscopic,Malignant,BCC,BCC
ISIC_4653787,IL_9975498,clinical: close-up,Benign,INF,INF
ISIC_4654586,IL_8604749,dermoscopic,Malignant,AKIEC,AKIEC
ISIC_4654961,IL_6591567,clinical: close-up,Malignant,BCC,BCC
ISIC_4655906,IL_0364539,clinical: close-up,Malignant,BCC,BCC
ISIC_4656723,IL_3214039,clinical: close-up,Malignant,MEL,MEL
ISIC_4659670,IL_1740059,dermoscopic,Benign,VASC,VASC
ISIC_4660700,IL_5215495,dermoscopic,Malignant,BCC,BCC
ISIC_4661049,IL_4900947,clinical: close-up,Benign,NV,NV
ISIC_4662348,IL_7363444,dermoscopic,Malignant,BCC,BCC
ISIC_4662941,IL_2426275,clinical: close-up,Malignant,BCC,BCC
ISIC_4668008,IL_5834999,dermoscopic,Indeterminate,AKIEC,AKIEC
ISIC_4668728,IL_1726538,clinical: close-up,Benign,NV,NV
ISIC_4669543,IL_4551959,clinical: close-up,Benign,NV,NV
ISIC_4671582,IL_2740956,dermoscopic,Malignant,BCC,BCC
ISIC_4672310,IL_7832293,clinical: close-up,Malignant,BCC,BCC
ISIC_4674125,IL_1090086,dermoscopic,Malignant,BCC,BCC
ISIC_4675163,IL_3802643,clinical: close-up,Malignant,BCC,BCC
ISIC_4679707,IL_1203056,dermoscopic,Benign,NV,NV
ISIC_4680472,IL_9769772,clinical: close-up,Malignant,BCC,BCC
ISIC_4680765,IL_1647541,dermoscopic,Malignant,BCC,BCC
ISIC_4681024,IL_5700109,dermoscopic,Malignant,SCCKA,SCCKA
ISIC_4682172,IL_3720458,clinical: close-up,Malignant,MEL,MEL
ISIC_4683265,IL_4840616,dermoscopic,Malignant,BCC,BCC
ISIC_4683384,IL_1393183,clinical: close-up,Malignant,BCC,BCC
ISIC_4683499,IL_5571355,clinical: close-up,Malignant,MEL,MEL
ISIC_4684596,IL_2528197,dermoscopic,Malignant,AKIEC,AKIEC
ISIC_4684676,IL_6440740,dermoscopic,Malignant,SCCKA,SCCKA
ISIC_4685235,IL_2956411,clinical: close-up,Malignant,MEL,MEL
ISIC_4685270,IL_0572339,clinical: close-up,Malignant,BCC,BCC
ISIC_4686711,IL_4419793,dermoscopic,Malignant,AKIEC,AKIEC
ISIC_4687962,IL_6800675,dermoscopic,Malignant,BCC,BCC
ISIC_4689083,IL_4177354,clinical: close-up,Malignant,BCC,BCC
ISIC_4689149,IL_7304734,clinical: close-up,Malignant,SCCKA,SCCKA
ISIC_4690427,IL_9292701,dermoscopic,Malignant,SCCKA,SCCKA
ISIC_4691032,IL_5569670,clinical: close-up,Malignant,BCC,BCC
ISIC_4691479,IL_5529544,dermoscopic,Malignant,BCC,BCC
ISIC_4692254,IL_6296418,clinical: close-up,Malignant,BCC,BCC
ISIC_4696657,IL_2273712,clinical: close-up,Malignant,MEL,MEL
ISIC_4700136,IL_2926353,clinical: close-up,Malignant,BCC,BCC
ISIC_4700918,IL_1037790,dermoscopic,Benign,NV,NV
ISIC_4703321,IL_2747674,dermoscopic,Malignant,MEL,MEL
ISIC_4703455,IL_0226639,clinical: close-up,Malignant,BCC,BCC
ISIC_4707994,IL_9524479,clinical: close-up,Malignant,BCC,BCC
ISIC_4708288,IL_1131415,dermoscopic,Malignant,BCC,BCC
ISIC_4710855,IL_3742523,dermoscopic,Malignant,SCCKA,SCCKA
ISIC_4712387,IL_7998645,clinical: close-up,Malignant,SCCKA,SCCKA
ISIC_4712987,IL_2301403,dermoscopic,Malignant,BCC,BCC
ISIC_4713478,IL_1346442,clinical: close-up,Malignant,BCC,BCC
ISIC_4716765,IL_4865091,clinical: close-up,Malignant,SCCKA,SCCKA
ISIC_4718280,IL_7041328,clinical: close-up,Malignant,BCC,BCC
ISIC_4719265,IL_1673815,clinical: close-up,Malignant,BCC,BCC
ISIC_4720694,IL_2648810,dermoscopic,Malignant,BCC,BCC
ISIC_4720934,IL_9611245,clinical: close-up,Malignant,BCC,BCC
ISIC_4721060,IL_7653394,dermoscopic,Malignant,BCC,BCC
ISIC_4722161,IL_1641908,clinical: close-up,Malignant,BCC,BCC
ISIC_4726470,IL_2307468,dermoscopic,Malignant,MEL,MEL
ISIC_4727154,IL_3355699,clinical: close-up,Malignant,MEL,MEL
ISIC_4728787,IL_4315407,dermoscopic,Benign,BKL,BKL
ISIC_4729676,IL_1288672,dermoscopic,Malignant,BCC,BCC
ISIC_4730750,IL_8572700,clinical: close-up,Malignant,BCC,BCC
ISIC_4733745,IL_5823414,clinical: close-up,Benign,BKL,BKL
ISIC_4735258,IL_3806100,dermoscopic,Malignant,SCCKA,SCCKA
ISIC_4735270,IL_6816964,clinical: close-up,Malignant,BCC,BCC
ISIC_4736865,IL_6559871,dermoscopic,Malignant,BCC,BCC
ISIC_4737695,IL_2251689,dermoscopic,Benign,NV,NV
ISIC_4737794,IL_0332363,clinical: close-up,Malignant,BCC,BCC
ISIC_4738070,IL_4209948,dermoscopic,Malignant,SCCKA,SCCKA
ISIC_4740743,IL_9572527,clinical: close-up,Malignant,MEL,MEL
ISIC_4741194,IL_9409547,clinical: close-up,Malignant,MEL,MEL
ISIC_4741777,IL_8297781,clinical: close-up,Malignant,BCC,BCC
ISIC_4742339,IL_0126015,dermoscopic,Benign,BKL,BKL
ISIC_4743338,IL_9895389,dermoscopic,Malignant,BCC,BCC
ISIC_4743479,IL_9131328,clinical: close-up,Malignant,BCC,BCC
ISIC_4749092,IL_0136746,dermoscopic,Malignant,BCC,BCC
ISIC_4752546,IL_7972003,clinical: close-up,Malignant,BCC,BCC
ISIC_4753918,IL_2664685,dermoscopic,Benign,NV,NV
ISIC_4756850,IL_3481443,clinical: close-up,Benign,BKL,BKL
ISIC_4757362,IL_5310552,dermoscopic,Benign,NV,NV
ISIC_4757447,IL_4383130,dermoscopic,Malignant,BCC,BCC
ISIC_4759066,IL_6182849,clinical: close-up,Malignant,BCC,BCC
ISIC_4759275,IL_1082732,clinical: close-up,Benign,BKL,BKL
ISIC_4760114,IL_9184351,dermoscopic,Benign,NV,NV
ISIC_4760443,IL_9024292,dermoscopic,Malignant,MEL,MEL
ISIC_4761686,IL_0172774,dermoscopic,Benign,BKL,BKL
ISIC_4763505,IL_1813183,dermoscopic,Malignant,BCC,BCC
ISIC_4765663,IL_2451092,dermoscopic,Malignant,BCC,BCC
ISIC_4767902,IL_7566377,clinical: close-up,Indeterminate,AKIEC,AKIEC
ISIC_4769059,IL_9453273,clinical: close-up,Malignant,BCC,BCC
ISIC_4770621,IL_9738941,dermoscopic,Malignant,BCC,BCC
ISIC_4770739,IL_6019983,clinical: close-up,Benign,VASC,VASC
ISIC_4771395,IL_9818681,clinical: close-up,Malignant,AKIEC,AKIEC
ISIC_4771926,IL_4155975,clinical: close-up,Malignant,BCC,BCC
ISIC_4775207,IL_6418149,clinical: close-up,Malignant,BCC,BCC
ISIC_4775625,IL_3973375,clinical: close-up,Benign,BKL,BKL
ISIC_4780938,IL_8566175,dermoscopic,Malignant,BCC,BCC
ISIC_4784047,IL_0353074,clinical: close-up,Malignant,BCC,BCC
ISIC_4785619,IL_3991500,dermoscopic,Benign,NV,NV
ISIC_4787120,IL_5033340,dermoscopic,Benign,NV,NV
ISIC_4788552,IL_8681344,dermoscopic,Malignant,MEL,MEL
ISIC_4791946,IL_7983668,clinical: close-up,Benign,NV,NV
ISIC_4792565,IL_9593601,dermoscopic,Benign,BKL,BKL
ISIC_4793381,IL_0721541,clinical: close-up,Benign,BKL,BKL
ISIC_4793606,IL_5333822,dermoscopic,Malignant,MEL,MEL
ISIC_4794988,IL_0717553,clinical: close-up,Benign,NV,NV
ISIC_4795806,IL_1571488,dermoscopic,Malignant,BCC,BCC
ISIC_4796147,IL_2239570,dermoscopic,Malignant,BCC,BCC
ISIC_4796243,IL_4516154,clinical: close-up,Malignant,AKIEC,AKIEC
ISIC_4797048,IL_4419075,clinical: close-up,Malignant,BCC,BCC
ISIC_4797688,IL_6598167,clinical: close-up,Malignant,MAL_OTH,OTHER
ISIC_4799293,IL_9681402,dermoscopic,Malignant,BCC,BCC
ISIC_4799523,IL_4563255,clinical: close-up,Benign,NV,NV
ISIC_4803473,IL_5120662,clinical: close-up,Malignant,BCC,BCC
ISIC_4806633,IL_0837149,clinical: close-up,Malignant,BCC,BCC
ISIC_4806887,IL_0941988,clinical: close-up,Malignant,BCC,BCC
ISIC_4807163,IL_7103424,dermoscopic,Malignant,BCC,BCC
ISIC_4807554,IL_9569942,dermoscopic,Malignant,AKIEC,AKIEC
ISIC_4810104,IL_5264589,clinical: close-up,Benign,BKL,BKL
ISIC_4811323,IL_1326669,clinical: close-up,Malignant,SCCKA,SCCKA
ISIC_4815149,IL_3363042,clinical: close-up,Malignant,BCC,BCC
ISIC_4820255,IL_6556593,dermoscopic,Malignant,BCC,BCC
ISIC_4821214,IL_3124756,dermoscopic,Benign,VASC,VASC
ISIC_4821829,IL_6853458,clinical: close-up,Malignant,BCC,BCC
ISIC_4823638,IL_9247349,dermoscopic,Malignant,BCC,BCC
ISIC_4823764,IL_5304581,clinical: close-up,Benign,NV,NV
ISIC_4827917,IL_7950923,dermoscopic,Malignant,BCC,BCC
ISIC_4829038,IL_0168605,dermoscopic,Malignant,SCCKA,SCCKA
ISIC_4830413,IL_2468895,clinical: close-up,Malignant,BCC,BCC
ISIC_4834358,IL_7565291,clinical: close-up,Malignant,BCC,BCC
ISIC_4837156,IL_5926277,clinical: close-up,Malignant,BCC,BCC
ISIC_4838706,IL_9408309,clinical: close-up,Malignant,SCCKA,SCCKA
ISIC_4840056,IL_9835714,dermoscopic,Malignant,BCC,BCC
ISIC_4840771,IL_4233206,clinical: close-up,Benign,BKL,BKL
ISIC_4841357,IL_8091560,clinical: close-up,Malignant,SCCKA,SCCKA
ISIC_4842466,IL_0576358,dermoscopic,Indeterminate,AKIEC,AKIEC
ISIC_4842886,IL_5802470,dermoscopic,Malignant,BCC,BCC
ISIC_4845560,IL_9862724,dermoscopic,Benign,NV,NV
ISIC_4845673,IL_8461423,clinical: close-up,Malignant,BCC,BCC
ISIC_4848886,IL_4491344,clinical: close-up,Malignant,SCCKA,SCCKA
ISIC_4849294,IL_7711358,clinical: close-up,Malignant,BCC,BCC
ISIC_4850035,IL_3424617,clinical: close-up,Benign,NV,NV
ISIC_4851185,IL_7714849,dermoscopic,Malignant,MEL,MEL
ISIC_4853537,IL_7238711,dermoscopic,Malignant,BCC,BCC
ISIC_4857675,IL_6731781,clinical: close-up,Benign,NV,NV
ISIC_4859968,IL_7377156,dermoscopic,Malignant,BCC,BCC
ISIC_4860954,IL_7884893,clinical: close-up,Malignant,AKIEC,AKIEC
ISIC_4862456,IL_1370183,clinical: close-up,Malignant,SCCKA,SCCKA
ISIC_4862589,IL_6365127,clinical: close-up,Benign,BKL,BKL
ISIC_4865809,IL_2888041,dermoscopic,Indeterminate,AKIEC,AKIEC
ISIC_4869964,IL_3956488,dermoscopic,Benign,BKL,BKL
ISIC_4871000,IL_1975374,clinical: close-up,Malignant,MEL,MEL
ISIC_4871002,IL_4706482,clinical: close-up,Malignant,SCCKA,SCCKA
ISIC_4871864,IL_1712969,clinical: close-up,Malignant,BCC,BCC
ISIC_4872000,IL_8455587,clinical: close-up,Malignant,BCC,BCC
ISIC_4872496,IL_0455273,dermoscopic,Benign,NV,NV
ISIC_4873822,IL_9994739,dermoscopic,Malignant,SCCKA,SCCKA
ISIC_4875335,IL_1364035,dermoscopic,Malignant,BCC,BCC
ISIC_4875678,IL_2650729,clinical: close-up,Malignant,SCCKA,SCCKA
ISIC_4876540,IL_6907846,dermoscopic,Malignant,BCC,BCC
ISIC_4879615,IL_0108201,clinical: close-up,Benign,NV,NV
ISIC_4879730,IL_2187730,clinical: close-up,Indeterminate,AKIEC,AKIEC
ISIC_4881815,IL_7141559,dermoscopic,Benign,VASC,VASC
ISIC_4881986,IL_5645205,clinical: close-up,Malignant,SCCKA,SCCKA
ISIC_4885574,IL_1222860,dermoscopic,Malignant,BCC,BCC
ISIC_4886295,IL_4268143,dermoscopic,Benign,NV,NV
ISIC_4887943,IL_2899704,dermoscopic,Malignant,BCC,BCC
ISIC_4888771,IL_9173333,dermoscopic,Malignant,BCC,BCC
ISIC_4889654,IL_5314103,clinical: close-up,Malignant,SCCKA,SCCKA
ISIC_4889821,IL_7234452,dermoscopic,Benign,NV,NV
ISIC_4889822,IL_3732140,dermoscopic,Malignant,BCC,BCC
ISIC_4891216,IL_8720951,dermoscopic,Benign,BKL,BKL
ISIC_4891974,IL_7025715,dermoscopic,Malignant,BCC,BCC
ISIC_4892815,IL_7142205,clinical: close-up,Benign,NV,NV
ISIC_4894144,IL_7356109,clinical: close-up,Malignant,SCCKA,SCCKA
ISIC_4895877,IL_1902090,clinical: close-up,Benign,BKL,BKL
ISIC_4896772,IL_0564162,clinical: close-up,Malignant,BCC,BCC
ISIC_4896910,IL_4430072,dermoscopic,Benign,BKL,BKL
ISIC_4897116,IL_9095433,clinical: close-up,Malignant,BCC,BCC
ISIC_4898312,IL_8387787,clinical: close-up,Malignant,BCC,BCC
ISIC_4898917,IL_0620338,dermoscopic,Malignant,BCC,BCC
ISIC_4900087,IL_1099248,clinical: close-up,Malignant,BCC,BCC
ISIC_4900556,IL_9773637,clinical: close-up,Malignant,BCC,BCC
ISIC_4901003,IL_0514561,clinical: close-up,Malignant,BCC,BCC
ISIC_4902119,IL_4336969,clinical: close-up,Malignant,AKIEC,AKIEC
ISIC_4905525,IL_6650596,dermoscopic,Malignant,BCC,BCC
ISIC_4905823,IL_2400114,dermoscopic,Malignant,BCC,BCC
ISIC_4907310,IL_8618325,clinical: close-up,Malignant,BCC,BCC
ISIC_4908497,IL_4375831,clinical: close-up,Benign,VASC,VASC
ISIC_4909505,IL_9678089,dermoscopic,Malignant,BCC,BCC
ISIC_4910424,IL_5324666,dermoscopic,Malignant,BCC,BCC
ISIC_4911521,IL_1176036,dermoscopic,Malignant,SCCKA,SCCKA
ISIC_4912510,IL_9984501,dermoscopic,Malignant,BCC,BCC
ISIC_4913500,IL_9731170,dermoscopic,Malignant,BCC,BCC
ISIC_4914433,IL_6352685,dermoscopic,Malignant,BCC,BCC
ISIC_4914852,IL_9448117,dermoscopic,Malignant,BCC,BCC
ISIC_4915601,IL_8219054,clinical: close-up,Malignant,SCCKA,SCCKA
ISIC_4916643,IL_6372832,dermoscopic,Indeterminate,AKIEC,AKIEC
ISIC_4916835,IL_5263349,clinical: close-up,Benign,BKL,BKL
ISIC_4919280,IL_6627876,dermoscopic,Malignant,BCC,BCC
ISIC_4919326,IL_4028945,clinical: close-up,Malignant,AKIEC,AKIEC
ISIC_4921441,IL_9413829,clinical: close-up,Malignant,BCC,BCC
ISIC_4923148,IL_1239256,clinical: close-up,Malignant,SCCKA,SCCKA
ISIC_4923499,IL_1794752,clinical: close-up,Malignant,BCC,BCC
ISIC_4923934,IL_8557195,dermoscopic,Benign,BEN_OTH,OTHER
ISIC_4924759,IL_3297767,clinical: close-up,Malignant,BCC,BCC
ISIC_4924775,IL_8247508,dermoscopic,Malignant,BCC,BCC
ISIC_4927149,IL_3883867,dermoscopic,Benign,NV,NV
ISIC_4929016,IL_2276592,clinical: close-up,Malignant,BCC,BCC
ISIC_4929247,IL_6770376,dermoscopic,Malignant,SCCKA,SCCKA
ISIC_4929586,IL_1572653,dermoscopic,Benign,BKL,BKL
ISIC_4932148,IL_0075646,dermoscopic,Malignant,BCC,BCC
ISIC_4932799,IL_4209948,clinical: close-up,Malignant,SCCKA,SCCKA
ISIC_4933345,IL_8277496,dermoscopic,Malignant,BCC,BCC
ISIC_4933905,IL_0474347,dermoscopic,Malignant,SCCKA,SCCKA
ISIC_4934707,IL_1438127,dermoscopic,Malignant,BCC,BCC
ISIC_4935816,IL_8951938,dermoscopic,Malignant,BCC,BCC
ISIC_4936029,IL_2808273,dermoscopic,Malignant,BCC,BCC
ISIC_4939357,IL_5512123,dermoscopic,Malignant,BCC,BCC
ISIC_4940127,IL_9486743,dermoscopic,Malignant,SCCKA,SCCKA
ISIC_4940435,IL_7825787,clinical: close-up,Malignant,BCC,BCC
ISIC_4941462,IL_8041079,clinical: close-up,Benign,NV,NV
ISIC_4942291,IL_4734157,clinical: close-up,Benign,NV,NV
ISIC_4943359,IL_6616661,dermoscopic,Malignant,BCC,BCC
ISIC_4943472,IL_4459235,dermoscopic,Malignant,AKIEC,AKIEC
ISIC_4943764,IL_4032285,clinical: close-up,Malignant,BCC,BCC
ISIC_4945500,IL_2473715,clinical: close-up,Malignant,SCCKA,SCCKA
ISIC_4949237,IL_8803152,dermoscopic,Malignant,AKIEC,AKIEC
ISIC_4951263,IL_9685051,clinical: close-up,Benign,NV,NV
ISIC_4951972,IL_8280517,dermoscopic,Malignant,BCC,BCC
ISIC_4952289,IL_8692782,clinical: close-up,Malignant,BCC,BCC
ISIC_4953526,IL_9769761,clinical: close-up,Benign,NV,NV
ISIC_4954192,IL_4131628,dermoscopic,Malignant,BCC,BCC
ISIC_4955572,IL_1129675,dermoscopic,Malignant,BCC,BCC
ISIC_4955834,IL_9190120,clinical: close-up,Malignant,BCC,BCC
ISIC_4955912,IL_8312366,dermoscopic,Malignant,BCC,BCC
ISIC_4957395,IL_2889999,clinical: close-up,Benign,BKL,BKL
ISIC_4957526,IL_4294733,dermoscopic,Malignant,BCC,BCC
ISIC_4958487,IL_7363364,clinical: close-up,Malignant,BCC,BCC
ISIC_4958589,IL_5831054,dermoscopic,Benign,BKL,BKL
ISIC_4959784,IL_3901946,dermoscopic,Benign,DF,DF
ISIC_4960098,IL_5606298,clinical: close-up,Benign,BKL,BKL
ISIC_4961582,IL_0159486,clinical: close-up,Malignant,MEL,MEL
ISIC_4963201,IL_6188972,dermoscopic,Malignant,BCC,BCC
ISIC_4964410,IL_0199161,clinical: close-up,Malignant,BCC,BCC
ISIC_4964428,IL_2194640,dermoscopic,Malignant,BCC,BCC
ISIC_4964694,IL_5378051,dermoscopic,Benign,BKL,BKL
ISIC_4965110,IL_4375054,dermoscopic,Malignant,SCCKA,SCCKA
ISIC_4966803,IL_0313731,dermoscopic,Malignant,BCC,BCC
ISIC_4967282,IL_3553236,clinical: close-up,Malignant,MEL,MEL
ISIC_4970256,IL_9497630,dermoscopic,Malignant,BCC,BCC
ISIC_4970657,IL_0466383,clinical: close-up,Malignant,BCC,BCC
ISIC_4971008,IL_1763474,dermoscopic,Malignant,BCC,BCC
ISIC_4973067,IL_3615329,clinical: close-up,Malignant,BCC,BCC
ISIC_4975719,IL_3170694,clinical: close-up,Malignant,SCCKA,SCCKA
ISIC_4976629,IL_3020505,dermoscopic,Malignant,BCC,BCC
ISIC_4977351,IL_7356109,dermoscopic,Malignant,SCCKA,SCCKA
ISIC_4979236,IL_3069196,clinical: close-up,Malignant,BCC,BCC
ISIC_4979533,IL_9523157,dermoscopic,Malignant,BCC,BCC
ISIC_4980158,IL_0074413,dermoscopic,Benign,NV,NV
ISIC_4980196,IL_8058486,dermoscopic,Malignant,AKIEC,AKIEC
ISIC_4983893,IL_7564566,dermoscopic,Malignant,BCC,BCC
ISIC_4984469,IL_1391471,dermoscopic,Malignant,BCC,BCC
ISIC_4984580,IL_0586975,clinical: close-up,Malignant,AKIEC,AKIEC
ISIC_4984773,IL_4647255,dermoscopic,Malignant,BCC,BCC
ISIC_4985100,IL_9324964,clinical: close-up,Malignant,BCC,BCC
ISIC_4985739,IL_7951071,dermoscopic,Benign,BKL,BKL
ISIC_4988567,IL_7719252,dermoscopic,Malignant,BCC,BCC
ISIC_4989932,IL_0610224,clinical: close-up,Malignant,SCCKA,SCCKA
ISIC_4992936,IL_7635257,clinical: close-up,Malignant,MEL,MEL
ISIC_4993836,IL_4547329,clinical: close-up,Benign,NV,NV
ISIC_4996777,IL_5209978,dermoscopic,Malignant,BCC,BCC
ISIC_5000414,IL_7811339,dermoscopic,Malignant,BCC,BCC
ISIC_5001424,IL_5849837,dermoscopic,Malignant,SCCKA,SCCKA
ISIC_5003991,IL_2577836,dermoscopic,Malignant,SCCKA,SCCKA
ISIC_5004150,IL_3301980,clinical: close-up,Malignant,BCC,BCC
ISIC_5006126,IL_4175497,clinical: close-up,Benign,INF,INF
ISIC_5006235,IL_0152415,dermoscopic,Malignant,BCC,BCC
ISIC_5007628,IL_2815736,clinical: close-up,Malignant,SCCKA,SCCKA
ISIC_5007629,IL_1680101,clinical: close-up,Benign,NV,NV
ISIC_5010015,IL_4514039,clinical: close-up,Benign,NV,NV
ISIC_5010177,IL_8324597,clinical: close-up,Malignant,BCC,BCC
ISIC_5010590,IL_4928087,dermoscopic,Malignant,MEL,MEL
ISIC_5013715,IL_5140022,clinical: close-up,Malignant,BCC,BCC
ISIC_5013822,IL_6914353,dermoscopic,Benign,BKL,BKL
ISIC_5015322,IL_5832073,clinical: close-up,Benign,BKL,BKL
ISIC_5016123,IL_0083505,clinical: close-up,Benign,NV,NV
ISIC_5017355,IL_0618534,dermoscopic,Benign,NV,NV
ISIC_5018463,IL_8618325,dermoscopic,Malignant,BCC,BCC
ISIC_5018607,IL_1141889,clinical: close-up,Benign,BKL,BKL
ISIC_5019119,IL_3006053,dermoscopic,Malignant,MEL,MEL
ISIC_5019273,IL_1693887,clinical: close-up,Malignant,SCCKA,SCCKA
ISIC_5020961,IL_1962759,dermoscopic,Benign,NV,NV
ISIC_5021319,IL_4453479,clinical: close-up,Malignant,SCCKA,SCCKA
ISIC_5022439,IL_6762452,dermoscopic,Malignant,BCC,BCC
ISIC_5023550,IL_9943319,dermoscopic,Benign,NV,NV
ISIC_5026774,IL_4441358,dermoscopic,Malignant,BCC,BCC
ISIC_5027597,IL_7274856,dermoscopic,Benign,BKL,BKL
ISIC_5027796,IL_5246616,dermoscopic,Malignant,BCC,BCC
ISIC_5030554,IL_4829953,clinical: close-up,Malignant,MEL,MEL
ISIC_5030934,IL_0490724,dermoscopic,Malignant,BCC,BCC
ISIC_5030992,IL_4033991,clinical: close-up,Benign,BKL,BKL
ISIC_5031508,IL_6967466,clinical: close-up,Indeterminate,AKIEC,AKIEC
ISIC_5032675,IL_0540027,dermoscopic,Benign,NV,NV
ISIC_5036259,IL_8577352,dermoscopic,Malignant,BCC,BCC
ISIC_5037023,IL_7591530,clinical: close-up,Benign,BKL,BKL
ISIC_5037826,IL_4517791,clinical: close-up,Malignant,MEL,MEL
ISIC_5038305,IL_1904975,clinical: close-up,Benign,NV,NV
ISIC_5042080,IL_8726676,dermoscopic,Malignant,SCCKA,SCCKA
ISIC_5042685,IL_5240464,dermoscopic,Benign,BKL,BKL
ISIC_5044856,IL_1936294,dermoscopic,Malignant,BCC,BCC
ISIC_5047126,IL_6609864,clinical: close-up,Benign,NV,NV
ISIC_5047162,IL_1275816,dermoscopic,Malignant,MEL,MEL
ISIC_5047383,IL_0044468,clinical: close-up,Malignant,MEL,MEL
ISIC_5049585,IL_4163888,dermoscopic,Malignant,BCC,BCC
ISIC_5050587,IL_3824346,dermoscopic,Malignant,SCCKA,SCCKA
ISIC_5052804,IL_0786469,dermoscopic,Benign,NV,NV
ISIC_5053442,IL_3297767,dermoscopic,Malignant,BCC,BCC
ISIC_5054723,IL_9629068,clinical: close-up,Malignant,BCC,BCC
ISIC_5054841,IL_1441711,dermoscopic,Malignant,SCCKA,SCCKA
ISIC_5054970,IL_9439030,dermoscopic,Malignant,BCC,BCC
ISIC_5056347,IL_9583565,clinical: close-up,Benign,NV,NV
ISIC_5058087,IL_0994070,clinical: close-up,Benign,BKL,BKL
ISIC_5058408,IL_9769772,dermoscopic,Malignant,BCC,BCC
ISIC_5059174,IL_6066960,clinical: close-up,Malignant,SCCKA,SCCKA
ISIC_5060422,IL_5575063,clinical: close-up,Benign,BKL,BKL
ISIC_5062257,IL_3383259,clinical: close-up,Benign,NV,NV
ISIC_5062776,IL_6502253,dermoscopic,Malignant,BCC,BCC
ISIC_5063574,IL_2448837,clinical: close-up,Malignant,BCC,BCC
ISIC_5064090,IL_7101016,dermoscopic,Malignant,BCC,BCC
ISIC_5064865,IL_1127308,dermoscopic,Malignant,SCCKA,SCCKA
ISIC_5065727,IL_0199225,clinical: close-up,Malignant,BCC,BCC
ISIC_5067697,IL_9366811,clinical: close-up,Malignant,BCC,BCC
ISIC_5068413,IL_6657702,dermoscopic,Malignant,MEL,MEL
ISIC_5070126,IL_8610456,dermoscopic,Malignant,BCC,BCC
ISIC_5070221,IL_3744094,dermoscopic,Benign,VASC,VASC
ISIC_5071145,IL_2733872,clinical: close-up,Malignant,BCC,BCC
ISIC_5074726,IL_2237445,clinical: close-up,Benign,NV,NV
ISIC_5078639,IL_5255150,dermoscopic,Malignant,BCC,BCC
ISIC_5079694,IL_6680109,dermoscopic,Malignant,BCC,BCC
ISIC_5082399,IL_2918897,clinical: close-up,Malignant,BCC,BCC
ISIC_5083538,IL_0932905,clinical: close-up,Malignant,BCC,BCC
ISIC_5083671,IL_6248388,clinical: close-up,Benign,INF,INF
ISIC_5083751,IL_7332620,clinical: close-up,Malignant,BCC,BCC
ISIC_5084322,IL_1801280,clinical: close-up,Malignant,SCCKA,SCCKA
ISIC_5084963,IL_3939188,dermoscopic,Malignant,AKIEC,AKIEC
ISIC_5085980,IL_6226782,dermoscopic,Malignant,BCC,BCC
ISIC_5086729,IL_7769100,clinical: close-up,Malignant,BCC,BCC
ISIC_5089274,IL_1405632,dermoscopic,Malignant,BCC,BCC
ISIC_5090480,IL_2152679,dermoscopic,Malignant,BCC,BCC
ISIC_5092515,IL_1350763,dermoscopic,Malignant,AKIEC,AKIEC
ISIC_5093195,IL_8459572,dermoscopic,Malignant,BCC,BCC
ISIC_5093862,IL_8853986,dermoscopic,Benign,BKL,BKL
ISIC_5097119,IL_4203515,clinical: close-up,Benign,BKL,BKL
ISIC_5097850,IL_3023010,clinical: close-up,Malignant,MEL,MEL
ISIC_5099169,IL_1967474,dermoscopic,Benign,VASC,VASC
ISIC_5100065,IL_0080398,clinical: close-up,Malignant,MEL,MEL
ISIC_5101018,IL_8970458,clinical: close-up,Malignant,MEL,MEL
ISIC_5103206,IL_1150013,dermoscopic,Benign,NV,NV
ISIC_5110123,IL_0576358,clinical: close-up,Indeterminate,AKIEC,AKIEC
ISIC_5111361,IL_5738134,clinical: close-up,Malignant,BCC,BCC
ISIC_5116668,IL_7466506,dermoscopic,Malignant,BCC,BCC
ISIC_5120336,IL_0758206,clinical: close-up,Malignant,MEL,MEL
ISIC_5120362,IL_2273559,dermoscopic,Malignant,BCC,BCC
ISIC_5121192,IL_6380251,clinical: close-up,Benign,NV,NV
ISIC_5128167,IL_8262474,clinical: close-up,Benign,BKL,BKL
ISIC_5129541,IL_4519141,dermoscopic,Benign,NV,NV
ISIC_5129863,IL_7474908,dermoscopic,Malignant,BCC,BCC
ISIC_5132321,IL_5181859,dermoscopic,Malignant,SCCKA,SCCKA
ISIC_5132630,IL_1175004,dermoscopic,Malignant,BCC,BCC
ISIC_5134271,IL_4322313,clinical: close-up,Malignant,BCC,BCC
ISIC_5135274,IL_7995949,clinical: close-up,Benign,NV,NV
ISIC_5135443,IL_7793730,dermoscopic,Malignant,BCC,BCC
ISIC_5135848,IL_1544139,clinical: close-up,Malignant,SCCKA,SCCKA
ISIC_5136915,IL_3122481,clinical: close-up,Malignant,BCC,BCC
ISIC_5137393,IL_1072966,clinical: close-up,Benign,BKL,BKL
ISIC_5137477,IL_9596120,clinical: close-up,Benign,NV,NV
ISIC_5138441,IL_4511689,dermoscopic,Malignant,BCC,BCC
ISIC_5138739,IL_7018812,clinical: close-up,Benign,NV,NV
ISIC_5140960,IL_4638658,clinical: close-up,Malignant,BCC,BCC
ISIC_5144687,IL_0092622,dermoscopic,Malignant,MEL,MEL
ISIC_5148533,IL_4123354,dermoscopic,Malignant,SCCKA,SCCKA
ISIC_5149059,IL_0218965,clinical: close-up,Benign,NV,NV
ISIC_5150525,IL_1797280,clinical: close-up,Benign,BKL,BKL
ISIC_5150740,IL_2888238,clinical: close-up,Malignant,BCC,BCC
ISIC_5151650,IL_7366789,dermoscopic,Benign,BKL,BKL
ISIC_5152130,IL_8266229,clinical: close-up,Benign,BKL,BKL
ISIC_5152492,IL_3133685,dermoscopic,Benign,BKL,BKL
ISIC_5156331,IL_7950923,clinical: close-up,Malignant,BCC,BCC
ISIC_5157183,IL_8747849,dermoscopic,Benign,NV,NV
ISIC_5157495,IL_5655244,dermoscopic,Benign,NV,NV
ISIC_5158158,IL_6169733,dermoscopic,Malignant,BCC,BCC
ISIC_5159139,IL_3199260,dermoscopic,Benign,BKL,BKL
ISIC_5163313,IL_6938296,clinical: close-up,Malignant,MEL,MEL
ISIC_5164012,IL_2721693,dermoscopic,Malignant,BCC,BCC
ISIC_5164646,IL_6116581,dermoscopic,Benign,BKL,BKL
ISIC_5165824,IL_2351136,dermoscopic,Malignant,BCC,BCC
ISIC_5167204,IL_5607525,clinical: close-up,Malignant,BCC,BCC
ISIC_5168853,IL_0588245,clinical: close-up,Malignant,BCC,BCC
ISIC_5169938,IL_3711710,dermoscopic,Malignant,BCC,BCC
ISIC_5171624,IL_1902090,dermoscopic,Benign,BKL,BKL
ISIC_5171808,IL_6673700,dermoscopic,Benign,NV,NV
ISIC_5173097,IL_5363044,clinical: close-up,Benign,VASC,VASC
ISIC_5173419,IL_0664842,clinical: close-up,Malignant,BCC,BCC
ISIC_5173718,IL_2247062,dermoscopic,Benign,NV,NV
ISIC_5174175,IL_2832342,dermoscopic,Benign,BKL,BKL
ISIC_5174728,IL_3104013,dermoscopic,Malignant,BCC,BCC
ISIC_5175946,IL_2526379,dermoscopic,Benign,NV,NV
ISIC_5176734,IL_6705491,clinical: close-up,Malignant,MEL,MEL
ISIC_5177404,IL_4083881,clinical: close-up,Malignant,AKIEC,AKIEC
ISIC_5178054,IL_5601227,clinical: close-up,Malignant,BCC,BCC
ISIC_5178949,IL_4843671,dermoscopic,Malignant,BCC,BCC
ISIC_5179141,IL_3376509,clinical: close-up,Malignant,BCC,BCC
ISIC_5180185,IL_2308976,dermoscopic,Malignant,BCC,BCC
ISIC_5180599,IL_5922871,dermoscopic,Malignant,BCC,BCC
ISIC_5184106,IL_0891260,dermoscopic,Malignant,BCC,BCC
ISIC_5185179,IL_7627214,dermoscopic,Malignant,BCC,BCC
ISIC_5185355,IL_9731170,clinical: close-up,Malignant,BCC,BCC
ISIC_5185588,IL_3734319,dermoscopic,Malignant,BCC,BCC
ISIC_5186409,IL_0005081,dermoscopic,Malignant,SCCKA,SCCKA
ISIC_5188621,IL_4376551,dermoscopic,Benign,NV,NV
ISIC_5192756,IL_9262506,clinical: close-up,Malignant,BCC,BCC
ISIC_5192807,IL_3954142,clinical: close-up,Benign,INF,INF
ISIC_5192894,IL_3096857,clinical: close-up,Malignant,BCC,BCC
ISIC_5194644,IL_0826473,dermoscopic,Benign,NV,NV
ISIC_5195959,IL_9597986,dermoscopic,Benign,BKL,BKL
ISIC_5197331,IL_7728246,dermoscopic,Benign,BKL,BKL
ISIC_5199166,IL_9036149,clinical: close-up,Benign,NV,NV
ISIC_5200686,IL_8885600,dermoscopic,Malignant,BCC,BCC
ISIC_5201104,IL_8850331,clinical: close-up,Malignant,MEL,MEL
ISIC_5203294,IL_7511780,clinical: close-up,Benign,BKL,BKL
ISIC_5203599,IL_0029019,dermoscopic,Malignant,MEL,MEL
ISIC_5205572,IL_1627026,clinical: close-up,Malignant,MEL,MEL
ISIC_5205716,IL_8875677,clinical: close-up,Indeterminate,AKIEC,AKIEC
ISIC_5206219,IL_4381909,clinical: close-up,Indeterminate,AKIEC,AKIEC
ISIC_5207549,IL_7244140,dermoscopic,Benign,NV,NV
ISIC_5210175,IL_0322820,clinical: close-up,Malignant,BCC,BCC
ISIC_5212180,IL_6947307,clinical: close-up,Malignant,MEL,MEL
ISIC_5212488,IL_5768412,clinical: close-up,Benign,NV,NV
ISIC_5213096,IL_6178941,clinical: close-up,Benign,NV,NV
ISIC_5213643,IL_6555655,dermoscopic,Malignant,BCC,BCC
ISIC_5214169,IL_5451589,clinical: close-up,Malignant,SCCKA,SCCKA
ISIC_5214703,IL_0972770,dermoscopic,Benign,INF,INF
ISIC_5217075,IL_7135513,dermoscopic,Benign,BKL,BKL
ISIC_5217912,IL_8803152,clinical: close-up,Malignant,AKIEC,AKIEC
ISIC_5218005,IL_0350485,dermoscopic,Benign,NV,NV
ISIC_5221340,IL_7075634,dermoscopic,Benign,BEN_OTH,OTHER
ISIC_5223774,IL_5709842,clinical: close-up,Benign,NV,NV
ISIC_5224246,IL_1609531,dermoscopic,Malignant,BCC,BCC
ISIC_5225765,IL_0770948,dermoscopic,Malignant,SCCKA,SCCKA
ISIC_5227758,IL_1664257,clinical: close-up,Benign,NV,NV
ISIC_5228122,IL_9353162,clinical: close-up,Benign,DF,DF
ISIC_5230761,IL_0810155,dermoscopic,Malignant,MEL,MEL
ISIC_5232497,IL_0136746,clinical: close-up,Malignant,BCC,BCC
ISIC_5233296,IL_2441603,dermoscopic,Malignant,BCC,BCC
ISIC_5233519,IL_1916880,dermoscopic,Benign,NV,NV
ISIC_5233869,IL_4156451,clinical: close-up,Malignant,BCC,BCC
ISIC_5235518,IL_2473158,dermoscopic,Benign,BKL,BKL
ISIC_5239106,IL_6717785,dermoscopic,Benign,NV,NV
ISIC_5240908,IL_9554628,clinical: close-up,Benign,NV,NV
ISIC_5242109,IL_8648373,clinical: close-up,Malignant,BCC,BCC
ISIC_5242239,IL_6853764,dermoscopic,Benign,NV,NV
ISIC_5242567,IL_6332213,clinical: close-up,Malignant,BCC,BCC
ISIC_5243282,IL_4260249,dermoscopic,Malignant,BCC,BCC
ISIC_5246163,IL_8165717,clinical: close-up,Benign,NV,NV
ISIC_5247248,IL_3426033,clinical: close-up,Malignant,BCC,BCC
ISIC_5249321,IL_1861078,dermoscopic,Malignant,BCC,BCC
ISIC_5253746,IL_6552664,dermoscopic,Malignant,MEL,MEL
ISIC_5254610,IL_2275218,clinical: close-up,Malignant,BCC,BCC
ISIC_5255131,IL_1618777,dermoscopic,Benign,BKL,BKL
ISIC_5260184,IL_6765370,clinical: close-up,Malignant,BCC,BCC
ISIC_5261867,IL_5236247,clinical: close-up,Benign,BKL,BKL
ISIC_5264230,IL_4877466,dermoscopic,Malignant,SCCKA,SCCKA
ISIC_5268767,IL_2086126,dermoscopic,Malignant,BCC,BCC
ISIC_5270147,IL_8595325,dermoscopic,Benign,NV,NV
ISIC_5271791,IL_6484840,dermoscopic,Malignant,BCC,BCC
ISIC_5273681,IL_0332363,dermoscopic,Malignant,BCC,BCC
ISIC_5274848,IL_5507611,clinical: close-up,Malignant,BCC,BCC
ISIC_5275192,IL_6787106,dermoscopic,Benign,BKL,BKL
ISIC_5279946,IL_3196710,dermoscopic,Malignant,BCC,BCC
ISIC_5280186,IL_7242669,clinical: close-up,Benign,NV,NV
ISIC_5280833,IL_9614802,clinical: close-up,Malignant,SCCKA,SCCKA
ISIC_5280916,IL_2309123,clinical: close-up,Benign,NV,NV
ISIC_5281912,IL_6790433,clinical: close-up,Malignant,BCC,BCC
ISIC_5282437,IL_6953253,clinical: close-up,Benign,BKL,BKL
ISIC_5284704,IL_6592756,dermoscopic,Malignant,BCC,BCC
ISIC_5287761,IL_2466652,clinical: close-up,Malignant,BCC,BCC
ISIC_5289955,IL_3137166,clinical: close-up,Indeterminate,AKIEC,AKIEC
ISIC_5291973,IL_2707139,clinical: close-up,Malignant,AKIEC,AKIEC
ISIC_5294669,IL_4160541,clinical: close-up,Malignant,BCC,BCC
ISIC_5296244,IL_9426275,dermoscopic,Malignant,BCC,BCC
ISIC_5296837,IL_5012035,clinical: close-up,Malignant,MEL,MEL
ISIC_5297462,IL_9882527,dermoscopic,Malignant,BCC,BCC
ISIC_5298792,IL_6440740,clinical: close-up,Malignant,SCCKA,SCCKA
ISIC_5299228,IL_7725832,clinical: close-up,Benign,NV,NV
ISIC_5301048,IL_5879862,clinical: close-up,Malignant,MEL,MEL
ISIC_5301687,IL_7232316,clinical: close-up,Malignant,BCC,BCC
ISIC_5304804,IL_4407771,dermoscopic,Malignant,BCC,BCC
ISIC_5305490,IL_7743352,clinical: close-up,Benign,BEN_OTH,OTHER
ISIC_5305591,IL_7653541,clinical: close-up,Malignant,BCC,BCC
ISIC_5306039,IL_1438127,clinical: close-up,Malignant,BCC,BCC
ISIC_5306085,IL_1794752,dermoscopic,Malignant,BCC,BCC
ISIC_5308020,IL_2342693,clinical: close-up,Malignant,MEL,MEL
ISIC_5308424,IL_6847142,clinical: close-up,Malignant,BCC,BCC
ISIC_5310379,IL_0967038,dermoscopic,Benign,BKL,BKL
ISIC_5310585,IL_6950574,dermoscopic,Malignant,SCCKA,SCCKA
ISIC_5310763,IL_6512054,dermoscopic,Benign,BKL,BKL
ISIC_5311382,IL_4245376,dermoscopic,Malignant,BCC,BCC
ISIC_5312126,IL_6003342,dermoscopic,Benign,BKL,BKL
ISIC_5313254,IL_2612192,dermoscopic,Malignant,BCC,BCC
ISIC_5313507,IL_0507774,clinical: close-up,Malignant,BCC,BCC
ISIC_5314319,IL_1030040,clinical: close-up,Benign,NV,NV
ISIC_5315549,IL_9900993,clinical: close-up,Benign,VASC,VASC
ISIC_5315833,IL_4108143,dermoscopic,Benign,NV,NV
ISIC_5317598,IL_7208264,clinical: close-up,Malignant,SCCKA,SCCKA
ISIC_5318049,IL_6022474,clinical: close-up,Benign,BKL,BKL
ISIC_5318502,IL_0424747,clinical: close-up,Benign,NV,NV
ISIC_5318655,IL_0864051,clinical: close-up,Malignant,BCC,BCC
ISIC_5319529,IL_0310988,clinical: close-up,Indeterminate,AKIEC,AKIEC
ISIC_5321479,IL_3400406,dermoscopic,Malignant,BCC,BCC
ISIC_5323349,IL_5076594,clinical: close-up,Malignant,BCC,BCC
ISIC_5324767,IL_3541030,clinical: close-up,Benign,NV,NV
ISIC_5325372,IL_6197231,dermoscopic,Malignant,BCC,BCC
ISIC_5328474,IL_8973483,dermoscopic,Malignant,SCCKA,SCCKA
ISIC_5329894,IL_1203056,clinical: close-up,Benign,NV,NV
ISIC_5330823,IL_8301867,clinical: close-up,Malignant,AKIEC,AKIEC
ISIC_5333979,IL_9588958,clinical: close-up,Malignant,MEL,MEL
ISIC_5334491,IL_6181794,clinical: close-up,Malignant,BCC,BCC
ISIC_5335240,IL_7331550,dermoscopic,Indeterminate,AKIEC,AKIEC
ISIC_5340961,IL_8107077,clinical: close-up,Malignant,BCC,BCC
ISIC_5341584,IL_0718275,clinical: close-up,Malignant,MEL,MEL
ISIC_5342805,IL_5959411,clinical: close-up,Malignant,BCC,BCC
ISIC_5342950,IL_5375846,dermoscopic,Malignant,SCCKA,SCCKA
ISIC_5342997,IL_2139485,clinical: close-up,Malignant,BCC,BCC
ISIC_5343551,IL_4889652,dermoscopic,Malignant,SCCKA,SCCKA
ISIC_5345557,IL_3944877,clinical: close-up,Benign,BKL,BKL
ISIC_5345684,IL_9835714,clinical: close-up,Malignant,BCC,BCC
ISIC_5349344,IL_1131415,clinical: close-up,Malignant,BCC,BCC
ISIC_5349810,IL_6113513,clinical: close-up,Benign,NV,NV
ISIC_5350988,IL_4829953,dermoscopic,Malignant,MEL,MEL
ISIC_5352383,IL_0592358,dermoscopic,Malignant,BCC,BCC
ISIC_5352485,IL_1293344,clinical: close-up,Malignant,BCC,BCC
ISIC_5352626,IL_7110951,dermoscopic,Malignant,BCC,BCC
ISIC_5356282,IL_2658835,dermoscopic,Malignant,BCC,BCC
ISIC_5358212,IL_9608485,dermoscopic,Benign,NV,NV
ISIC_5360213,IL_4068514,dermoscopic,Malignant,BCC,BCC
ISIC_5363218,IL_9437710,dermoscopic,Malignant,AKIEC,AKIEC
ISIC_5364900,IL_9763780,dermoscopic,Benign,BKL,BKL
ISIC_5371928,IL_0003176,dermoscopic,Malignant,BCC,BCC
ISIC_5372698,IL_3944714,clinical: close-up,Malignant,BCC,BCC
ISIC_5372884,IL_0500533,dermoscopic,Malignant,BCC,BCC
ISIC_5373218,IL_1252231,dermoscopic,Malignant,BCC,BCC
ISIC_5373976,IL_1273535,clinical: close-up,Benign,BKL,BKL
ISIC_5374944,IL_5903951,clinical: close-up,Malignant,BCC,BCC
ISIC_5376495,IL_5818163,dermoscopic,Malignant,AKIEC,AKIEC
ISIC_5378143,IL_7619884,dermoscopic,Benign,BKL,BKL
ISIC_5378715,IL_3415556,clinical: close-up,Malignant,BCC,BCC
ISIC_5378716,IL_0355319,dermoscopic,Malignant,BCC,BCC
ISIC_5380414,IL_9876124,dermoscopic,Malignant,BCC,BCC
ISIC_5380715,IL_8124178,dermoscopic,Benign,NV,NV
ISIC_5381727,IL_0143868,dermoscopic,Malignant,SCCKA,SCCKA
ISIC_5383160,IL_2598820,dermoscopic,Malignant,MEL,MEL
ISIC_5385783,IL_9823804,dermoscopic,Malignant,BCC,BCC
ISIC_5386998,IL_1647541,clinical: close-up,Malignant,BCC,BCC
ISIC_5387790,IL_4749815,clinical: close-up,Malignant,BCC,BCC
ISIC_5390171,IL_7048697,clinical: close-up,Benign,DF,DF
ISIC_5392764,IL_0340330,clinical: close-up,Benign,VASC,VASC
ISIC_5395930,IL_7085786,clinical: close-up,Malignant,BCC,BCC
ISIC_5395949,IL_2221229,clinical: close-up,Benign,NV,NV
ISIC_5398396,IL_8252843,dermoscopic,Malignant,SCCKA,SCCKA
ISIC_5398729,IL_7020464,clinical: close-up,Malignant,BCC,BCC
ISIC_5399025,IL_1510919,dermoscopic,Malignant,BCC,BCC
ISIC_5399116,IL_7408764,clinical: close-up,Malignant,BCC,BCC
ISIC_5399167,IL_8003176,dermoscopic,Malignant,SCCKA,SCCKA
ISIC_5399582,IL_6005068,clinical: close-up,Malignant,BCC,BCC
ISIC_5400013,IL_2093270,clinical: close-up,Benign,NV,NV
ISIC_5402488,IL_5675796,dermoscopic,Benign,BKL,BKL
ISIC_5402789,IL_6314670,clinical: close-up,Benign,NV,NV
ISIC_5403535,IL_2504113,clinical: close-up,Malignant,BCC,BCC
ISIC_5403927,IL_1353803,clinical: close-up,Benign,BKL,BKL
ISIC_5406249,IL_5833308,clinical: close-up,Benign,NV,NV
ISIC_5407200,IL_5766424,clinical: close-up,Benign,NV,NV
ISIC_5408628,IL_2729138,clinical: close-up,Malignant,BCC,BCC
ISIC_5409281,IL_0996879,clinical: close-up,Benign,BEN_OTH,OTHER
ISIC_5410210,IL_9682787,clinical: close-up,Malignant,BCC,BCC
ISIC_5412380,IL_9689352,dermoscopic,Malignant,MEL,MEL
ISIC_5415740,IL_2689946,dermoscopic,Benign,BKL,BKL
ISIC_5416645,IL_5111323,clinical: close-up,Malignant,MEL,MEL
ISIC_5416823,IL_1254806,clinical: close-up,Benign,BKL,BKL
ISIC_5418047,IL_4404919,clinical: close-up,Malignant,MEL,MEL
ISIC_5420985,IL_5469172,clinical: close-up,Malignant,BCC,BCC
ISIC_5423101,IL_1058871,clinical: close-up,Malignant,BCC,BCC
ISIC_5424675,IL_8803533,dermoscopic,Malignant,SCCKA,SCCKA
ISIC_5425472,IL_7140483,clinical: close-up,Malignant,BCC,BCC
ISIC_5426572,IL_6024093,dermoscopic,Malignant,BCC,BCC
ISIC_5427398,IL_8683855,dermoscopic,Malignant,BCC,BCC
ISIC_5428941,IL_9275941,dermoscopic,Benign,NV,NV
ISIC_5430362,IL_4135081,dermoscopic,Malignant,BCC,BCC
ISIC_5431278,IL_3398129,dermoscopic,Malignant,BCC,BCC
ISIC_5432141,IL_4177126,clinical: close-up,Benign,BKL,BKL
ISIC_5433214,IL_6502253,clinical: close-up,Malignant,BCC,BCC
ISIC_5435390,IL_7549554,clinical: close-up,Malignant,BCC,BCC
ISIC_5436595,IL_0181682,dermoscopic,Malignant,MEL,MEL
ISIC_5437238,IL_8863823,clinical: close-up,Malignant,BCC,BCC
ISIC_5438818,IL_6193857,clinical: close-up,Indeterminate,AKIEC,AKIEC
ISIC_5439956,IL_5359653,dermoscopic,Malignant,BCC,BCC
ISIC_5440611,IL_3734319,clinical: close-up,Malignant,BCC,BCC
ISIC_5441520,IL_0736879,dermoscopic,Malignant,BCC,BCC
ISIC_5442946,IL_2401627,dermoscopic,Malignant,BCC,BCC
ISIC_5442968,IL_5571355,dermoscopic,Malignant,MEL,MEL
ISIC_5443280,IL_1746833,clinical: close-up,Malignant,BCC,BCC
ISIC_5446350,IL_8248912,dermoscopic,Malignant,BCC,BCC
ISIC_5449503,IL_6256539,clinical: close-up,Malignant,MEL,MEL
ISIC_5451038,IL_8057179,dermoscopic,Malignant,SCCKA,SCCKA
ISIC_5452534,IL_4441358,clinical: close-up,Malignant,BCC,BCC
ISIC_5452980,IL_3020012,dermoscopic,Malignant,MEL,MEL
ISIC_5455211,IL_5727849,clinical: close-up,Malignant,BCC,BCC
ISIC_5456124,IL_0487689,clinical: close-up,Benign,NV,NV
ISIC_5457545,IL_9775648,clinical: close-up,Benign,NV,NV
ISIC_5459597,IL_5022797,clinical: close-up,Benign,NV,NV
ISIC_5460617,IL_3955700,dermoscopic,Benign,BKL,BKL
ISIC_5461210,IL_1546321,dermoscopic,Malignant,MEL,MEL
ISIC_5463407,IL_8637878,dermoscopic,Malignant,BCC,BCC
ISIC_5466262,IL_7940673,clinical: close-up,Malignant,MEL,MEL
ISIC_5466448,IL_3605485,dermoscopic,Malignant,AKIEC,AKIEC
ISIC_5466692,IL_8566175,clinical: close-up,Malignant,BCC,BCC
ISIC_5466838,IL_9513774,clinical: close-up,Malignant,BCC,BCC
ISIC_5467966,IL_9147878,dermoscopic,Malignant,BCC,BCC
ISIC_5469285,IL_7402756,dermoscopic,Malignant,BCC,BCC
ISIC_5471903,IL_9949464,clinical: close-up,Benign,BKL,BKL
ISIC_5474962,IL_1741464,clinical: close-up,Benign,BKL,BKL
ISIC_5475497,IL_1844435,clinical: close-up,Malignant,MEL,MEL
ISIC_5476166,IL_8808528,clinical: close-up,Malignant,MEL,MEL
ISIC_5479076,IL_8012977,clinical: close-up,Benign,BKL,BKL
ISIC_5480309,IL_8762954,dermoscopic,Malignant,BCC,BCC
ISIC_5481679,IL_0514561,dermoscopic,Malignant,BCC,BCC
ISIC_5483293,IL_8193410,dermoscopic,Malignant,BCC,BCC
ISIC_5484742,IL_5982008,dermoscopic,Malignant,BCC,BCC
ISIC_5488940,IL_9274006,dermoscopic,Benign,BEN_OTH,OTHER
ISIC_5489979,IL_9945290,clinical: close-up,Benign,BEN_OTH,OTHER
ISIC_5491732,IL_2875724,dermoscopic,Malignant,BCC,BCC
ISIC_5492973,IL_0564162,dermoscopic,Malignant,BCC,BCC
ISIC_5493908,IL_8461423,dermoscopic,Malignant,BCC,BCC
ISIC_5494355,IL_2968556,clinical: close-up,Malignant,AKIEC,AKIEC
ISIC_5494556,IL_7235681,clinical: close-up,Indeterminate,AKIEC,AKIEC
ISIC_5494808,IL_1062117,clinical: close-up,Malignant,MEL,MEL
ISIC_5495313,IL_5014873,clinical: close-up,Malignant,SCCKA,SCCKA
ISIC_5498094,IL_4658276,dermoscopic,Malignant,SCCKA,SCCKA
ISIC_5498605,IL_3157584,clinical: close-up,Malignant,MEL,MEL
ISIC_5499900,IL_9797209,dermoscopic,Malignant,BCC,BCC
ISIC_5499953,IL_6556593,clinical: close-up,Malignant,BCC,BCC
ISIC_5501634,IL_4629787,dermoscopic,Malignant,BCC,BCC
ISIC_5503156,IL_0705528,clinical: close-up,Malignant,BCC,BCC
ISIC_5508754,IL_5557985,clinical: close-up,Benign,NV,NV
ISIC_5509679,IL_1445099,dermoscopic,Malignant,MEL,MEL
ISIC_5509823,IL_5468213,dermoscopic,Benign,BKL,BKL
ISIC_5510526,IL_2332411,dermoscopic,Malignant,MEL,MEL
ISIC_5511054,IL_5812139,dermoscopic,Malignant,MEL,MEL
ISIC_5511326,IL_3582331,clinical: close-up,Benign,NV,NV
ISIC_5512440,IL_1504585,dermoscopic,Benign,NV,NV
ISIC_5513734,IL_3954286,clinical: close-up,Malignant,BCC,BCC
ISIC_5514135,IL_2502000,dermoscopic,Malignant,BCC,BCC
ISIC_5517161,IL_4476860,dermoscopic,Benign,NV,NV
ISIC_5518035,IL_9667838,clinical: close-up,Benign,NV,NV
ISIC_5518449,IL_2545098,clinical: close-up,Benign,BKL,BKL
ISIC_5519093,IL_7159942,clinical: close-up,Benign,NV,NV
ISIC_5520243,IL_3165237,clinical: close-up,Malignant,BCC,BCC
ISIC_5521398,IL_2832342,clinical: close-up,Benign,BKL,BKL
ISIC_5527895,IL_1873116,clinical: close-up,Malignant,BCC,BCC
ISIC_5528057,IL_9426275,clinical: close-up,Malignant,BCC,BCC
ISIC_5529151,IL_0691529,clinical: close-up,Malignant,BCC,BCC
ISIC_5529223,IL_9250210,dermoscopic,Benign,NV,NV
ISIC_5533850,IL_9689352,clinical: close-up,Malignant,MEL,MEL
ISIC_5534471,IL_0559300,dermoscopic,Benign,BKL,BKL
ISIC_5536536,IL_1496554,clinical: close-up,Malignant,SCCKA,SCCKA
ISIC_5539676,IL_5299543,dermoscopic,Benign,DF,DF
ISIC_5539918,IL_5214298,clinical: close-up,Malignant,SCCKA,SCCKA
ISIC_5541499,IL_2242136,dermoscopic,Malignant,MEL,MEL
ISIC_5542563,IL_1327367,clinical: close-up,Benign,BKL,BKL
ISIC_5542664,IL_4941375,clinical: close-up,Malignant,BCC,BCC
ISIC_5543636,IL_9876124,clinical: close-up,Malignant,BCC,BCC
ISIC_5543919,IL_4913494,dermoscopic,Benign,BKL,BKL
ISIC_5550212,IL_2531904,dermoscopic,Benign,BKL,BKL
ISIC_5552185,IL_5890474,clinical: close-up,Malignant,BCC,BCC
ISIC_5552359,IL_8978471,clinical: close-up,Malignant,BCC,BCC
ISIC_5553297,IL_2582722,clinical: close-up,Malignant,BCC,BCC
ISIC_5553849,IL_6477197,dermoscopic,Malignant,BCC,BCC
ISIC_5554902,IL_0111269,clinical: close-up,Malignant,SCCKA,SCCKA
ISIC_5555712,IL_4930300,dermoscopic,Malignant,AKIEC,AKIEC
ISIC_5558301,IL_9087461,clinical: close-up,Malignant,SCCKA,SCCKA
ISIC_5558490,IL_3469370,clinical: close-up,Malignant,SCCKA,SCCKA
ISIC_5559099,IL_9901727,clinical: close-up,Malignant,BCC,BCC
ISIC_5559799,IL_3199260,clinical: close-up,Benign,BKL,BKL
ISIC_5562336,IL_0210528,dermoscopic,Benign,NV,NV
ISIC_5562574,IL_7124552,clinical: close-up,Benign,NV,NV
ISIC_5564663,IL_3664176,clinical: close-up,Malignant,BCC,BCC
ISIC_5566320,IL_2094234,dermoscopic,Malignant,MEL,MEL
ISIC_5567599,IL_2448837,dermoscopic,Malignant,BCC,BCC
ISIC_5569473,IL_3949779,dermoscopic,Malignant,BCC,BCC
ISIC_5570317,IL_5331190,dermoscopic,Benign,BKL,BKL
ISIC_5570534,IL_2150976,clinical: close-up,Benign,BEN_OTH,OTHER
ISIC_5579782,IL_8170554,clinical: close-up,Malignant,BCC,BCC
ISIC_5584851,IL_2647562,dermoscopic,Benign,BKL,BKL
ISIC_5584967,IL_7803371,dermoscopic,Malignant,SCCKA,SCCKA
ISIC_5587236,IL_0817869,dermoscopic,Benign,NV,NV
ISIC_5588711,IL_1569334,clinical: close-up,Benign,NV,NV
ISIC_5592478,IL_6502535,clinical: close-up,Benign,BKL,BKL
ISIC_5594942,IL_1391368,clinical: close-up,Malignant,SCCKA,SCCKA
ISIC_5595298,IL_3742316,dermoscopic,Malignant,BCC,BCC
ISIC_5596458,IL_0085362,clinical: close-up,Indeterminate,AKIEC,AKIEC
ISIC_5597278,IL_5111360,dermoscopic,Malignant,BCC,BCC
ISIC_5602626,IL_5066436,dermoscopic,Benign,BKL,BKL
ISIC_5605406,IL_0469044,clinical: close-up,Malignant,BCC,BCC
ISIC_5605573,IL_5429877,dermoscopic,Malignant,BCC,BCC
ISIC_5607139,IL_8642891,dermoscopic,Malignant,BCC,BCC
ISIC_5607257,IL_2243565,dermoscopic,Indeterminate,AKIEC,AKIEC
ISIC_5607642,IL_3271676,dermoscopic,Malignant,BCC,BCC
ISIC_5607974,IL_1434019,clinical: close-up,Benign,NV,NV
ISIC_5609956,IL_6220664,clinical: close-up,Malignant,MEL,MEL
ISIC_5612498,IL_6514387,clinical: close-up,Benign,NV,NV
ISIC_5612751,IL_0419273,clinical: close-up,Malignant,BCC,BCC
ISIC_5614068,IL_4785654,dermoscopic,Malignant,SCCKA,SCCKA
ISIC_5614863,IL_0500533,clinical: close-up,Malignant,BCC,BCC
ISIC_5616230,IL_1104647,dermoscopic,Malignant,BCC,BCC
ISIC_5620416,IL_7817244,clinical: close-up,Malignant,BCC,BCC
ISIC_5624559,IL_8383981,dermoscopic,Malignant,BCC,BCC
ISIC_5625173,IL_9593601,clinical: close-up,Benign,BKL,BKL
ISIC_5627117,IL_4022270,dermoscopic,Malignant,BCC,BCC
ISIC_5629148,IL_5496114,dermoscopic,Malignant,MEL,MEL
ISIC_5629312,IL_2450142,dermoscopic,Malignant,MEL,MEL
ISIC_5630379,IL_0931113,dermoscopic,Malignant,SCCKA,SCCKA
ISIC_5632058,IL_7869579,clinical: close-up,Malignant,BCC,BCC
ISIC_5632079,IL_4794803,clinical: close-up,Malignant,BCC,BCC
ISIC_5633193,IL_8695505,clinical: close-up,Benign,NV,NV
ISIC_5634198,IL_5490327,dermoscopic,Malignant,BCC,BCC
ISIC_5634823,IL_8074133,dermoscopic,Malignant,BCC,BCC
ISIC_5638742,IL_5555237,dermoscopic,Malignant,BCC,BCC
ISIC_5638800,IL_3826900,dermoscopic,Malignant,BCC,BCC
ISIC_5640000,IL_3540228,dermoscopic,Benign,BEN_OTH,OTHER
ISIC_5641672,IL_7625524,clinical: close-up,Malignant,BCC,BCC
ISIC_5642029,IL_1861078,clinical: close-up,Malignant,BCC,BCC
ISIC_5642271,IL_2715544,clinical: close-up,Benign,BKL,BKL
ISIC_5643199,IL_4429998,clinical: close-up,Malignant,BCC,BCC
ISIC_5643547,IL_2101385,dermoscopic,Benign,NV,NV
ISIC_5645178,IL_1866823,clinical: close-up,Malignant,BCC,BCC
ISIC_5645559,IL_4541934,dermoscopic,Benign,NV,NV
ISIC_5647228,IL_9880197,clinical: close-up,Benign,NV,NV
ISIC_5648712,IL_7110419,clinical: close-up,Malignant,BCC,BCC
ISIC_5649480,IL_2710890,clinical: close-up,Benign,NV,NV
ISIC_5649736,IL_6592976,clinical: close-up,Malignant,BCC,BCC
ISIC_5651049,IL_9716310,dermoscopic,Malignant,MEL,MEL
ISIC_5655170,IL_1724228,clinical: close-up,Malignant,BCC,BCC
ISIC_5655393,IL_9689348,clinical: close-up,Malignant,BCC,BCC
ISIC_5656373,IL_0486973,clinical: close-up,Malignant,BCC,BCC
ISIC_5657135,IL_0409175,clinical: close-up,Benign,NV,NV
ISIC_5657346,IL_5657022,dermoscopic,Malignant,BCC,BCC
ISIC_5657666,IL_8719061,clinical: close-up,Malignant,BCC,BCC
ISIC_5659521,IL_5897108,dermoscopic,Malignant,BCC,BCC
ISIC_5660553,IL_5833308,dermoscopic,Benign,NV,NV
ISIC_5660758,IL_5766493,clinical: close-up,Malignant,BCC,BCC
ISIC_5661142,IL_5372294,clinical: close-up,Malignant,BCC,BCC
ISIC_5661673,IL_6116581,clinical: close-up,Benign,BKL,BKL
ISIC_5662432,IL_1093822,clinical: close-up,Malignant,BCC,BCC
ISIC_5664212,IL_9184351,clinical: close-up,Benign,NV,NV
ISIC_5664395,IL_5369308,clinical: close-up,Benign,BKL,BKL
ISIC_5665171,IL_9411177,dermoscopic,Benign,NV,NV
ISIC_5666984,IL_4581258,dermoscopic,Malignant,SCCKA,SCCKA
ISIC_5667513,IL_0137229,clinical: close-up,Malignant,SCCKA,SCCKA
ISIC_5667703,IL_2534024,clinical: close-up,Malignant,BCC,BCC
ISIC_5667730,IL_0005081,clinical: close-up,Malignant,SCCKA,SCCKA
ISIC_5671011,IL_3772647,clinical: close-up,Malignant,BCC,BCC
ISIC_5671567,IL_5607525,dermoscopic,Malignant,BCC,BCC
ISIC_5674733,IL_1353481,clinical: close-up,Malignant,BCC,BCC
ISIC_5675875,IL_5771256,dermoscopic,Malignant,BCC,BCC
ISIC_5678929,IL_8212367,clinical: close-up,Malignant,SCCKA,SCCKA
ISIC_5679759,IL_2983051,dermoscopic,Malignant,BCC,BCC
ISIC_5680223,IL_3052885,clinical: close-up,Benign,BKL,BKL
ISIC_5680960,IL_5529544,clinical: close-up,Malignant,BCC,BCC
ISIC_5681698,IL_2998977,clinical: close-up,Malignant,BCC,BCC
ISIC_5683123,IL_0113118,clinical: close-up,Malignant,BCC,BCC
ISIC_5686620,IL_8053912,clinical: close-up,Malignant,MEL,MEL
ISIC_5686692,IL_6420001,dermoscopic,Malignant,BCC,BCC
ISIC_5688654,IL_2211999,clinical: close-up,Malignant,BCC,BCC
ISIC_5689234,IL_4095279,clinical: close-up,Malignant,BCC,BCC
ISIC_5689912,IL_6498121,clinical: close-up,Malignant,BCC,BCC
ISIC_5691487,IL_8869831,clinical: close-up,Malignant,MEL,MEL
ISIC_5695123,IL_5900922,clinical: close-up,Benign,NV,NV
ISIC_5696217,IL_0134295,clinical: close-up,Malignant,BCC,BCC
ISIC_5696393,IL_1711365,clinical: close-up,Benign,BKL,BKL
ISIC_5696465,IL_6498340,dermoscopic,Malignant,BCC,BCC
ISIC_5698613,IL_3954286,dermoscopic,Malignant,BCC,BCC
ISIC_5699349,IL_5607786,dermoscopic,Malignant,MEL,MEL
ISIC_5701696,IL_8386286,clinical: close-up,Benign,BKL,BKL
ISIC_5701708,IL_5225179,clinical: close-up,Malignant,BCC,BCC
ISIC_5702669,IL_3504341,dermoscopic,Malignant,BCC,BCC
ISIC_5703250,IL_1456101,dermoscopic,Malignant,MEL,MEL
ISIC_5706764,IL_4582697,clinical: close-up,Benign,NV,NV
ISIC_5706903,IL_7210800,clinical: close-up,Malignant,MEL,MEL
ISIC_5707338,IL_2471050,dermoscopic,Malignant,BCC,BCC
ISIC_5708137,IL_0732764,clinical: close-up,Benign,BKL,BKL
ISIC_5709229,IL_4163888,clinical: close-up,Malignant,BCC,BCC
ISIC_5709448,IL_6719325,dermoscopic,Malignant,BCC,BCC
ISIC_5711226,IL_0592984,dermoscopic,Malignant,BCC,BCC
ISIC_5711940,IL_5407088,dermoscopic,Malignant,BCC,BCC
ISIC_5713218,IL_0965927,dermoscopic,Benign,NV,NV
ISIC_5714368,IL_0739664,dermoscopic,Benign,DF,DF
ISIC_5714567,IL_4865412,dermoscopic,Malignant,BCC,BCC
ISIC_5715959,IL_3551061,dermoscopic,Malignant,BCC,BCC
ISIC_5721106,IL_0306057,clinical: close-up,Benign,NV,NV
ISIC_5721420,IL_5157883,clinical: close-up,Benign,NV,NV
ISIC_5725725,IL_8824711,clinical: close-up,Malignant,BCC,BCC
ISIC_5728005,IL_3498244,dermoscopic,Malignant,SCCKA,SCCKA
ISIC_5728052,IL_2381875,dermoscopic,Benign,NV,NV
ISIC_5728121,IL_1873727,dermoscopic,Benign,BKL,BKL
ISIC_5728378,IL_7602134,dermoscopic,Benign,BKL,BKL
ISIC_5731785,IL_7474908,clinical: close-up,Malignant,BCC,BCC
ISIC_5737122,IL_3826900,clinical: close-up,Malignant,BCC,BCC
ISIC_5739264,IL_8980429,dermoscopic,Malignant,BCC,BCC
ISIC_5739546,IL_6421981,clinical: close-up,Malignant,BCC,BCC
ISIC_5744822,IL_2574343,dermoscopic,Malignant,SCCKA,SCCKA
ISIC_5744902,IL_0665267,dermoscopic,Malignant,BCC,BCC
ISIC_5745120,IL_3603601,dermoscopic,Indeterminate,AKIEC,AKIEC
ISIC_5745126,IL_3925497,dermoscopic,Malignant,MEL,MEL
ISIC_5745809,IL_7591530,dermoscopic,Benign,BKL,BKL
ISIC_5746261,IL_9147878,clinical: close-up,Malignant,BCC,BCC
ISIC_5748062,IL_4093493,dermoscopic,Malignant,AKIEC,AKIEC
ISIC_5748990,IL_0179071,clinical: close-up,Malignant,BCC,BCC
ISIC_5754710,IL_8147513,dermoscopic,Benign,NV,NV
ISIC_5756614,IL_0883893,clinical: close-up,Indeterminate,AKIEC,AKIEC
ISIC_5756622,IL_4143082,clinical: close-up,Malignant,SCCKA,SCCKA
ISIC_5759990,IL_7394402,clinical: close-up,Malignant,BCC,BCC
ISIC_5761443,IL_8359841,dermoscopic,Malignant,MEL,MEL
ISIC_5761656,IL_9731516,clinical: close-up,Malignant,BCC,BCC
ISIC_5761793,IL_5083460,dermoscopic,Malignant,SCCKA,SCCKA
ISIC_5761944,IL_0286652,dermoscopic,Malignant,BCC,BCC
ISIC_5763228,IL_4791300,dermoscopic,Malignant,MEL,MEL
ISIC_5763649,IL_7402046,clinical: close-up,Malignant,SCCKA,SCCKA
ISIC_5766012,IL_3133685,clinical: close-up,Benign,BKL,BKL
ISIC_5766792,IL_0930071,dermoscopic,Benign,NV,NV
ISIC_5766997,IL_0588498,dermoscopic,Benign,BKL,BKL
ISIC_5767646,IL_7193768,dermoscopic,Benign,NV,NV
ISIC_5767870,IL_8509848,dermoscopic,Benign,NV,NV
ISIC_5770369,IL_3057922,clinical: close-up,Malignant,BCC,BCC
ISIC_5772488,IL_8500079,dermoscopic,Malignant,BCC,BCC
ISIC_5773512,IL_6215945,dermoscopic,Malignant,BCC,BCC
ISIC_5775199,IL_7336042,clinical: close-up,Malignant,BCC,BCC
ISIC_5776632,IL_4436720,clinical: close-up,Malignant,SCCKA,SCCKA
ISIC_5777416,IL_4010567,dermoscopic,Malignant,BCC,BCC
ISIC_5778156,IL_7653394,clinical: close-up,Malignant,BCC,BCC
ISIC_5778552,IL_7508882,dermoscopic,Benign,NV,NV
ISIC_5780488,IL_1088813,dermoscopic,Malignant,BCC,BCC
ISIC_5784227,IL_9897745,clinical: close-up,Malignant,BCC,BCC
ISIC_5785135,IL_8205824,dermoscopic,Malignant,MEL,MEL
ISIC_5785962,IL_4609448,clinical: close-up,Malignant,BCC,BCC
ISIC_5787657,IL_1779253,clinical: close-up,Benign,BKL,BKL
ISIC_5787999,IL_6922157,dermoscopic,Malignant,BCC,BCC
ISIC_5788717,IL_7387291,dermoscopic,Benign,NV,NV
ISIC_5788932,IL_4935428,clinical: close-up,Indeterminate,AKIEC,AKIEC
ISIC_5790117,IL_9231229,clinical: close-up,Malignant,MEL,MEL
ISIC_5792555,IL_1925186,dermoscopic,Malignant,BCC,BCC
ISIC_5792872,IL_7829784,dermoscopic,Malignant,BCC,BCC
ISIC_5793548,IL_6592976,dermoscopic,Malignant,BCC,BCC
ISIC_5794441,IL_8679586,clinical: close-up,Indeterminate,AKIEC,AKIEC
ISIC_5795242,IL_3702520,dermoscopic,Malignant,BCC,BCC
ISIC_5796545,IL_2473158,clinical: close-up,Benign,BKL,BKL
ISIC_5798282,IL_3771556,clinical: close-up,Benign,NV,NV
ISIC_5800499,IL_7647524,clinical: close-up,Benign,NV,NV
ISIC_5802479,IL_9570046,clinical: close-up,Malignant,BCC,BCC
ISIC_5803437,IL_1277363,clinical: close-up,Malignant,BCC,BCC
ISIC_5804154,IL_7363602,clinical: close-up,Malignant,BCC,BCC
ISIC_5804522,IL_8262115,dermoscopic,Malignant,BCC,BCC
ISIC_5804674,IL_2466178,dermoscopic,Malignant,BCC,BCC
ISIC_5807024,IL_5251059,dermoscopic,Malignant,MEL,MEL
ISIC_5811144,IL_3341722,dermoscopic,Malignant,BCC,BCC
ISIC_5813817,IL_9453516,dermoscopic,Benign,DF,DF
ISIC_5814633,IL_2131051,clinical: close-up,Malignant,BCC,BCC
ISIC_5817638,IL_0126015,clinical: close-up,Benign,BKL,BKL
ISIC_5817907,IL_9131328,dermoscopic,Malignant,BCC,BCC
ISIC_5818083,IL_8293673,dermoscopic,Benign,NV,NV
ISIC_5819591,IL_7653541,dermoscopic,Malignant,BCC,BCC
ISIC_5820253,IL_3380076,dermoscopic,Indeterminate,AKIEC,AKIEC
ISIC_5821583,IL_9738941,clinical: close-up,Malignant,BCC,BCC
ISIC_5822186,IL_6638218,dermoscopic,Malignant,BCC,BCC
ISIC_5823053,IL_9440413,dermoscopic,Benign,BKL,BKL
ISIC_5824457,IL_4878872,clinical: close-up,Malignant,BCC,BCC
ISIC_5828606,IL_9413829,dermoscopic,Malignant,BCC,BCC
ISIC_5829840,IL_6248388,dermoscopic,Benign,INF,INF
ISIC_5830124,IL_0721578,dermoscopic,Benign,INF,INF
ISIC_5831158,IL_1479283,dermoscopic,Benign,NV,NV
ISIC_5832081,IL_5790103,dermoscopic,Malignant,BCC,BCC
ISIC_5833236,IL_5610769,dermoscopic,Malignant,SCCKA,SCCKA
ISIC_5833579,IL_4939300,dermoscopic,Malignant,MAL_OTH,OTHER
ISIC_5833727,IL_7582740,clinical: close-up,Malignant,BCC,BCC
ISIC_5834421,IL_6452981,dermoscopic,Malignant,BCC,BCC
ISIC_5835110,IL_4713878,dermoscopic,Malignant,BCC,BCC
ISIC_5835836,IL_0808533,clinical: close-up,Benign,BKL,BKL
ISIC_5836006,IL_4315407,clinical: close-up,Benign,BKL,BKL
ISIC_5836698,IL_1188935,dermoscopic,Benign,BKL,BKL
ISIC_5836740,IL_6498417,dermoscopic,Malignant,BCC,BCC
ISIC_5836804,IL_6718051,clinical: close-up,Malignant,BCC,BCC
ISIC_5838920,IL_5831054,clinical: close-up,Benign,BKL,BKL
ISIC_5838991,IL_0245024,clinical: close-up,Benign,NV,NV
ISIC_5840837,IL_3380076,clinical: close-up,Indeterminate,AKIEC,AKIEC
ISIC_5841367,IL_8066973,clinical: close-up,Malignant,BCC,BCC
ISIC_5841767,IL_3161525,dermoscopic,Malignant,BCC,BCC
ISIC_5841896,IL_2329642,dermoscopic,Malignant,BCC,BCC
ISIC_5842417,IL_6942277,clinical: close-up,Malignant,BCC,BCC
ISIC_5845284,IL_0286652,clinical: close-up,Malignant,BCC,BCC
ISIC_5846378,IL_3677701,clinical: close-up,Malignant,AKIEC,AKIEC
ISIC_5846820,IL_6412076,clinical: close-up,Malignant,BCC,BCC
ISIC_5850719,IL_0387029,dermoscopic,Malignant,MEL,MEL
ISIC_5855684,IL_7140493,clinical: close-up,Benign,BKL,BKL
ISIC_5856786,IL_2755803,clinical: close-up,Malignant,BCC,BCC
ISIC_5862938,IL_4344178,clinical: close-up,Benign,NV,NV
ISIC_5863020,IL_1916880,clinical: close-up,Benign,NV,NV
ISIC_5863516,IL_7784987,dermoscopic,Benign,NV,NV
ISIC_5863762,IL_3069196,dermoscopic,Malignant,BCC,BCC
ISIC_5866382,IL_2543533,clinical: close-up,Malignant,MEL,MEL
ISIC_5866836,IL_8650225,dermoscopic,Malignant,SCCKA,SCCKA
ISIC_5867806,IL_3488332,dermoscopic,Malignant,BCC,BCC
ISIC_5870525,IL_2585626,dermoscopic,Malignant,AKIEC,AKIEC
ISIC_5871089,IL_7168991,clinical: close-up,Malignant,BCC,BCC
ISIC_5872506,IL_6507305,clinical: close-up,Malignant,BCC,BCC
ISIC_5873094,IL_4270354,dermoscopic,Malignant,BCC,BCC
ISIC_5874977,IL_4928087,clinical: close-up,Malignant,MEL,MEL
ISIC_5879011,IL_7440371,dermoscopic,Benign,NV,NV
ISIC_5879809,IL_9420839,clinical: close-up,Malignant,BCC,BCC
ISIC_5883189,IL_2369272,dermoscopic,Malignant,BCC,BCC
ISIC_5885112,IL_4299606,clinical: close-up,Malignant,BCC,BCC
ISIC_5888492,IL_9224528,clinical: close-up,Malignant,BCC,BCC
ISIC_5889637,IL_7627214,clinical: close-up,Malignant,BCC,BCC
ISIC_5889858,IL_2702338,dermoscopic,Malignant,MEL,MEL
ISIC_5891979,IL_1670186,clinical: close-up,Malignant,BCC,BCC
ISIC_5892185,IL_2502000,clinical: close-up,Malignant,BCC,BCC
ISIC_5892371,IL_7753719,clinical: close-up,Malignant,BCC,BCC
ISIC_5892391,IL_4217663,clinical: close-up,Benign,NV,NV
ISIC_5892763,IL_0718275,dermoscopic,Malignant,MEL,MEL
ISIC_5893703,IL_3065400,dermoscopic,Malignant,MEL,MEL
ISIC_5896495,IL_4692190,clinical: close-up,Malignant,BCC,BCC
ISIC_5896651,IL_8403780,clinical: close-up,Malignant,BCC,BCC
ISIC_5897869,IL_7451238,dermoscopic,Malignant,BCC,BCC
ISIC_5901264,IL_7144691,dermoscopic,Malignant,BCC,BCC
ISIC_5901436,IL_1509760,dermoscopic,Malignant,BCC,BCC
ISIC_5902397,IL_1535763,clinical: close-up,Malignant,SCCKA,SCCKA
ISIC_5902730,IL_2674670,clinical: close-up,Malignant,BCC,BCC
ISIC_5903776,IL_9597986,clinical: close-up,Benign,BKL,BKL
ISIC_5904770,IL_6868637,clinical: close-up,Malignant,BCC,BCC
ISIC_5908271,IL_7037144,clinical: close-up,Malignant,BCC,BCC
ISIC_5909840,IL_7726867,dermoscopic,Indeterminate,AKIEC,AKIEC
ISIC_5912360,IL_2517543,dermoscopic,Malignant,MEL,MEL
ISIC_5913482,IL_9890068,dermoscopic,Malignant,MEL,MEL
ISIC_5913999,IL_6008739,clinical: close-up,Malignant,BCC,BCC
ISIC_5916190,IL_0008891,dermoscopic,Benign,NV,NV
ISIC_5918971,IL_1274050,clinical: close-up,Benign,BKL,BKL
ISIC_5920610,IL_0330771,dermoscopic,Malignant,BCC,BCC
ISIC_5921357,IL_0291723,clinical: close-up,Malignant,BCC,BCC
ISIC_5922496,IL_8466700,clinical: close-up,Benign,NV,NV
ISIC_5923228,IL_8562914,dermoscopic,Malignant,BCC,BCC
ISIC_5923764,IL_1891845,clinical: close-up,Malignant,BCC,BCC
ISIC_5924611,IL_5425005,clinical: close-up,Malignant,BCC,BCC
ISIC_5925251,IL_0741650,dermoscopic,Malignant,BCC,BCC
ISIC_5925439,IL_3259984,dermoscopic,Malignant,BCC,BCC
ISIC_5925562,IL_0933213,dermoscopic,Malignant,BCC,BCC
ISIC_5930151,IL_6555203,clinical: close-up,Malignant,AKIEC,AKIEC
ISIC_5930303,IL_4160541,dermoscopic,Malignant,BCC,BCC
ISIC_5930904,IL_3405101,clinical: close-up,Malignant,BCC,BCC
ISIC_5932619,IL_5160157,clinical: close-up,Malignant,BCC,BCC
ISIC_5933216,IL_3186878,clinical: close-up,Benign,NV,NV
ISIC_5933489,IL_0542551,dermoscopic,Benign,BKL,BKL
ISIC_5933645,IL_7948883,dermoscopic,Benign,INF,INF
ISIC_5934405,IL_2860298,clinical: close-up,Malignant,BCC,BCC
ISIC_5936023,IL_3739398,clinical: close-up,Malignant,BCC,BCC
ISIC_5937588,IL_0624945,dermoscopic,Malignant,MEL,MEL
ISIC_5938313,IL_0479430,dermoscopic,Malignant,BCC,BCC
ISIC_5943320,IL_8316366,dermoscopic,Malignant,BCC,BCC
ISIC_5943733,IL_7110951,clinical: close-up,Malignant,BCC,BCC
ISIC_5944362,IL_8914005,dermoscopic,Malignant,BCC,BCC
ISIC_5944719,IL_6316913,clinical: close-up,Malignant,BCC,BCC
ISIC_5947061,IL_5375403,dermoscopic,Benign,BKL,BKL
ISIC_5947091,IL_4537840,clinical: close-up,Malignant,SCCKA,SCCKA
ISIC_5947102,IL_4396586,clinical: close-up,Benign,NV,NV
ISIC_5947248,IL_1575936,dermoscopic,Malignant,BCC,BCC
ISIC_5947742,IL_3540228,clinical: close-up,Benign,BEN_OTH,OTHER
ISIC_5949139,IL_3278541,dermoscopic,Malignant,BCC,BCC
ISIC_5950652,IL_8962270,dermoscopic,Benign,NV,NV
ISIC_5951892,IL_0134998,dermoscopic,Malignant,MEL,MEL
ISIC_5953259,IL_6971040,dermoscopic,Malignant,BCC,BCC
ISIC_5954681,IL_2601200,clinical: close-up,Malignant,BCC,BCC
ISIC_5958284,IL_2383580,dermoscopic,Malignant,AKIEC,AKIEC
ISIC_5959720,IL_7781007,clinical: close-up,Malignant,BCC,BCC
ISIC_5962509,IL_4137661,clinical: close-up,Malignant,SCCKA,SCCKA
ISIC_5962854,IL_6829628,dermoscopic,Benign,VASC,VASC
ISIC_5962932,IL_4879844,dermoscopic,Malignant,MEL,MEL
ISIC_5963269,IL_3361305,clinical: close-up,Malignant,SCCKA,SCCKA
ISIC_5965144,IL_1543931,clinical: close-up,Malignant,BCC,BCC
ISIC_5966582,IL_6140598,clinical: close-up,Malignant,MEL,MEL
ISIC_5967560,IL_7296591,clinical: close-up,Malignant,BCC,BCC
ISIC_5967951,IL_7253924,clinical: close-up,Malignant,BCC,BCC
ISIC_5972709,IL_9143908,dermoscopic,Malignant,BCC,BCC
ISIC_5973129,IL_3496522,dermoscopic,Malignant,BCC,BCC
ISIC_5975267,IL_1860378,clinical: close-up,Malignant,BCC,BCC
ISIC_5977035,IL_1911635,clinical: close-up,Malignant,BCC,BCC
ISIC_5977103,IL_6921234,dermoscopic,Malignant,SCCKA,SCCKA
ISIC_5977837,IL_5882687,clinical: close-up,Malignant,BCC,BCC
ISIC_5978873,IL_7020464,dermoscopic,Malignant,BCC,BCC
ISIC_5979125,IL_0345607,dermoscopic,Malignant,BCC,BCC
ISIC_5980977,IL_7034228,dermoscopic,Malignant,SCCKA,SCCKA
ISIC_5983030,IL_6793597,dermoscopic,Malignant,BCC,BCC
ISIC_5984628,IL_9991092,dermoscopic,Malignant,BCC,BCC
ISIC_5984979,IL_4064310,clinical: close-up,Malignant,BCC,BCC
ISIC_5985397,IL_0816967,clinical: close-up,Malignant,BCC,BCC
ISIC_5985462,IL_5814206,clinical: close-up,Malignant,BCC,BCC
ISIC_5986238,IL_5945948,dermoscopic,Malignant,SCCKA,SCCKA
ISIC_5986993,IL_3498244,clinical: close-up,Malignant,SCCKA,SCCKA
ISIC_5987390,IL_7494236,dermoscopic,Malignant,BCC,BCC
ISIC_5989590,IL_5865217,dermoscopic,Malignant,BCC,BCC
ISIC_5991571,IL_3351126,dermoscopic,Malignant,AKIEC,AKIEC
ISIC_5992256,IL_7144691,clinical: close-up,Malignant,BCC,BCC
ISIC_5992562,IL_2218575,dermoscopic,Malignant,BCC,BCC
ISIC_5993206,IL_9067447,dermoscopic,Malignant,AKIEC,AKIEC
ISIC_5993711,IL_5173461,clinical: close-up,Malignant,BCC,BCC
ISIC_5993743,IL_3884267,dermoscopic,Benign,NV,NV
ISIC_5994355,IL_2634845,dermoscopic,Benign,BKL,BKL
ISIC_5995507,IL_8650225,clinical: close-up,Malignant,SCCKA,SCCKA
ISIC_5995935,IL_1353803,dermoscopic,Benign,BKL,BKL
ISIC_5996604,IL_5073574,dermoscopic,Malignant,BCC,BCC
ISIC_5996846,IL_7408764,dermoscopic,Malignant,BCC,BCC
ISIC_5997052,IL_8918323,dermoscopic,Benign,BKL,BKL
ISIC_5997076,IL_6755192,dermoscopic,Malignant,BCC,BCC
ISIC_5998955,IL_8264296,dermoscopic,Benign,BKL,BKL
ISIC_5999967,IL_3608971,clinical: close-up,Malignant,BCC,BCC
ISIC_6001166,IL_9453516,clinical: close-up,Benign,DF,DF
ISIC_6003134,IL_5938594,dermoscopic,Malignant,BCC,BCC
ISIC_6005822,IL_1251030,clinical: close-up,Malignant,BCC,BCC
ISIC_6005871,IL_9944816,dermoscopic,Malignant,BCC,BCC
ISIC_6006215,IL_5555237,clinical: close-up,Malignant,BCC,BCC
ISIC_6007784,IL_6680109,clinical: close-up,Malignant,BCC,BCC
ISIC_6013412,IL_7911942,dermoscopic,Malignant,MEL,MEL
ISIC_6013907,IL_5366190,clinical: close-up,Malignant,MEL,MEL
ISIC_6015386,IL_5358454,clinical: close-up,Benign,NV,NV
ISIC_6020001,IL_2166765,dermoscopic,Benign,BKL,BKL
ISIC_6023245,IL_1355090,dermoscopic,Benign,NV,NV
ISIC_6023822,IL_1396679,clinical: close-up,Malignant,BCC,BCC
ISIC_6025998,IL_9106447,dermoscopic,Benign,BKL,BKL
ISIC_6026220,IL_9895389,clinical: close-up,Malignant,BCC,BCC
ISIC_6026324,IL_5768412,dermoscopic,Benign,NV,NV
ISIC_6027594,IL_5037876,clinical: close-up,Malignant,BCC,BCC
ISIC_6028688,IL_1314107,dermoscopic,Malignant,BCC,BCC
ISIC_6031825,IL_2895594,clinical: close-up,Benign,VASC,VASC
ISIC_6033339,IL_8359841,clinical: close-up,Malignant,MEL,MEL
ISIC_6033345,IL_2894575,clinical: close-up,Indeterminate,AKIEC,AKIEC
ISIC_6033449,IL_9951114,clinical: close-up,Benign,NV,NV
ISIC_6038041,IL_9171073,clinical: close-up,Malignant,BCC,BCC
ISIC_6038213,IL_5476058,dermoscopic,Benign,BKL,BKL
ISIC_6039070,IL_3154103,clinical: close-up,Benign,NV,NV
ISIC_6039074,IL_0019048,dermoscopic,Malignant,BCC,BCC
ISIC_6041310,IL_1101904,clinical: close-up,Benign,BKL,BKL
ISIC_6043504,IL_5825636,clinical: close-up,Malignant,BCC,BCC
ISIC_6043617,IL_3861295,dermoscopic,Benign,DF,DF
ISIC_6043649,IL_8486036,dermoscopic,Malignant,BCC,BCC
ISIC_6044114,IL_5418242,dermoscopic,Malignant,MEL,MEL
ISIC_6044250,IL_7304734,dermoscopic,Malignant,SCCKA,SCCKA
ISIC_6044458,IL_5017346,dermoscopic,Benign,INF,INF
ISIC_6044977,IL_2718165,dermoscopic,Indeterminate,AKIEC,AKIEC
ISIC_6044984,IL_1595494,clinical: close-up,Benign,BKL,BKL
ISIC_6045266,IL_6923101,dermoscopic,Benign,BKL,BKL
ISIC_6045854,IL_4322313,dermoscopic,Malignant,BCC,BCC
ISIC_6046943,IL_0044468,dermoscopic,Malignant,MEL,MEL
ISIC_6047038,IL_4135081,clinical: close-up,Malignant,BCC,BCC
ISIC_6048752,IL_7210800,dermoscopic,Malignant,MEL,MEL
ISIC_6050192,IL_3609983,clinical: close-up,Benign,NV,NV
ISIC_6053581,IL_8296856,dermoscopic,Benign,BKL,BKL
ISIC_6055280,IL_6512054,clinical: close-up,Benign,BKL,BKL
ISIC_6058576,IL_5895681,clinical: close-up,Malignant,MEL,MEL
ISIC_6061665,IL_3290322,clinical: close-up,Malignant,BCC,BCC
ISIC_6063074,IL_6578198,dermoscopic,Malignant,BCC,BCC
ISIC_6063897,IL_2504113,dermoscopic,Malignant,BCC,BCC
ISIC_6069821,IL_6370707,clinical: close-up,Benign,BKL,BKL
ISIC_6070480,IL_5493547,clinical: close-up,Malignant,SCCKA,SCCKA
ISIC_6072439,IL_1437147,clinical: close-up,Benign,NV,NV
ISIC_6072797,IL_6834280,dermoscopic,Malignant,BCC,BCC
ISIC_6074880,IL_7398845,dermoscopic,Malignant,BCC,BCC
ISIC_6076049,IL_6450698,clinical: close-up,Malignant,BCC,BCC
ISIC_6076241,IL_0428893,clinical: close-up,Malignant,BCC,BCC
ISIC_6076269,IL_5621754,dermoscopic,Benign,BKL,BKL
ISIC_6078907,IL_5874088,dermoscopic,Malignant,BCC,BCC
ISIC_6078911,IL_8588152,clinical: close-up,Malignant,MEL,MEL
ISIC_6078993,IL_3292594,clinical: close-up,Benign,BKL,BKL
ISIC_6079632,IL_7327250,dermoscopic,Indeterminate,AKIEC,AKIEC
ISIC_6080382,IL_8946416,clinical: close-up,Benign,BEN_OTH,OTHER
ISIC_6085286,IL_8283789,dermoscopic,Benign,NV,NV
ISIC_6087081,IL_2547802,clinical: close-up,Benign,NV,NV
ISIC_6089148,IL_4067349,dermoscopic,Malignant,BCC,BCC
ISIC_6089668,IL_5436207,clinical: close-up,Malignant,BCC,BCC
ISIC_6093126,IL_5809749,dermoscopic,Malignant,BCC,BCC
ISIC_6097869,IL_7539443,clinical: close-up,Benign,BKL,BKL
ISIC_6098668,IL_4703857,dermoscopic,Malignant,BCC,BCC
ISIC_6101727,IL_1918702,dermoscopic,Malignant,BCC,BCC
ISIC_6106457,IL_4524955,clinical: close-up,Malignant,BCC,BCC
ISIC_6110252,IL_6717785,clinical: close-up,Benign,NV,NV
ISIC_6110952,IL_5839734,clinical: close-up,Malignant,SCCKA,SCCKA
ISIC_6111856,IL_9091693,clinical: close-up,Malignant,BCC,BCC
ISIC_6112946,IL_6921234,clinical: close-up,Malignant,SCCKA,SCCKA
ISIC_6113465,IL_9780716,clinical: close-up,Malignant,BCC,BCC
ISIC_6114177,IL_8244074,dermoscopic,Malignant,BCC,BCC
ISIC_6115342,IL_0477847,dermoscopic,Malignant,MEL,MEL
ISIC_6115571,IL_1549960,clinical: close-up,Benign,NV,NV
ISIC_6116093,IL_2032936,dermoscopic,Malignant,BCC,BCC
ISIC_6119301,IL_9650319,dermoscopic,Malignant,AKIEC,AKIEC
ISIC_6119319,IL_6052093,dermoscopic,Malignant,MEL,MEL
ISIC_6119517,IL_4514039,dermoscopic,Benign,NV,NV
ISIC_6119847,IL_7331633,dermoscopic,Benign,INF,INF
ISIC_6120702,IL_9509659,dermoscopic,Malignant,AKIEC,AKIEC
ISIC_6123621,IL_4781564,clinical: close-up,Malignant,BCC,BCC
ISIC_6124320,IL_0980631,dermoscopic,Malignant,BCC,BCC
ISIC_6125719,IL_6190273,clinical: close-up,Malignant,MEL,MEL
ISIC_6130175,IL_2987017,clinical: close-up,Malignant,BCC,BCC
ISIC_6131855,IL_4034237,clinical: close-up,Malignant,BCC,BCC
ISIC_6133264,IL_5186069,dermoscopic,Malignant,BCC,BCC
ISIC_6134081,IL_9583565,dermoscopic,Benign,NV,NV
ISIC_6138103,IL_6591521,dermoscopic,Malignant,BCC,BCC
ISIC_6138256,IL_4924328,clinical: close-up,Malignant,BCC,BCC
ISIC_6141356,IL_0245024,dermoscopic,Benign,NV,NV
ISIC_6142601,IL_9906157,clinical: close-up,Malignant,BCC,BCC
ISIC_6144096,IL_0419273,dermoscopic,Malignant,BCC,BCC
ISIC_6144246,IL_1281940,clinical: close-up,Malignant,BCC,BCC
ISIC_6145727,IL_6710445,clinical: close-up,Malignant,BCC,BCC
ISIC_6151299,IL_5358765,clinical: close-up,Malignant,BCC,BCC
ISIC_6155449,IL_1482319,dermoscopic,Malignant,BCC,BCC
ISIC_6158597,IL_8500877,clinical: close-up,Malignant,SCCKA,SCCKA
ISIC_6160419,IL_9375634,dermoscopic,Malignant,MEL,MEL
ISIC_6161362,IL_9785739,dermoscopic,Benign,NV,NV
ISIC_6162564,IL_3314266,dermoscopic,Benign,BKL,BKL
ISIC_6162714,IL_2190354,dermoscopic,Malignant,BCC,BCC
ISIC_6164551,IL_4768101,dermoscopic,Malignant,MEL,MEL
ISIC_6166836,IL_0872477,clinical: close-up,Benign,NV,NV
ISIC_6167082,IL_9395839,clinical: close-up,Benign,NV,NV
ISIC_6167270,IL_3228956,dermoscopic,Malignant,BCC,BCC
ISIC_6167402,IL_5378051,clinical: close-up,Benign,BKL,BKL
ISIC_6168154,IL_5858516,clinical: close-up,Malignant,BCC,BCC
ISIC_6168958,IL_3551061,clinical: close-up,Malignant,BCC,BCC
ISIC_6170894,IL_2568881,dermoscopic,Malignant,BCC,BCC
ISIC_6171480,IL_0076523,clinical: close-up,Benign,BKL,BKL
ISIC_6171588,IL_3485439,dermoscopic,Malignant,BCC,BCC
ISIC_6173661,IL_0770460,dermoscopic,Malignant,BCC,BCC
ISIC_6174823,IL_3824346,clinical: close-up,Malignant,SCCKA,SCCKA
ISIC_6175134,IL_2682225,clinical: close-up,Malignant,SCCKA,SCCKA
ISIC_6175375,IL_3935951,clinical: close-up,Benign,NV,NV
ISIC_6175607,IL_3356147,clinical: close-up,Malignant,BCC,BCC
ISIC_6176256,IL_7806060,dermoscopic,Malignant,BCC,BCC
ISIC_6176939,IL_4318983,dermoscopic,Malignant,BCC,BCC
ISIC_6178342,IL_5870575,clinical: close-up,Malignant,BCC,BCC
ISIC_6181244,IL_9882527,clinical: close-up,Malignant,BCC,BCC
ISIC_6181707,IL_4294733,clinical: close-up,Malignant,BCC,BCC
ISIC_6182960,IL_6484840,clinical: close-up,Malignant,BCC,BCC
ISIC_6183115,IL_5963960,clinical: close-up,Malignant,BCC,BCC
ISIC_6183477,IL_2031934,clinical: close-up,Malignant,BCC,BCC
ISIC_6187812,IL_1087504,clinical: close-up,Benign,NV,NV
ISIC_6190061,IL_2476952,clinical: close-up,Malignant,BCC,BCC
ISIC_6190757,IL_7884218,dermoscopic,Malignant,BCC,BCC
ISIC_6191034,IL_7784987,clinical: close-up,Benign,NV,NV
ISIC_6191797,IL_8706105,clinical: close-up,Malignant,BCC,BCC
ISIC_6192197,IL_2810751,dermoscopic,Benign,VASC,VASC
ISIC_6193525,IL_8465058,clinical: close-up,Malignant,BCC,BCC
ISIC_6193935,IL_6296169,clinical: close-up,Malignant,BCC,BCC
ISIC_6194754,IL_6907035,clinical: close-up,Indeterminate,AKIEC,AKIEC
ISIC_6196224,IL_1773483,clinical: close-up,Malignant,BCC,BCC
ISIC_6196546,IL_2090783,dermoscopic,Benign,BKL,BKL
ISIC_6202224,IL_7571308,dermoscopic,Malignant,BCC,BCC
ISIC_6210274,IL_9310196,dermoscopic,Malignant,BCC,BCC
ISIC_6212007,IL_7635257,dermoscopic,Malignant,MEL,MEL
ISIC_6212400,IL_7235681,dermoscopic,Indeterminate,AKIEC,AKIEC
ISIC_6214078,IL_6007909,clinical: close-up,Benign,BKL,BKL
ISIC_6214871,IL_7637408,clinical: close-up,Malignant,BCC,BCC
ISIC_6216289,IL_4918167,clinical: close-up,Benign,INF,INF
ISIC_6216368,IL_6635942,clinical: close-up,Malignant,BCC,BCC
ISIC_6217625,IL_9010382,clinical: close-up,Benign,BKL,BKL
ISIC_6221556,IL_1682958,dermoscopic,Malignant,BCC,BCC
ISIC_6222224,IL_9667713,dermoscopic,Malignant,SCCKA,SCCKA
ISIC_6222747,IL_3529988,clinical: close-up,Malignant,BCC,BCC
ISIC_6227786,IL_4005542,dermoscopic,Malignant,BCC,BCC
ISIC_6230570,IL_9725975,clinical: close-up,Benign,BKL,BKL
ISIC_6235050,IL_2567516,clinical: close-up,Benign,NV,NV
ISIC_6239096,IL_0548137,clinical: close-up,Malignant,AKIEC,AKIEC
ISIC_6239365,IL_6491893,dermoscopic,Malignant,BCC,BCC
ISIC_6240958,IL_4541934,clinical: close-up,Benign,NV,NV
ISIC_6241374,IL_7437076,dermoscopic,Malignant,BCC,BCC
ISIC_6241776,IL_1861400,clinical: close-up,Malignant,BCC,BCC
ISIC_6242110,IL_6581276,dermoscopic,Malignant,MEL,MEL
ISIC_6245930,IL_2982870,clinical: close-up,Malignant,BCC,BCC
ISIC_6246107,IL_2652500,dermoscopic,Malignant,SCCKA,SCCKA
ISIC_6246297,IL_8880456,clinical: close-up,Benign,NV,NV
ISIC_6248808,IL_7376850,dermoscopic,Malignant,BCC,BCC
ISIC_6250101,IL_5818628,clinical: close-up,Malignant,BCC,BCC
ISIC_6250232,IL_1576423,dermoscopic,Malignant,MEL,MEL
ISIC_6250586,IL_0200790,dermoscopic,Malignant,BCC,BCC
ISIC_6252155,IL_5466158,clinical: close-up,Malignant,BCC,BCC
ISIC_6252442,IL_8282831,dermoscopic,Malignant,BCC,BCC
ISIC_6252730,IL_3944877,dermoscopic,Benign,BKL,BKL
ISIC_6254065,IL_7289099,dermoscopic,Benign,BKL,BKL
ISIC_6254946,IL_3489580,dermoscopic,Malignant,BCC,BCC
ISIC_6256140,IL_8904932,clinical: close-up,Benign,NV,NV
ISIC_6260438,IL_9041590,clinical: close-up,Malignant,BCC,BCC
ISIC_6261700,IL_2040993,dermoscopic,Malignant,BCC,BCC
ISIC_6271290,IL_4279483,dermoscopic,Malignant,BCC,BCC
ISIC_6272354,IL_8758907,dermoscopic,Malignant,BCC,BCC
ISIC_6276225,IL_5569670,dermoscopic,Malignant,BCC,BCC
ISIC_6277878,IL_6450698,dermoscopic,Malignant,BCC,BCC
ISIC_6277936,IL_1289201,clinical: close-up,Malignant,AKIEC,AKIEC
ISIC_6279832,IL_2791803,dermoscopic,Benign,BKL,BKL
ISIC_6285261,IL_2675475,clinical: close-up,Malignant,BCC,BCC
ISIC_6285557,IL_6192920,clinical: close-up,Malignant,BCC,BCC
ISIC_6288293,IL_1049569,dermoscopic,Malignant,BCC,BCC
ISIC_6289625,IL_5277134,clinical: close-up,Malignant,MEL,MEL
ISIC_6289650,IL_4316230,dermoscopic,Malignant,SCCKA,SCCKA
ISIC_6290373,IL_2526379,clinical: close-up,Benign,NV,NV
ISIC_6291927,IL_1672894,clinical: close-up,Benign,NV,NV
ISIC_6292733,IL_9420011,clinical: close-up,Malignant,BCC,BCC
ISIC_6293492,IL_6622693,dermoscopic,Malignant,MEL,MEL
ISIC_6294166,IL_1882623,dermoscopic,Malignant,BCC,BCC
ISIC_6294381,IL_4476860,clinical: close-up,Benign,NV,NV
ISIC_6295397,IL_5858516,dermoscopic,Malignant,BCC,BCC
ISIC_6296087,IL_9271885,dermoscopic,Malignant,BCC,BCC
ISIC_6297552,IL_3363042,dermoscopic,Malignant,BCC,BCC
ISIC_6297733,IL_6532631,dermoscopic,Malignant,BCC,BCC
ISIC_6298290,IL_4689062,clinical: close-up,Benign,NV,NV
ISIC_6300467,IL_9529551,clinical: close-up,Benign,BKL,BKL
ISIC_6303124,IL_2995561,dermoscopic,Malignant,BCC,BCC
ISIC_6303187,IL_6369359,dermoscopic,Malignant,MEL,MEL
ISIC_6305500,IL_1948146,dermoscopic,Malignant,BCC,BCC
ISIC_6306620,IL_6119395,dermoscopic,Malignant,BCC,BCC
ISIC_6311996,IL_6035276,clinical: close-up,Malignant,BCC,BCC
ISIC_6312345,IL_9679718,dermoscopic,Benign,DF,DF
ISIC_6313303,IL_5684831,clinical: close-up,Malignant,BCC,BCC
ISIC_6314890,IL_2295141,dermoscopic,Malignant,BCC,BCC
ISIC_6315760,IL_7291887,dermoscopic,Malignant,BCC,BCC
ISIC_6317276,IL_4460896,clinical: close-up,Malignant,BCC,BCC
ISIC_6318069,IL_5046857,clinical: close-up,Malignant,BCC,BCC
ISIC_6319452,IL_8012177,clinical: close-up,Malignant,BCC,BCC
ISIC_6320048,IL_2992485,dermoscopic,Malignant,AKIEC,AKIEC
ISIC_6321631,IL_0768157,clinical: close-up,Malignant,BCC,BCC
ISIC_6323263,IL_1037405,dermoscopic,Benign,INF,INF
ISIC_6325623,IL_1381975,dermoscopic,Malignant,BCC,BCC
ISIC_6327728,IL_8505577,dermoscopic,Benign,NV,NV
ISIC_6327820,IL_9352958,clinical: close-up,Malignant,SCCKA,SCCKA
ISIC_6328753,IL_9917624,clinical: close-up,Malignant,BCC,BCC
ISIC_6328900,IL_5026579,clinical: close-up,Malignant,SCCKA,SCCKA
ISIC_6332308,IL_3634935,dermoscopic,Benign,NV,NV
ISIC_6333133,IL_3214039,dermoscopic,Malignant,MEL,MEL
ISIC_6333987,IL_6295133,dermoscopic,Malignant,BCC,BCC
ISIC_6334226,IL_9611587,clinical: close-up,Malignant,BCC,BCC
ISIC_6335160,IL_6322271,clinical: close-up,Benign,NV,NV
ISIC_6335386,IL_4217663,dermoscopic,Benign,NV,NV
ISIC_6336489,IL_1906171,clinical: close-up,Benign,NV,NV
ISIC_6336649,IL_1397522,clinical: close-up,Malignant,BCC,BCC
ISIC_6338368,IL_4061153,dermoscopic,Malignant,BCC,BCC
ISIC_6339347,IL_0349058,dermoscopic,Benign,NV,NV
ISIC_6344855,IL_2405400,dermoscopic,Malignant,BCC,BCC
ISIC_6345022,IL_6195057,clinical: close-up,Malignant,BCC,BCC
ISIC_6347449,IL_5104216,clinical: close-up,Benign,INF,INF
ISIC_6348068,IL_9130901,dermoscopic,Malignant,BCC,BCC
ISIC_6349110,IL_2300316,dermoscopic,Malignant,AKIEC,AKIEC
ISIC_6349779,IL_9906157,dermoscopic,Malignant,BCC,BCC
ISIC_6350988,IL_7708257,clinical: close-up,Malignant,BCC,BCC
ISIC_6351671,IL_7601833,dermoscopic,Malignant,SCCKA,SCCKA
ISIC_6352343,IL_9489077,dermoscopic,Benign,NV,NV
ISIC_6353654,IL_2786216,dermoscopic,Benign,NV,NV
ISIC_6354001,IL_4446473,dermoscopic,Indeterminate,AKIEC,AKIEC
ISIC_6355154,IL_2205080,dermoscopic,Benign,NV,NV
ISIC_6356372,IL_5417384,dermoscopic,Malignant,BCC,BCC
ISIC_6357740,IL_5108044,dermoscopic,Malignant,BCC,BCC
ISIC_6358122,IL_4688122,clinical: close-up,Malignant,BCC,BCC
ISIC_6359039,IL_1288672,clinical: close-up,Malignant,BCC,BCC
ISIC_6360071,IL_9584761,dermoscopic,Malignant,BCC,BCC
ISIC_6361233,IL_0706157,clinical: close-up,Benign,BEN_OTH,OTHER
ISIC_6363473,IL_8504644,clinical: close-up,Malignant,BCC,BCC
ISIC_6364449,IL_0097908,clinical: close-up,Benign,BKL,BKL
ISIC_6365045,IL_2308976,clinical: close-up,Malignant,BCC,BCC
ISIC_6365088,IL_1559121,dermoscopic,Benign,INF,INF
ISIC_6365827,IL_7439967,clinical: close-up,Malignant,BCC,BCC
ISIC_6365981,IL_3157584,dermoscopic,Malignant,MEL,MEL
ISIC_6366299,IL_7484711,clinical: close-up,Malignant,BCC,BCC
ISIC_6366384,IL_7232316,dermoscopic,Malignant,BCC,BCC
ISIC_6367931,IL_1403088,dermoscopic,Malignant,BCC,BCC
ISIC_6368553,IL_5349744,clinical: close-up,Malignant,BCC,BCC
ISIC_6368798,IL_7898098,dermoscopic,Malignant,BCC,BCC
ISIC_6369423,IL_8944802,clinical: close-up,Malignant,BCC,BCC
ISIC_6372109,IL_9716310,clinical: close-up,Malignant,MEL,MEL
ISIC_6372573,IL_5042864,clinical: close-up,Benign,NV,NV
ISIC_6373409,IL_2771933,dermoscopic,Malignant,BCC,BCC
ISIC_6374674,IL_9084119,dermoscopic,Benign,NV,NV
ISIC_6376325,IL_5012035,dermoscopic,Malignant,MEL,MEL
ISIC_6376654,IL_3936044,clinical: close-up,Malignant,AKIEC,AKIEC
ISIC_6383214,IL_7917334,dermoscopic,Malignant,SCCKA,SCCKA
ISIC_6384870,IL_9202251,dermoscopic,Malignant,AKIEC,AKIEC
ISIC_6385276,IL_7755497,clinical: close-up,Benign,NV,NV
ISIC_6385484,IL_9720505,clinical: close-up,Malignant,BCC,BCC
ISIC_6387236,IL_2885420,clinical: close-up,Malignant,MEL,MEL
ISIC_6389005,IL_5400506,dermoscopic,Benign,NV,NV
ISIC_6389514,IL_6865850,dermoscopic,Benign,BKL,BKL
ISIC_6391608,IL_8240105,clinical: close-up,Malignant,BCC,BCC
ISIC_6391693,IL_0110620,dermoscopic,Indeterminate,AKIEC,AKIEC
ISIC_6393409,IL_0477847,clinical: close-up,Malignant,MEL,MEL
ISIC_6394582,IL_0449677,dermoscopic,Benign,NV,NV
ISIC_6401647,IL_8988340,dermoscopic,Malignant,AKIEC,AKIEC
ISIC_6402697,IL_0244045,clinical: close-up,Benign,BKL,BKL
ISIC_6404972,IL_3738052,clinical: close-up,Benign,BEN_OTH,OTHER
ISIC_6405078,IL_8507909,dermoscopic,Malignant,BCC,BCC
ISIC_6405124,IL_8464135,clinical: close-up,Malignant,BCC,BCC
ISIC_6408424,IL_9541079,clinical: close-up,Malignant,BCC,BCC
ISIC_6412771,IL_6901137,clinical: close-up,Benign,NV,NV
ISIC_6415417,IL_8349712,dermoscopic,Malignant,AKIEC,AKIEC
ISIC_6416950,IL_0469044,dermoscopic,Malignant,BCC,BCC
ISIC_6417102,IL_3634030,dermoscopic,Malignant,BCC,BCC
ISIC_6417205,IL_0919212,dermoscopic,Malignant,BCC,BCC
ISIC_6421198,IL_1576423,clinical: close-up,Malignant,MEL,MEL
ISIC_6422570,IL_5499388,clinical: close-up,Malignant,BCC,BCC
ISIC_6423450,IL_3019343,dermoscopic,Malignant,BCC,BCC
ISIC_6424694,IL_6820172,clinical: close-up,Benign,NV,NV
ISIC_6425898,IL_9734690,dermoscopic,Benign,BKL,BKL
ISIC_6428004,IL_2334846,dermoscopic,Malignant,MEL,MEL
ISIC_6428132,IL_4179899,dermoscopic,Malignant,MEL,MEL
ISIC_6428254,IL_0788459,dermoscopic,Malignant,BCC,BCC
ISIC_6428825,IL_4498199,clinical: close-up,Malignant,MEL,MEL
ISIC_6428982,IL_3048168,clinical: close-up,Malignant,BCC,BCC
ISIC_6429343,IL_5438897,dermoscopic,Malignant,BCC,BCC
ISIC_6433757,IL_8454574,clinical: close-up,Malignant,MEL,MEL
ISIC_6435029,IL_4551959,dermoscopic,Benign,NV,NV
ISIC_6435462,IL_3830097,dermoscopic,Malignant,BCC,BCC
ISIC_6437956,IL_5368559,clinical: close-up,Malignant,BCC,BCC
ISIC_6438673,IL_0609142,clinical: close-up,Benign,BKL,BKL
ISIC_6444211,IL_6867211,dermoscopic,Malignant,BCC,BCC
ISIC_6444803,IL_5575734,clinical: close-up,Malignant,MEL,MEL
ISIC_6447813,IL_3541030,dermoscopic,Benign,NV,NV
ISIC_6450883,IL_3037585,clinical: close-up,Malignant,BCC,BCC
ISIC_6450911,IL_9447279,clinical: close-up,Malignant,AKIEC,AKIEC
ISIC_6451061,IL_4941375,dermoscopic,Malignant,BCC,BCC
ISIC_6451701,IL_7667503,dermoscopic,Malignant,BCC,BCC
ISIC_6453932,IL_9777235,clinical: close-up,Malignant,BCC,BCC
ISIC_6454913,IL_7146228,dermoscopic,Malignant,BCC,BCC
ISIC_6455103,IL_9113822,clinical: close-up,Malignant,BCC,BCC
ISIC_6455546,IL_8987309,clinical: close-up,Indeterminate,AKIEC,AKIEC
ISIC_6455558,IL_6493670,dermoscopic,Benign,NV,NV
ISIC_6457249,IL_3650991,dermoscopic,Malignant,BCC,BCC
ISIC_6457838,IL_2156585,clinical: close-up,Malignant,SCCKA,SCCKA
ISIC_6458495,IL_0256992,dermoscopic,Malignant,BCC,BCC
ISIC_6460339,IL_0963909,clinical: close-up,Malignant,AKIEC,AKIEC
ISIC_6461356,IL_1050579,dermoscopic,Malignant,BCC,BCC
ISIC_6462791,IL_7736241,dermoscopic,Indeterminate,AKIEC,AKIEC
ISIC_6465036,IL_0168605,clinical: close-up,Malignant,SCCKA,SCCKA
ISIC_6465119,IL_5830387,dermoscopic,Benign,NV,NV
ISIC_6465943,IL_8089688,clinical: close-up,Malignant,BCC,BCC
ISIC_6467453,IL_4185441,dermoscopic,Malignant,BCC,BCC
ISIC_6467881,IL_3895392,dermoscopic,Malignant,SCCKA,SCCKA
ISIC_6469024,IL_6033161,dermoscopic,Malignant,BCC,BCC
ISIC_6469847,IL_3484417,dermoscopic,Malignant,BCC,BCC
ISIC_6470630,IL_1274050,dermoscopic,Benign,BKL,BKL
ISIC_6475371,IL_4128851,dermoscopic,Benign,BKL,BKL
ISIC_6476734,IL_8277496,clinical: close-up,Malignant,BCC,BCC
ISIC_6479651,IL_0087637,clinical: close-up,Benign,BKL,BKL
ISIC_6480143,IL_4404919,dermoscopic,Malignant,MEL,MEL
ISIC_6481562,IL_7213774,clinical: close-up,Malignant,BCC,BCC
ISIC_6483899,IL_1051456,clinical: close-up,Malignant,BCC,BCC
ISIC_6484434,IL_1422027,clinical: close-up,Malignant,BCC,BCC
ISIC_6484641,IL_8464135,dermoscopic,Malignant,BCC,BCC
ISIC_6484898,IL_5254540,clinical: close-up,Malignant,BCC,BCC
ISIC_6485726,IL_9325305,clinical: close-up,Malignant,BCC,BCC
ISIC_6485921,IL_8439517,clinical: close-up,Benign,INF,INF
ISIC_6486344,IL_8229395,clinical: close-up,Malignant,MEL,MEL
ISIC_6486784,IL_7885027,dermoscopic,Malignant,BCC,BCC
ISIC_6491504,IL_9980113,clinical: close-up,Malignant,AKIEC,AKIEC
ISIC_6491752,IL_0913190,clinical: close-up,Benign,NV,NV
ISIC_6492760,IL_8158489,clinical: close-up,Malignant,BCC,BCC
ISIC_6494733,IL_6022474,dermoscopic,Benign,BKL,BKL
ISIC_6499536,IL_3462420,clinical: close-up,Malignant,BCC,BCC
ISIC_6500642,IL_4373578,dermoscopic,Malignant,BCC,BCC
ISIC_6503533,IL_1178215,dermoscopic,Benign,NV,NV
ISIC_6505724,IL_8505577,clinical: close-up,Benign,NV,NV
ISIC_6506817,IL_6242822,clinical: close-up,Malignant,BCC,BCC
ISIC_6508531,IL_6638180,dermoscopic,Malignant,BCC,BCC
ISIC_6508737,IL_7343687,dermoscopic,Malignant,MEL,MEL
ISIC_6511262,IL_2196510,clinical: close-up,Benign,NV,NV
ISIC_6511897,IL_9588958,dermoscopic,Malignant,MEL,MEL
ISIC_6513947,IL_5518223,clinical: close-up,Malignant,BCC,BCC
ISIC_6513986,IL_9897493,clinical: close-up,Malignant,MEL,MEL
ISIC_6517004,IL_4799699,clinical: close-up,Malignant,BCC,BCC
ISIC_6517752,IL_4740973,clinical: close-up,Malignant,BCC,BCC
ISIC_6517818,IL_6480274,clinical: close-up,Malignant,BCC,BCC
ISIC_6518344,IL_8894950,clinical: close-up,Malignant,BCC,BCC
ISIC_6519570,IL_5399357,clinical: close-up,Benign,BKL,BKL
ISIC_6522135,IL_8455587,dermoscopic,Malignant,BCC,BCC
ISIC_6523987,IL_4284690,clinical: close-up,Malignant,BCC,BCC
ISIC_6527571,IL_4325075,dermoscopic,Benign,BKL,BKL
ISIC_6533290,IL_4645849,clinical: close-up,Benign,BKL,BKL
ISIC_6534601,IL_1416084,clinical: close-up,Malignant,BCC,BCC
ISIC_6535679,IL_5063173,clinical: close-up,Malignant,MEL,MEL
ISIC_6537586,IL_5425005,dermoscopic,Malignant,BCC,BCC
ISIC_6538108,IL_3672233,dermoscopic,Benign,NV,NV
ISIC_6538197,IL_6532631,clinical: close-up,Malignant,BCC,BCC
ISIC_6539237,IL_6029935,dermoscopic,Malignant,SCCKA,SCCKA
ISIC_6543284,IL_0252336,dermoscopic,Malignant,MAL_OTH,OTHER
ISIC_6544356,IL_7917334,clinical: close-up,Malignant,SCCKA,SCCKA
ISIC_6545015,IL_6926663,dermoscopic,Benign,BKL,BKL
ISIC_6545294,IL_7917895,dermoscopic,Benign,DF,DF
ISIC_6546601,IL_2687877,clinical: close-up,Malignant,BCC,BCC
ISIC_6548664,IL_5699716,clinical: close-up,Benign,BKL,BKL
ISIC_6550575,IL_7009317,dermoscopic,Malignant,BCC,BCC
ISIC_6550801,IL_7159942,dermoscopic,Benign,NV,NV
ISIC_6551027,IL_9524479,dermoscopic,Malignant,BCC,BCC
ISIC_6552603,IL_9600474,clinical: close-up,Malignant,BCC,BCC
ISIC_6556418,IL_1118490,clinical: close-up,Malignant,BCC,BCC
ISIC_6558065,IL_4299606,dermoscopic,Malignant,BCC,BCC
ISIC_6558326,IL_0106759,dermoscopic,Benign,DF,DF
ISIC_6559313,IL_7424810,dermoscopic,Malignant,BCC,BCC
ISIC_6560005,IL_6185483,clinical: close-up,Malignant,BCC,BCC
ISIC_6561654,IL_1501614,dermoscopic,Malignant,AKIEC,AKIEC
ISIC_6562927,IL_8869881,clinical: close-up,Malignant,BCC,BCC
ISIC_6563482,IL_3984106,clinical: close-up,Malignant,BCC,BCC
ISIC_6564259,IL_3800728,clinical: close-up,Malignant,BCC,BCC
ISIC_6565806,IL_6249500,clinical: close-up,Malignant,BCC,BCC
ISIC_6566937,IL_1192220,clinical: close-up,Malignant,BCC,BCC
ISIC_6566959,IL_7451238,clinical: close-up,Malignant,BCC,BCC
ISIC_6568898,IL_8256503,clinical: close-up,Malignant,BCC,BCC
ISIC_6569850,IL_6686200,dermoscopic,Malignant,BCC,BCC
ISIC_6571694,IL_8010976,clinical: close-up,Malignant,BCC,BCC
ISIC_6573433,IL_1758673,clinical: close-up,Malignant,BCC,BCC
ISIC_6573445,IL_5607786,clinical: close-up,Malignant,MEL,MEL
ISIC_6576436,IL_6220664,dermoscopic,Malignant,MEL,MEL
ISIC_6576920,IL_8932098,clinical: close-up,Malignant,BCC,BCC
ISIC_6579356,IL_3248533,clinical: close-up,Malignant,BCC,BCC
ISIC_6580142,IL_4807547,clinical: close-up,Benign,NV,NV
ISIC_6580770,IL_7950940,clinical: close-up,Malignant,SCCKA,SCCKA
ISIC_6581346,IL_7438148,clinical: close-up,Malignant,BCC,BCC
ISIC_6581571,IL_0192026,dermoscopic,Malignant,MEL,MEL
ISIC_6581608,IL_2692187,dermoscopic,Benign,BEN_OTH,OTHER
ISIC_6582004,IL_1230964,dermoscopic,Malignant,BCC,BCC
ISIC_6588483,IL_4340050,clinical: close-up,Malignant,MEL,MEL
ISIC_6589696,IL_9746868,dermoscopic,Malignant,BCC,BCC
ISIC_6590195,IL_6107862,dermoscopic,Malignant,BCC,BCC
ISIC_6590453,IL_3827955,dermoscopic,Benign,BKL,BKL
ISIC_6590580,IL_6812828,dermoscopic,Benign,BKL,BKL
ISIC_6593403,IL_5655244,clinical: close-up,Benign,NV,NV
ISIC_6595206,IL_6954282,clinical: close-up,Malignant,BCC,BCC
ISIC_6596926,IL_0855898,dermoscopic,Malignant,MEL,MEL
ISIC_6597463,IL_9916872,clinical: close-up,Malignant,BCC,BCC
ISIC_6597735,IL_8109861,clinical: close-up,Malignant,BCC,BCC
ISIC_6598962,IL_8074133,clinical: close-up,Malignant,BCC,BCC
ISIC_6600474,IL_0262433,clinical: close-up,Indeterminate,AKIEC,AKIEC
ISIC_6600475,IL_7251492,dermoscopic,Malignant,BCC,BCC
ISIC_6601126,IL_4180169,dermoscopic,Benign,BKL,BKL
ISIC_6601890,IL_8747849,clinical: close-up,Benign,NV,NV
ISIC_6602302,IL_2275218,dermoscopic,Malignant,BCC,BCC
ISIC_6603709,IL_4381909,dermoscopic,Indeterminate,AKIEC,AKIEC
ISIC_6605295,IL_6050524,clinical: close-up,Malignant,BCC,BCC
ISIC_6606816,IL_2833309,clinical: close-up,Benign,NV,NV
ISIC_6608996,IL_8154885,clinical: close-up,Malignant,BCC,BCC
ISIC_6609894,IL_0793440,clinical: close-up,Benign,NV,NV
ISIC_6610991,IL_0665267,clinical: close-up,Malignant,BCC,BCC
ISIC_6611061,IL_9801468,dermoscopic,Malignant,BCC,BCC
ISIC_6612848,IL_4416537,dermoscopic,Malignant,BCC,BCC
ISIC_6614371,IL_2110181,dermoscopic,Malignant,BCC,BCC
ISIC_6614498,IL_0685418,dermoscopic,Malignant,AKIEC,AKIEC
ISIC_6615782,IL_8389564,dermoscopic,Malignant,BCC,BCC
ISIC_6617227,IL_0974592,clinical: close-up,Benign,NV,NV
ISIC_6620223,IL_7712318,clinical: close-up,Benign,NV,NV
ISIC_6625178,IL_0768577,clinical: close-up,Benign,BKL,BKL
ISIC_6625361,IL_8843384,clinical: close-up,Benign,NV,NV
ISIC_6625754,IL_6719325,clinical: close-up,Malignant,BCC,BCC
ISIC_6626242,IL_4516154,dermoscopic,Malignant,AKIEC,AKIEC
ISIC_6629495,IL_8973483,clinical: close-up,Malignant,SCCKA,SCCKA
ISIC_6629742,IL_8264296,clinical: close-up,Benign,BKL,BKL
ISIC_6630088,IL_5950762,clinical: close-up,Malignant,SCCKA,SCCKA
ISIC_6631462,IL_7093777,dermoscopic,Benign,NV,NV
ISIC_6634268,IL_9778045,clinical: close-up,Malignant,SCCKA,SCCKA
ISIC_6634769,IL_8095126,dermoscopic,Benign,BKL,BKL
ISIC_6636694,IL_5063173,dermoscopic,Malignant,MEL,MEL
ISIC_6638137,IL_4547617,dermoscopic,Malignant,MEL,MEL
ISIC_6638547,IL_1140654,dermoscopic,Malignant,BCC,BCC
ISIC_6639016,IL_9007318,dermoscopic,Malignant,SCCKA,SCCKA
ISIC_6639957,IL_1743491,dermoscopic,Malignant,BCC,BCC
ISIC_6640885,IL_2521408,clinical: close-up,Malignant,BCC,BCC
ISIC_6642031,IL_5738134,dermoscopic,Malignant,BCC,BCC
ISIC_6642568,IL_1393586,clinical: close-up,Malignant,AKIEC,AKIEC
ISIC_6642775,IL_2152679,clinical: close-up,Malignant,BCC,BCC
ISIC_6648449,IL_5790573,dermoscopic,Benign,NV,NV
ISIC_6648628,IL_9422892,dermoscopic,Benign,NV,NV
ISIC_6653326,IL_6442521,dermoscopic,Malignant,BCC,BCC
ISIC_6654586,IL_9125215,dermoscopic,Malignant,BCC,BCC
ISIC_6655070,IL_9897493,dermoscopic,Malignant,MEL,MEL
ISIC_6657446,IL_6449615,dermoscopic,Benign,INF,INF
ISIC_6657999,IL_4906380,clinical: close-up,Benign,NV,NV
ISIC_6660770,IL_1470689,clinical: close-up,Malignant,BCC,BCC
ISIC_6662978,IL_7933617,dermoscopic,Malignant,SCCKA,SCCKA
ISIC_6664237,IL_7394402,dermoscopic,Malignant,BCC,BCC
ISIC_6664385,IL_9891948,dermoscopic,Malignant,BCC,BCC
ISIC_6667520,IL_3711784,clinical: close-up,Malignant,BCC,BCC
ISIC_6670414,IL_3732143,clinical: close-up,Malignant,BCC,BCC
ISIC_6671359,IL_3844274,clinical: close-up,Malignant,BCC,BCC
ISIC_6672065,IL_1406578,dermoscopic,Malignant,BCC,BCC
ISIC_6676782,IL_3115470,clinical: close-up,Malignant,SCCKA,SCCKA
ISIC_6677597,IL_2055749,clinical: close-up,Malignant,MEL,MEL
ISIC_6678187,IL_8581964,dermoscopic,Malignant,BCC,BCC
ISIC_6679416,IL_7319157,clinical: close-up,Malignant,BCC,BCC
ISIC_6679588,IL_0706157,dermoscopic,Benign,BEN_OTH,OTHER
ISIC_6685057,IL_6639519,clinical: close-up,Malignant,BCC,BCC
ISIC_6685424,IL_0945198,dermoscopic,Benign,NV,NV
ISIC_6685680,IL_2994581,dermoscopic,Malignant,BCC,BCC
ISIC_6687699,IL_4103128,clinical: close-up,Malignant,BCC,BCC
ISIC_6688178,IL_8379111,dermoscopic,Malignant,SCCKA,SCCKA
ISIC_6689453,IL_8173383,dermoscopic,Malignant,MEL,MEL
ISIC_6690222,IL_8158343,dermoscopic,Malignant,BCC,BCC
ISIC_6691035,IL_4954108,dermoscopic,Benign,NV,NV
ISIC_6693050,IL_9349173,dermoscopic,Benign,NV,NV
ISIC_6693138,IL_8758801,dermoscopic,Malignant,BCC,BCC
ISIC_6698584,IL_4926064,clinical: close-up,Malignant,BCC,BCC
ISIC_6698671,IL_2341353,dermoscopic,Malignant,MEL,MEL
ISIC_6698922,IL_5870575,dermoscopic,Malignant,BCC,BCC
ISIC_6699904,IL_0434993,clinical: close-up,Benign,BKL,BKL
ISIC_6700837,IL_3561998,clinical: close-up,Malignant,BCC,BCC
ISIC_6703068,IL_4099426,clinical: close-up,Malignant,BCC,BCC
ISIC_6703202,IL_3077425,dermoscopic,Benign,NV,NV
ISIC_6704553,IL_6258270,clinical: close-up,Malignant,BCC,BCC
ISIC_6704813,IL_0306770,dermoscopic,Malignant,BCC,BCC
ISIC_6705014,IL_5299543,clinical: close-up,Benign,DF,DF
ISIC_6705033,IL_0701362,clinical: close-up,Malignant,MEL,MEL
ISIC_6705181,IL_9466832,clinical: close-up,Benign,NV,NV
ISIC_6705726,IL_1618148,clinical: close-up,Malignant,BCC,BCC
ISIC_6706263,IL_7363229,clinical: close-up,Malignant,BCC,BCC
ISIC_6707935,IL_2218381,dermoscopic,Malignant,BCC,BCC
ISIC_6710161,IL_2557121,dermoscopic,Malignant,BCC,BCC
ISIC_6712731,IL_9947908,dermoscopic,Malignant,BCC,BCC
ISIC_6712916,IL_5310098,dermoscopic,Malignant,BCC,BCC
ISIC_6713718,IL_6767086,clinical: close-up,Malignant,BCC,BCC
ISIC_6716486,IL_9776504,clinical: close-up,Malignant,BCC,BCC
ISIC_6717021,IL_8991149,clinical: close-up,Malignant,BCC,BCC
ISIC_6717455,IL_4368392,dermoscopic,Malignant,BCC,BCC
ISIC_6719081,IL_4557946,dermoscopic,Malignant,BCC,BCC
ISIC_6720006,IL_2722243,dermoscopic,Malignant,BCC,BCC
ISIC_6724521,IL_7289099,clinical: close-up,Benign,BKL,BKL
ISIC_6725643,IL_0486701,clinical: close-up,Benign,NV,NV
ISIC_6725841,IL_0960913,dermoscopic,Malignant,SCCKA,SCCKA
ISIC_6728668,IL_0247404,clinical: close-up,Benign,BKL,BKL
ISIC_6730312,IL_6380251,dermoscopic,Benign,NV,NV
ISIC_6730946,IL_1422027,dermoscopic,Malignant,BCC,BCC
ISIC_6731532,IL_6477197,clinical: close-up,Malignant,BCC,BCC
ISIC_6731947,IL_6077697,clinical: close-up,Benign,BKL,BKL
ISIC_6733219,IL_1981700,clinical: close-up,Malignant,BCC,BCC
ISIC_6736703,IL_5698688,clinical: close-up,Malignant,BCC,BCC
ISIC_6738908,IL_7769284,dermoscopic,Malignant,BCC,BCC
ISIC_6739483,IL_0960314,dermoscopic,Benign,DF,DF
ISIC_6739511,IL_4991400,clinical: close-up,Malignant,BCC,BCC
ISIC_6744907,IL_4785654,clinical: close-up,Malignant,SCCKA,SCCKA
ISIC_6745607,IL_9323193,dermoscopic,Malignant,SCCKA,SCCKA
ISIC_6746042,IL_3400636,clinical: close-up,Benign,DF,DF
ISIC_6746536,IL_4066034,clinical: close-up,Malignant,BCC,BCC
ISIC_6747832,IL_2816298,dermoscopic,Malignant,BCC,BCC
ISIC_6747902,IL_5391929,dermoscopic,Malignant,BCC,BCC
ISIC_6747915,IL_1958887,dermoscopic,Malignant,BCC,BCC
ISIC_6748737,IL_9331537,clinical: close-up,Malignant,BCC,BCC
ISIC_6748961,IL_0158496,clinical: close-up,Malignant,MEL,MEL
ISIC_6749742,IL_7685934,dermoscopic,Malignant,MEL,MEL
ISIC_6751695,IL_6647837,clinical: close-up,Malignant,BCC,BCC
ISIC_6752467,IL_4182529,clinical: close-up,Malignant,BCC,BCC
ISIC_6753928,IL_5793339,clinical: close-up,Malignant,BCC,BCC
ISIC_6754024,IL_9529551,dermoscopic,Benign,BKL,BKL
ISIC_6754150,IL_9194841,dermoscopic,Malignant,BCC,BCC
ISIC_6756079,IL_6863139,clinical: close-up,Malignant,BCC,BCC
ISIC_6759359,IL_6952283,dermoscopic,Malignant,BCC,BCC
ISIC_6761603,IL_3303536,clinical: close-up,Malignant,AKIEC,AKIEC
ISIC_6765907,IL_0286681,clinical: close-up,Benign,DF,DF
ISIC_6769979,IL_8790863,dermoscopic,Benign,BKL,BKL
ISIC_6770901,IL_2983188,clinical: close-up,Malignant,BCC,BCC
ISIC_6771167,IL_0693769,clinical: close-up,Benign,BKL,BKL
ISIC_6771998,IL_1272170,dermoscopic,Malignant,BCC,BCC
ISIC_6773668,IL_6889294,dermoscopic,Benign,NV,NV
ISIC_6775663,IL_8098270,dermoscopic,Malignant,BCC,BCC
ISIC_6780849,IL_0499462,dermoscopic,Malignant,MEL,MEL
ISIC_6780966,IL_9737107,dermoscopic,Benign,NV,NV
ISIC_6782350,IL_4290586,clinical: close-up,Malignant,AKIEC,AKIEC
ISIC_6784471,IL_9399990,dermoscopic,Indeterminate,AKIEC,AKIEC
ISIC_6785657,IL_2797593,dermoscopic,Benign,NV,NV
ISIC_6786577,IL_6877594,clinical: close-up,Malignant,MEL,MEL
ISIC_6787367,IL_5113202,dermoscopic,Malignant,BCC,BCC
ISIC_6788333,IL_4732392,dermoscopic,Benign,NV,NV
ISIC_6788918,IL_5357233,clinical: close-up,Malignant,BCC,BCC
ISIC_6789387,IL_2700480,clinical: close-up,Malignant,BCC,BCC
ISIC_6790299,IL_1873832,clinical: close-up,Benign,NV,NV
ISIC_6790517,IL_2221229,dermoscopic,Benign,NV,NV
ISIC_6791466,IL_7649992,dermoscopic,Malignant,BCC,BCC
ISIC_6795403,IL_8248912,clinical: close-up,Malignant,BCC,BCC
ISIC_6796955,IL_3327955,dermoscopic,Benign,INF,INF
ISIC_6806266,IL_6113513,dermoscopic,Benign,NV,NV
ISIC_6806931,IL_2632652,clinical: close-up,Benign,NV,NV
ISIC_6810372,IL_9980498,clinical: close-up,Benign,BKL,BKL
ISIC_6810466,IL_2257224,clinical: close-up,Indeterminate,AKIEC,AKIEC
ISIC_6814138,IL_8296856,clinical: close-up,Benign,BKL,BKL
ISIC_6818303,IL_4715886,dermoscopic,Malignant,BCC,BCC
ISIC_6819805,IL_2972185,dermoscopic,Malignant,MEL,MEL
ISIC_6820101,IL_3925497,clinical: close-up,Malignant,MEL,MEL
ISIC_6823624,IL_5982008,clinical: close-up,Malignant,BCC,BCC
ISIC_6823826,IL_3253177,clinical: close-up,Benign,NV,NV
ISIC_6824445,IL_3906452,clinical: close-up,Malignant,MEL,MEL
ISIC_6825359,IL_6690716,dermoscopic,Benign,BKL,BKL
ISIC_6827856,IL_4174336,clinical: close-up,Indeterminate,AKIEC,AKIEC
ISIC_6827974,IL_2868524,dermoscopic,Malignant,BCC,BCC
ISIC_6829175,IL_5560445,clinical: close-up,Malignant,BCC,BCC
ISIC_6831651,IL_5576259,dermoscopic,Malignant,BCC,BCC
ISIC_6831946,IL_9072038,clinical: close-up,Malignant,BCC,BCC
ISIC_6833525,IL_8106703,dermoscopic,Malignant,MEL,MEL
ISIC_6835241,IL_6356620,dermoscopic,Malignant,BCC,BCC
ISIC_6838452,IL_5805980,clinical: close-up,Malignant,BCC,BCC
ISIC_6838890,IL_6017753,dermoscopic,Benign,BKL,BKL
ISIC_6841057,IL_3397274,clinical: close-up,Benign,BEN_OTH,OTHER
ISIC_6842700,IL_9489077,clinical: close-up,Benign,NV,NV
ISIC_6843004,IL_0861940,clinical: close-up,Malignant,BCC,BCC
ISIC_6843700,IL_6968028,dermoscopic,Malignant,BCC,BCC
ISIC_6844081,IL_4268143,clinical: close-up,Benign,NV,NV
ISIC_6845294,IL_5560445,dermoscopic,Malignant,BCC,BCC
ISIC_6846051,IL_1711365,dermoscopic,Benign,BKL,BKL
ISIC_6846246,IL_1057278,clinical: close-up,Malignant,BCC,BCC
ISIC_6849103,IL_3453453,clinical: close-up,Malignant,BCC,BCC
ISIC_6852771,IL_2674670,dermoscopic,Malignant,BCC,BCC
ISIC_6853529,IL_2528819,dermoscopic,Benign,NV,NV
ISIC_6854604,IL_8732835,dermoscopic,Malignant,BCC,BCC
ISIC_6854833,IL_7619884,clinical: close-up,Benign,BKL,BKL
ISIC_6855467,IL_2750081,clinical: close-up,Benign,NV,NV
ISIC_6857013,IL_1478833,clinical: close-up,Malignant,MEL,MEL
ISIC_6857782,IL_2650729,dermoscopic,Malignant,SCCKA,SCCKA
ISIC_6860247,IL_1093822,dermoscopic,Malignant,BCC,BCC
ISIC_6860942,IL_0883893,dermoscopic,Indeterminate,AKIEC,AKIEC
ISIC_6861920,IL_7894470,clinical: close-up,Indeterminate,AKIEC,AKIEC
ISIC_6862838,IL_7643316,clinical: close-up,Malignant,MEL,MEL
ISIC_6866299,IL_8387787,dermoscopic,Malignant,BCC,BCC
ISIC_6869534,IL_2291153,clinical: close-up,Malignant,BCC,BCC
ISIC_6872166,IL_6706303,clinical: close-up,Malignant,AKIEC,AKIEC
ISIC_6873786,IL_8994019,dermoscopic,Benign,NV,NV
ISIC_6874373,IL_4096738,dermoscopic,Malignant,SCCKA,SCCKA
ISIC_6874595,IL_5750110,clinical: close-up,Benign,NV,NV
ISIC_6877985,IL_5101024,dermoscopic,Malignant,MEL,MEL
ISIC_6881361,IL_2675475,dermoscopic,Malignant,BCC,BCC
ISIC_6881589,IL_5720105,dermoscopic,Malignant,MEL,MEL
ISIC_6881975,IL_9912061,clinical: close-up,Indeterminate,AKIEC,AKIEC
ISIC_6881977,IL_2058691,dermoscopic,Malignant,BCC,BCC
ISIC_6883494,IL_7705011,clinical: close-up,Malignant,BCC,BCC
ISIC_6884836,IL_4781564,dermoscopic,Malignant,BCC,BCC
ISIC_6886883,IL_3245331,dermoscopic,Indeterminate,AKIEC,AKIEC
ISIC_6887594,IL_4061949,dermoscopic,Benign,NV,NV
ISIC_6890536,IL_0727699,dermoscopic,Indeterminate,AKIEC,AKIEC
ISIC_6891841,IL_6128899,clinical: close-up,Malignant,BCC,BCC
ISIC_6892423,IL_9563868,clinical: close-up,Benign,BKL,BKL
ISIC_6895079,IL_4668896,dermoscopic,Malignant,BCC,BCC
ISIC_6896664,IL_5787945,dermoscopic,Benign,INF,INF
ISIC_6897010,IL_9262506,dermoscopic,Malignant,BCC,BCC
ISIC_6898183,IL_3673925,dermoscopic,Benign,NV,NV
ISIC_6899811,IL_3984556,dermoscopic,Malignant,BCC,BCC
ISIC_6900216,IL_6029935,clinical: close-up,Malignant,SCCKA,SCCKA
ISIC_6900639,IL_0281880,clinical: close-up,Malignant,BCC,BCC
ISIC_6900958,IL_0179071,dermoscopic,Malignant,BCC,BCC
ISIC_6901509,IL_7398845,clinical: close-up,Malignant,BCC,BCC
ISIC_6904950,IL_4571173,dermoscopic,Malignant,MEL,MEL
ISIC_6905596,IL_3144170,clinical: close-up,Benign,NV,NV
ISIC_6906027,IL_8671827,dermoscopic,Malignant,SCCKA,SCCKA
ISIC_6906298,IL_3397052,clinical: close-up,Malignant,MAL_OTH,OTHER
ISIC_6907436,IL_5620268,dermoscopic,Malignant,BCC,BCC
ISIC_6908565,IL_1608004,clinical: close-up,Indeterminate,AKIEC,AKIEC
ISIC_6910330,IL_4432216,dermoscopic,Malignant,MEL,MEL
ISIC_6914066,IL_1858834,clinical: close-up,Malignant,BCC,BCC
ISIC_6914336,IL_7760285,clinical: close-up,Malignant,BCC,BCC
ISIC_6914473,IL_1509738,clinical: close-up,Malignant,BCC,BCC
ISIC_6915298,IL_0633979,dermoscopic,Malignant,BCC,BCC
ISIC_6919900,IL_7855473,clinical: close-up,Benign,NV,NV
ISIC_6921970,IL_2218575,clinical: close-up,Malignant,BCC,BCC
ISIC_6924218,IL_1943704,dermoscopic,Malignant,MEL,MEL
ISIC_6925418,IL_2972185,clinical: close-up,Malignant,MEL,MEL
ISIC_6926304,IL_4125951,clinical: close-up,Malignant,BCC,BCC
ISIC_6927702,IL_8549030,clinical: close-up,Benign,NV,NV
ISIC_6930203,IL_4794810,dermoscopic,Benign,VASC,VASC
ISIC_6931788,IL_4580726,clinical: close-up,Malignant,BCC,BCC
ISIC_6932479,IL_7064564,clinical: close-up,Malignant,BCC,BCC
ISIC_6933070,IL_9064607,dermoscopic,Benign,BKL,BKL
ISIC_6933511,IL_1644397,clinical: close-up,Malignant,BCC,BCC
ISIC_6933572,IL_3295228,dermoscopic,Benign,NV,NV
ISIC_6933675,IL_8126491,clinical: close-up,Benign,NV,NV
ISIC_6934396,IL_7573989,dermoscopic,Malignant,BCC,BCC
ISIC_6934564,IL_2703142,clinical: close-up,Benign,NV,NV
ISIC_6934851,IL_7183355,clinical: close-up,Malignant,MEL,MEL
ISIC_6935679,IL_5352548,dermoscopic,Malignant,BCC,BCC
ISIC_6935765,IL_4305709,clinical: close-up,Benign,NV,NV
ISIC_6936754,IL_3705242,dermoscopic,Malignant,BCC,BCC
ISIC_6936920,IL_9540543,dermoscopic,Malignant,BCC,BCC
ISIC_6938390,IL_1122729,dermoscopic,Malignant,AKIEC,AKIEC
ISIC_6938902,IL_5675796,clinical: close-up,Benign,BKL,BKL
ISIC_6939444,IL_7402183,clinical: close-up,Benign,NV,NV
ISIC_6940173,IL_8601267,dermoscopic,Malignant,BCC,BCC
ISIC_6940478,IL_8225766,dermoscopic,Benign,NV,NV
ISIC_6941286,IL_8402366,clinical: close-up,Malignant,SCCKA,SCCKA
ISIC_6943109,IL_6499920,clinical: close-up,Malignant,BCC,BCC
ISIC_6943209,IL_5416210,dermoscopic,Malignant,SCCKA,SCCKA
ISIC_6943256,IL_3400636,dermoscopic,Benign,DF,DF
ISIC_6945898,IL_6370742,dermoscopic,Malignant,BCC,BCC
ISIC_6946162,IL_9524761,clinical: close-up,Malignant,AKIEC,AKIEC
ISIC_6949754,IL_2423269,dermoscopic,Benign,BKL,BKL
ISIC_6950225,IL_5131456,dermoscopic,Malignant,BCC,BCC
ISIC_6952620,IL_3827955,clinical: close-up,Benign,BKL,BKL
ISIC_6952812,IL_3615329,dermoscopic,Malignant,BCC,BCC
ISIC_6954063,IL_3636394,dermoscopic,Malignant,MEL,MEL
ISIC_6954599,IL_7595050,clinical: close-up,Malignant,BCC,BCC
ISIC_6955501,IL_8736766,dermoscopic,Malignant,BCC,BCC
ISIC_6956876,IL_9646137,dermoscopic,Malignant,BCC,BCC
ISIC_6957053,IL_3183232,clinical: close-up,Malignant,BCC,BCC
ISIC_6957886,IL_1720611,clinical: close-up,Malignant,AKIEC,AKIEC
ISIC_6958809,IL_3326001,clinical: close-up,Malignant,BCC,BCC
ISIC_6958882,IL_8739695,dermoscopic,Benign,NV,NV
ISIC_6958939,IL_1678341,clinical: close-up,Malignant,BCC,BCC
ISIC_6960107,IL_9245016,clinical: close-up,Malignant,BCC,BCC
ISIC_6965635,IL_9088569,dermoscopic,Malignant,SCCKA,SCCKA
ISIC_6966227,IL_7148705,clinical: close-up,Benign,NV,NV
ISIC_6967255,IL_1470267,clinical: close-up,Malignant,BCC,BCC
ISIC_6968104,IL_8678010,clinical: close-up,Malignant,BCC,BCC
ISIC_6968526,IL_5129613,clinical: close-up,Malignant,BCC,BCC
ISIC_6969322,IL_7613691,clinical: close-up,Benign,BKL,BKL
ISIC_6970909,IL_1283249,dermoscopic,Malignant,BCC,BCC
ISIC_6971136,IL_0610557,clinical: close-up,Benign,NV,NV
ISIC_6972742,IL_0630515,dermoscopic,Benign,NV,NV
ISIC_6973783,IL_3778802,dermoscopic,Benign,NV,NV
ISIC_6976701,IL_0216946,dermoscopic,Malignant,BCC,BCC
ISIC_6977117,IL_1077349,clinical: close-up,Benign,NV,NV
ISIC_6977201,IL_2211333,clinical: close-up,Malignant,BCC,BCC
ISIC_6977564,IL_1667522,clinical: close-up,Malignant,BCC,BCC
ISIC_6981576,IL_8784300,clinical: close-up,Benign,BEN_OTH,OTHER
ISIC_6982597,IL_1167409,dermoscopic,Malignant,BCC,BCC
ISIC_6984049,IL_3892399,clinical: close-up,Malignant,BCC,BCC
ISIC_6989617,IL_0743381,dermoscopic,Malignant,BCC,BCC
ISIC_6990939,IL_7974648,dermoscopic,Benign,NV,NV
ISIC_6990978,IL_7972965,dermoscopic,Malignant,SCCKA,SCCKA
ISIC_6992532,IL_4072310,clinical: close-up,Benign,NV,NV
ISIC_6995667,IL_5766426,clinical: close-up,Malignant,MEL,MEL
ISIC_6996440,IL_5979205,clinical: close-up,Benign,NV,NV
ISIC_6997256,IL_1833955,clinical: close-up,Malignant,MEL,MEL
ISIC_7000928,IL_7804656,dermoscopic,Benign,NV,NV
ISIC_7001987,IL_5037450,clinical: close-up,Malignant,BCC,BCC
ISIC_7004185,IL_1765810,clinical: close-up,Indeterminate,AKIEC,AKIEC
ISIC_7005364,IL_7926291,clinical: close-up,Malignant,BCC,BCC
ISIC_7005663,IL_0205551,clinical: close-up,Malignant,BCC,BCC
ISIC_7005808,IL_3790645,clinical: close-up,Malignant,MEL,MEL
ISIC_7006091,IL_6706303,dermoscopic,Malignant,AKIEC,AKIEC
ISIC_7006889,IL_7718928,dermoscopic,Malignant,BCC,BCC
ISIC_7006971,IL_9801518,clinical: close-up,Malignant,BCC,BCC
ISIC_7008068,IL_5417601,dermoscopic,Malignant,BCC,BCC
ISIC_7009394,IL_5423351,dermoscopic,Benign,BKL,BKL
ISIC_7009788,IL_1651344,dermoscopic,Benign,DF,DF
ISIC_7015879,IL_9636083,clinical: close-up,Malignant,BCC,BCC
ISIC_7016834,IL_6247210,dermoscopic,Benign,BKL,BKL
ISIC_7016980,IL_9031003,clinical: close-up,Malignant,BCC,BCC
ISIC_7017469,IL_8606392,clinical: close-up,Benign,BEN_OTH,OTHER
ISIC_7018101,IL_4739106,dermoscopic,Benign,NV,NV
ISIC_7020196,IL_9563868,dermoscopic,Benign,BKL,BKL
ISIC_7023633,IL_8039087,dermoscopic,Malignant,SCCKA,SCCKA
ISIC_7029585,IL_8482913,clinical: close-up,Malignant,SCCKA,SCCKA
ISIC_7030907,IL_6847142,dermoscopic,Malignant,BCC,BCC
ISIC_7030953,IL_0462841,dermoscopic,Malignant,BCC,BCC
ISIC_7031050,IL_8758907,clinical: close-up,Malignant,BCC,BCC
ISIC_7032433,IL_7244270,clinical: close-up,Malignant,BCC,BCC
ISIC_7034446,IL_5744385,clinical: close-up,Benign,BKL,BKL
ISIC_7035620,IL_2201530,clinical: close-up,Malignant,MEL,MEL
ISIC_7037056,IL_5002382,dermoscopic,Malignant,MEL,MEL
ISIC_7038723,IL_8553966,dermoscopic,Malignant,AKIEC,AKIEC
ISIC_7040859,IL_2175729,dermoscopic,Malignant,SCCKA,SCCKA
ISIC_7041996,IL_6336481,clinical: close-up,Malignant,SCCKA,SCCKA
ISIC_7042361,IL_6836295,dermoscopic,Malignant,BCC,BCC
ISIC_7043547,IL_4557946,clinical: close-up,Malignant,BCC,BCC
ISIC_7044269,IL_7023343,clinical: close-up,Benign,BKL,BKL
ISIC_7046064,IL_6007354,clinical: close-up,Benign,BKL,BKL
ISIC_7047367,IL_1815141,clinical: close-up,Benign,NV,NV
ISIC_7047621,IL_1866416,dermoscopic,Malignant,BCC,BCC
ISIC_7050719,IL_7451964,clinical: close-up,Malignant,BCC,BCC
ISIC_7051193,IL_2922462,clinical: close-up,Malignant,BCC,BCC
ISIC_7053064,IL_6960759,dermoscopic,Benign,NV,NV
ISIC_7056997,IL_4088084,clinical: close-up,Malignant,SCCKA,SCCKA
ISIC_7059546,IL_1741364,dermoscopic,Malignant,SCCKA,SCCKA
ISIC_7065051,IL_0768577,dermoscopic,Benign,BKL,BKL
ISIC_7067948,IL_5055807,dermoscopic,Malignant,BCC,BCC
ISIC_7070121,IL_5675821,clinical: close-up,Benign,NV,NV
ISIC_7070387,IL_5787945,clinical: close-up,Benign,INF,INF
ISIC_7072308,IL_2473715,dermoscopic,Malignant,SCCKA,SCCKA
ISIC_7072857,IL_7825787,dermoscopic,Malignant,BCC,BCC
ISIC_7074302,IL_2196510,dermoscopic,Benign,NV,NV
ISIC_7074658,IL_2596452,dermoscopic,Malignant,SCCKA,SCCKA
ISIC_7075127,IL_6242264,clinical: close-up,Benign,BKL,BKL
ISIC_7077927,IL_4430072,clinical: close-up,Benign,BKL,BKL
ISIC_7079437,IL_1328121,clinical: close-up,Malignant,MEL,MEL
ISIC_7080457,IL_2707653,clinical: close-up,Malignant,BCC,BCC
ISIC_7081739,IL_5014873,dermoscopic,Malignant,SCCKA,SCCKA
ISIC_7081965,IL_0061620,clinical: close-up,Malignant,BCC,BCC
ISIC_7082726,IL_2719236,dermoscopic,Malignant,BCC,BCC
ISIC_7083773,IL_1443713,dermoscopic,Malignant,BCC,BCC
ISIC_7085591,IL_0147242,dermoscopic,Malignant,BCC,BCC
ISIC_7090643,IL_8171092,clinical: close-up,Benign,NV,NV
ISIC_7090951,IL_1801280,dermoscopic,Malignant,SCCKA,SCCKA
ISIC_7094095,IL_7709098,clinical: close-up,Malignant,BCC,BCC
ISIC_7096292,IL_9746868,clinical: close-up,Malignant,BCC,BCC
ISIC_7096753,IL_6943696,clinical: close-up,Malignant,MEL,MEL
ISIC_7100195,IL_4791300,clinical: close-up,Malignant,MEL,MEL
ISIC_7100479,IL_1743491,clinical: close-up,Malignant,BCC,BCC
ISIC_7103694,IL_2889999,dermoscopic,Benign,BKL,BKL
ISIC_7105831,IL_6901137,dermoscopic,Benign,NV,NV
ISIC_7105876,IL_8504644,dermoscopic,Malignant,BCC,BCC
ISIC_7108710,IL_2962292,clinical: close-up,Malignant,BCC,BCC
ISIC_7109494,IL_9075898,dermoscopic,Malignant,SCCKA,SCCKA
ISIC_7110025,IL_1166072,dermoscopic,Malignant,BCC,BCC
ISIC_7110078,IL_7735449,clinical: close-up,Benign,NV,NV
ISIC_7110194,IL_8790863,clinical: close-up,Benign,BKL,BKL
ISIC_7111015,IL_5429877,clinical: close-up,Malignant,BCC,BCC
ISIC_7112529,IL_2779245,clinical: close-up,Malignant,BCC,BCC
ISIC_7112600,IL_9980113,dermoscopic,Malignant,AKIEC,AKIEC
ISIC_7113721,IL_6107862,clinical: close-up,Malignant,BCC,BCC
ISIC_7115768,IL_6639519,dermoscopic,Malignant,BCC,BCC
ISIC_7116414,IL_9235680,dermoscopic,Malignant,BCC,BCC
ISIC_7116818,IL_8171092,dermoscopic,Benign,NV,NV
ISIC_7117439,IL_8516254,clinical: close-up,Malignant,BCC,BCC
ISIC_7118545,IL_3260331,dermoscopic,Indeterminate,AKIEC,AKIEC
ISIC_7119768,IL_7728761,clinical: close-up,Malignant,SCCKA,SCCKA
ISIC_7119882,IL_0307289,dermoscopic,Malignant,BCC,BCC
ISIC_7128280,IL_5795574,dermoscopic,Indeterminate,AKIEC,AKIEC
ISIC_7132196,IL_9752629,dermoscopic,Malignant,BCC,BCC
ISIC_7133516,IL_5830387,clinical: close-up,Benign,NV,NV
ISIC_7135182,IL_4658276,clinical: close-up,Malignant,SCCKA,SCCKA
ISIC_7136010,IL_2808102,clinical: close-up,Malignant,MEL,MEL
ISIC_7137132,IL_3457214,clinical: close-up,Malignant,BCC,BCC
ISIC_7137645,IL_6236280,clinical: close-up,Benign,BKL,BKL
ISIC_7138482,IL_7148774,clinical: close-up,Malignant,BCC,BCC
ISIC_7138580,IL_4737161,dermoscopic,Benign,NV,NV
ISIC_7138691,IL_6238861,clinical: close-up,Benign,BKL,BKL
ISIC_7139592,IL_6836938,dermoscopic,Benign,NV,NV
ISIC_7139633,IL_0241510,clinical: close-up,Malignant,BCC,BCC
ISIC_7140185,IL_3853343,clinical: close-up,Malignant,SCCKA,SCCKA
ISIC_7142689,IL_5364127,clinical: close-up,Benign,BKL,BKL
ISIC_7143220,IL_8283182,clinical: close-up,Malignant,SCCKA,SCCKA
ISIC_7143311,IL_3715048,clinical: close-up,Malignant,MEL,MEL
ISIC_7143359,IL_6862607,dermoscopic,Malignant,MEL,MEL
ISIC_7144270,IL_2670603,clinical: close-up,Malignant,BCC,BCC
ISIC_7145117,IL_8703940,clinical: close-up,Malignant,SCCKA,SCCKA
ISIC_7146069,IL_4696609,dermoscopic,Benign,NV,NV
ISIC_7148211,IL_6578198,clinical: close-up,Malignant,BCC,BCC
ISIC_7148236,IL_3724893,clinical: close-up,Malignant,BCC,BCC
ISIC_7149626,IL_0217482,dermoscopic,Benign,NV,NV
ISIC_7150018,IL_4472583,clinical: close-up,Malignant,SCCKA,SCCKA
ISIC_7150655,IL_3061699,dermoscopic,Malignant,MEL,MEL
ISIC_7151845,IL_7667503,clinical: close-up,Malignant,BCC,BCC
ISIC_7152699,IL_6446380,clinical: close-up,Benign,NV,NV
ISIC_7155383,IL_7914458,clinical: close-up,Malignant,BCC,BCC
ISIC_7155489,IL_5293525,clinical: close-up,Benign,NV,NV
ISIC_7162187,IL_6097327,clinical: close-up,Malignant,SCCKA,SCCKA
ISIC_7162704,IL_2094234,clinical: close-up,Malignant,MEL,MEL
ISIC_7173478,IL_3858300,clinical: close-up,Benign,BKL,BKL
ISIC_7174866,IL_2371687,clinical: close-up,Benign,NV,NV
ISIC_7176018,IL_0773953,clinical: close-up,Malignant,BCC,BCC
ISIC_7176434,IL_2045312,dermoscopic,Benign,BKL,BKL
ISIC_7176466,IL_1906171,dermoscopic,Benign,NV,NV
ISIC_7179951,IL_9216457,clinical: close-up,Malignant,BCC,BCC
ISIC_7179957,IL_5576993,clinical: close-up,Benign,NV,NV
ISIC_7184100,IL_0091633,clinical: close-up,Malignant,BCC,BCC
ISIC_7185462,IL_5657022,clinical: close-up,Malignant,BCC,BCC
ISIC_7185513,IL_8421292,clinical: close-up,Malignant,BCC,BCC
ISIC_7188142,IL_2239570,clinical: close-up,Malignant,BCC,BCC
ISIC_7189150,IL_2547108,clinical: close-up,Malignant,BCC,BCC
ISIC_7193606,IL_6765370,dermoscopic,Malignant,BCC,BCC
ISIC_7194453,IL_3772010,dermoscopic,Malignant,MAL_OTH,OTHER
ISIC_7196937,IL_6679773,dermoscopic,Malignant,BCC,BCC
ISIC_7196976,IL_4896653,clinical: close-up,Benign,BKL,BKL
ISIC_7197136,IL_5161470,clinical: close-up,Benign,NV,NV
ISIC_7197327,IL_0474347,clinical: close-up,Malignant,SCCKA,SCCKA
ISIC_7198657,IL_5697539,dermoscopic,Indeterminate,AKIEC,AKIEC
ISIC_7198900,IL_9727677,dermoscopic,Benign,NV,NV
ISIC_7200189,IL_3830097,clinical: close-up,Malignant,BCC,BCC
ISIC_7200761,IL_1478833,dermoscopic,Malignant,MEL,MEL
ISIC_7201198,IL_3423821,dermoscopic,Benign,NV,NV
ISIC_7201806,IL_0867895,clinical: close-up,Malignant,BCC,BCC
ISIC_7202617,IL_7237859,clinical: close-up,Benign,NV,NV
ISIC_7204351,IL_9249618,clinical: close-up,Benign,NV,NV
ISIC_7204645,IL_5836381,dermoscopic,Malignant,BCC,BCC
ISIC_7206020,IL_3301980,dermoscopic,Malignant,BCC,BCC
ISIC_7206161,IL_9880889,clinical: close-up,Benign,NV,NV
ISIC_7206801,IL_3562985,dermoscopic,Malignant,SCCKA,SCCKA
ISIC_7208631,IL_2998977,dermoscopic,Malignant,BCC,BCC
ISIC_7209186,IL_7571099,clinical: close-up,Malignant,BCC,BCC
ISIC_7209964,IL_3559203,dermoscopic,Malignant,BCC,BCC
ISIC_7213515,IL_0012199,dermoscopic,Malignant,SCCKA,SCCKA
ISIC_7214986,IL_8808528,dermoscopic,Malignant,MEL,MEL
ISIC_7216047,IL_7974565,clinical: close-up,Benign,BKL,BKL
ISIC_7216810,IL_1840884,dermoscopic,Malignant,BCC,BCC
ISIC_7217395,IL_9179227,dermoscopic,Malignant,BCC,BCC
ISIC_7218635,IL_4336969,dermoscopic,Malignant,AKIEC,AKIEC
ISIC_7221017,IL_3260331,clinical: close-up,Indeterminate,AKIEC,AKIEC
ISIC_7222742,IL_3312437,dermoscopic,Benign,NV,NV
ISIC_7225132,IL_9737107,clinical: close-up,Benign,NV,NV
ISIC_7226778,IL_4686561,dermoscopic,Malignant,BCC,BCC
ISIC_7227276,IL_1936294,clinical: close-up,Malignant,BCC,BCC
ISIC_7227677,IL_6728054,dermoscopic,Malignant,MEL,MEL
ISIC_7227895,IL_2962175,clinical: close-up,Benign,VASC,VASC
ISIC_7230569,IL_4347033,dermoscopic,Benign,NV,NV
ISIC_7231430,IL_6369359,clinical: close-up,Malignant,MEL,MEL
ISIC_7231732,IL_0974592,dermoscopic,Benign,NV,NV
ISIC_7235077,IL_8283182,dermoscopic,Malignant,SCCKA,SCCKA
ISIC_7236747,IL_5508020,clinical: close-up,Malignant,BCC,BCC
ISIC_7238849,IL_9565203,dermoscopic,Benign,BKL,BKL
ISIC_7239055,IL_9624462,clinical: close-up,Benign,DF,DF
ISIC_7241087,IL_6940421,clinical: close-up,Malignant,BCC,BCC
ISIC_7241294,IL_8507702,dermoscopic,Benign,BKL,BKL
ISIC_7242284,IL_8549030,dermoscopic,Benign,NV,NV
ISIC_7243195,IL_6084143,dermoscopic,Benign,NV,NV
ISIC_7243320,IL_6289320,dermoscopic,Malignant,SCCKA,SCCKA
ISIC_7243372,IL_5419004,dermoscopic,Malignant,SCCKA,SCCKA
ISIC_7243538,IL_9994739,clinical: close-up,Malignant,SCCKA,SCCKA
ISIC_7246920,IL_8590734,clinical: close-up,Benign,BKL,BKL
ISIC_7247605,IL_7738842,clinical: close-up,Malignant,BCC,BCC
ISIC_7248341,IL_7534180,clinical: close-up,Malignant,BCC,BCC
ISIC_7250021,IL_3778802,clinical: close-up,Benign,NV,NV
ISIC_7251011,IL_5612108,dermoscopic,Malignant,BCC,BCC
ISIC_7251638,IL_3472357,dermoscopic,Malignant,BCC,BCC
ISIC_7256008,IL_2522638,dermoscopic,Benign,NV,NV
ISIC_7256290,IL_5770748,clinical: close-up,Malignant,BCC,BCC
ISIC_7256474,IL_8389564,clinical: close-up,Malignant,BCC,BCC
ISIC_7259000,IL_9087461,dermoscopic,Malignant,SCCKA,SCCKA
ISIC_7261525,IL_1501227,dermoscopic,Malignant,BCC,BCC
ISIC_7263241,IL_2988717,clinical: close-up,Benign,BKL,BKL
ISIC_7265211,IL_9962218,dermoscopic,Malignant,BCC,BCC
ISIC_7268085,IL_7900127,clinical: close-up,Malignant,BCC,BCC
ISIC_7271415,IL_5285305,clinical: close-up,Malignant,SCCKA,SCCKA
ISIC_7271787,IL_0387507,dermoscopic,Malignant,SCCKA,SCCKA
ISIC_7272469,IL_1038225,dermoscopic,Benign,NV,NV
ISIC_7272721,IL_6455280,dermoscopic,Malignant,BCC,BCC
ISIC_7273308,IL_7740320,clinical: close-up,Benign,DF,DF
ISIC_7273374,IL_3559217,clinical: close-up,Benign,NV,NV
ISIC_7273851,IL_0549977,clinical: close-up,Malignant,BCC,BCC
ISIC_7274523,IL_7627926,dermoscopic,Malignant,AKIEC,AKIEC
ISIC_7275427,IL_3487572,clinical: close-up,Malignant,SCCKA,SCCKA
ISIC_7276894,IL_6649542,clinical: close-up,Malignant,BCC,BCC
ISIC_7277605,IL_8647582,clinical: close-up,Benign,BKL,BKL
ISIC_7278376,IL_0662515,dermoscopic,Benign,NV,NV
ISIC_7278380,IL_9925364,clinical: close-up,Malignant,BCC,BCC
ISIC_7278817,IL_2276592,dermoscopic,Malignant,BCC,BCC
ISIC_7280473,IL_3023010,dermoscopic,Malignant,MEL,MEL
ISIC_7283446,IL_7972965,clinical: close-up,Malignant,SCCKA,SCCKA
ISIC_7283528,IL_4799699,dermoscopic,Malignant,BCC,BCC
ISIC_7284546,IL_4859136,dermoscopic,Malignant,BCC,BCC
ISIC_7285238,IL_2096474,clinical: close-up,Malignant,SCCKA,SCCKA
ISIC_7285901,IL_5304581,dermoscopic,Benign,NV,NV
ISIC_7286255,IL_7074375,clinical: close-up,Malignant,BCC,BCC
ISIC_7287192,IL_9086799,clinical: close-up,Malignant,SCCKA,SCCKA
ISIC_7288734,IL_6783933,dermoscopic,Malignant,BCC,BCC
ISIC_7289001,IL_0246803,dermoscopic,Malignant,BCC,BCC
ISIC_7289828,IL_9352958,dermoscopic,Malignant,SCCKA,SCCKA
ISIC_7291783,IL_8050386,clinical: close-up,Malignant,BCC,BCC
ISIC_7292116,IL_7483628,dermoscopic,Malignant,BCC,BCC
ISIC_7294780,IL_5780931,clinical: close-up,Benign,NV,NV
ISIC_7297776,IL_1448486,dermoscopic,Malignant,BCC,BCC
ISIC_7298204,IL_0963909,dermoscopic,Malignant,AKIEC,AKIEC
ISIC_7302180,IL_7130960,dermoscopic,Benign,NV,NV
ISIC_7303630,IL_0858380,dermoscopic,Malignant,MEL,MEL
ISIC_7303727,IL_5179568,dermoscopic,Benign,BKL,BKL
ISIC_7304468,IL_3603601,clinical: close-up,Indeterminate,AKIEC,AKIEC
ISIC_7304569,IL_7948883,clinical: close-up,Benign,INF,INF
ISIC_7305201,IL_9904066,dermoscopic,Malignant,BCC,BCC
ISIC_7308766,IL_0787420,clinical: close-up,Malignant,MEL,MEL
ISIC_7308959,IL_6503105,dermoscopic,Malignant,MEL,MEL
ISIC_7311133,IL_1535763,dermoscopic,Malignant,SCCKA,SCCKA
ISIC_7312960,IL_3987209,dermoscopic,Malignant,SCCKA,SCCKA
ISIC_7313587,IL_3154497,clinical: close-up,Malignant,BCC,BCC
ISIC_7315517,IL_5564093,dermoscopic,Malignant,BCC,BCC
ISIC_7319186,IL_6032106,dermoscopic,Malignant,BCC,BCC
ISIC_7319315,IL_8971740,clinical: close-up,Benign,BEN_OTH,OTHER
ISIC_7319337,IL_3879916,clinical: close-up,Malignant,AKIEC,AKIEC
ISIC_7319361,IL_5091814,dermoscopic,Malignant,BCC,BCC
ISIC_7320560,IL_9516573,dermoscopic,Malignant,MEL,MEL
ISIC_7322599,IL_1549960,dermoscopic,Benign,NV,NV
ISIC_7325787,IL_6498417,clinical: close-up,Malignant,BCC,BCC
ISIC_7325830,IL_7948300,clinical: close-up,Malignant,BCC,BCC
ISIC_7328549,IL_9251474,clinical: close-up,Benign,NV,NV
ISIC_7330767,IL_3196710,clinical: close-up,Malignant,BCC,BCC
ISIC_7332242,IL_7213317,dermoscopic,Malignant,SCCKA,SCCKA
ISIC_7334834,IL_9292701,clinical: close-up,Malignant,SCCKA,SCCKA
ISIC_7335595,IL_1512724,dermoscopic,Benign,NV,NV
ISIC_7335684,IL_6686200,clinical: close-up,Malignant,BCC,BCC
ISIC_7335701,IL_0137493,clinical: close-up,Malignant,BCC,BCC
ISIC_7337805,IL_2750641,clinical: close-up,Malignant,BCC,BCC
ISIC_7339771,IL_2248531,clinical: close-up,Malignant,BCC,BCC
ISIC_7339834,IL_0873874,clinical: close-up,Malignant,BCC,BCC
ISIC_7342682,IL_1367516,clinical: close-up,Malignant,SCCKA,SCCKA
ISIC_7343249,IL_0402026,clinical: close-up,Malignant,SCCKA,SCCKA
ISIC_7345682,IL_5421067,dermoscopic,Malignant,BCC,BCC
ISIC_7345955,IL_5576259,clinical: close-up,Malignant,BCC,BCC
ISIC_7347180,IL_8800243,dermoscopic,Malignant,BCC,BCC
ISIC_7351010,IL_8108938,dermoscopic,Malignant,BCC,BCC
ISIC_7356122,IL_7165616,dermoscopic,Indeterminate,AKIEC,AKIEC
ISIC_7357556,IL_9413629,clinical: close-up,Benign,DF,DF
ISIC_7358947,IL_3295826,clinical: close-up,Benign,BKL,BKL
ISIC_7362585,IL_1259120,dermoscopic,Malignant,BCC,BCC
ISIC_7363553,IL_5574857,clinical: close-up,Benign,NV,NV
ISIC_7364575,IL_2027967,clinical: close-up,Malignant,BCC,BCC
ISIC_7365593,IL_8983305,dermoscopic,Malignant,BCC,BCC
ISIC_7368174,IL_3837835,clinical: close-up,Malignant,BCC,BCC
ISIC_7370552,IL_3876591,dermoscopic,Malignant,BCC,BCC
ISIC_7370617,IL_9732518,clinical: close-up,Malignant,BCC,BCC
ISIC_7372306,IL_7390451,dermoscopic,Malignant,BCC,BCC
ISIC_7372500,IL_3447838,dermoscopic,Benign,BKL,BKL
ISIC_7374190,IL_9180201,dermoscopic,Malignant,BCC,BCC
ISIC_7374719,IL_1911635,dermoscopic,Malignant,BCC,BCC
ISIC_7375111,IL_8247508,clinical: close-up,Malignant,BCC,BCC
ISIC_7376317,IL_2272404,clinical: close-up,Benign,NV,NV
ISIC_7377119,IL_8324597,dermoscopic,Malignant,BCC,BCC
ISIC_7377969,IL_0692999,clinical: close-up,Malignant,BCC,BCC
ISIC_7381334,IL_0201884,clinical: close-up,Benign,BKL,BKL
ISIC_7381608,IL_7825676,dermoscopic,Malignant,SCCKA,SCCKA
ISIC_7382992,IL_4614364,dermoscopic,Malignant,SCCKA,SCCKA
ISIC_7383105,IL_0972770,clinical: close-up,Benign,INF,INF
ISIC_7384185,IL_1818431,clinical: close-up,Malignant,BCC,BCC
ISIC_7384502,IL_6035719,clinical: close-up,Malignant,BCC,BCC
ISIC_7384530,IL_7857682,dermoscopic,Benign,NV,NV
ISIC_7385775,IL_0225213,clinical: close-up,Malignant,BCC,BCC
ISIC_7388680,IL_1303481,dermoscopic,Malignant,SCCKA,SCCKA
ISIC_7390604,IL_1311157,clinical: close-up,Malignant,BCC,BCC
ISIC_7390977,IL_4446181,dermoscopic,Malignant,MEL,MEL
ISIC_7391014,IL_7217453,dermoscopic,Benign,NV,NV
ISIC_7392473,IL_3026387,clinical: close-up,Malignant,BCC,BCC
ISIC_7394783,IL_3908552,dermoscopic,Malignant,BCC,BCC
ISIC_7395651,IL_6893895,clinical: close-up,Malignant,SCCKA,SCCKA
ISIC_7396327,IL_8147513,clinical: close-up,Benign,NV,NV
ISIC_7396751,IL_7781007,dermoscopic,Malignant,BCC,BCC
ISIC_7397137,IL_9383072,dermoscopic,Malignant,BCC,BCC
ISIC_7398112,IL_3259984,clinical: close-up,Malignant,BCC,BCC
ISIC_7399251,IL_8803533,clinical: close-up,Malignant,SCCKA,SCCKA
ISIC_7401818,IL_8653374,dermoscopic,Malignant,BCC,BCC
ISIC_7402642,IL_5111323,dermoscopic,Malignant,MEL,MEL
ISIC_7403025,IL_4720043,clinical: close-up,Malignant,MEL,MEL
ISIC_7403204,IL_3636394,clinical: close-up,Malignant,MEL,MEL
ISIC_7405877,IL_0110620,clinical: close-up,Indeterminate,AKIEC,AKIEC
ISIC_7406916,IL_7728515,clinical: close-up,Malignant,MEL,MEL
ISIC_7408729,IL_2577836,clinical: close-up,Malignant,SCCKA,SCCKA
ISIC_7409855,IL_8010976,dermoscopic,Malignant,BCC,BCC
ISIC_7411878,IL_0607398,clinical: close-up,Malignant,AKIEC,AKIEC
ISIC_7413595,IL_9313120,dermoscopic,Malignant,BCC,BCC
ISIC_7414517,IL_4125951,dermoscopic,Malignant,BCC,BCC
ISIC_7415373,IL_0478120,dermoscopic,Malignant,SCCKA,SCCKA
ISIC_7415657,IL_2474779,clinical: close-up,Malignant,BCC,BCC
ISIC_7417921,IL_3065371,clinical: close-up,Malignant,BCC,BCC
ISIC_7420218,IL_8445981,clinical: close-up,Malignant,BCC,BCC
ISIC_7424118,IL_6362579,dermoscopic,Malignant,SCCKA,SCCKA
ISIC_7425508,IL_3531098,dermoscopic,Malignant,SCCKA,SCCKA
ISIC_7425846,IL_5017325,dermoscopic,Malignant,BCC,BCC
ISIC_7426470,IL_6181794,dermoscopic,Malignant,BCC,BCC
ISIC_7431526,IL_3488332,clinical: close-up,Malignant,BCC,BCC
ISIC_7434007,IL_5610769,clinical: close-up,Malignant,SCCKA,SCCKA
ISIC_7434343,IL_5704362,dermoscopic,Malignant,AKIEC,AKIEC
ISIC_7434803,IL_8401362,clinical: close-up,Benign,NV,NV
ISIC_7434991,IL_6627876,clinical: close-up,Malignant,BCC,BCC
ISIC_7435742,IL_8604901,clinical: close-up,Malignant,BCC,BCC
ISIC_7435897,IL_4355798,clinical: close-up,Malignant,BCC,BCC
ISIC_7436110,IL_6305050,dermoscopic,Benign,NV,NV
ISIC_7436139,IL_3954142,dermoscopic,Benign,INF,INF
ISIC_7441024,IL_6005068,dermoscopic,Malignant,BCC,BCC
ISIC_7442526,IL_2198915,dermoscopic,Malignant,SCCKA,SCCKA
ISIC_7445585,IL_9512629,clinical: close-up,Malignant,BCC,BCC
ISIC_7447177,IL_8588315,clinical: close-up,Malignant,MEL,MEL
ISIC_7447703,IL_9456591,clinical: close-up,Benign,BKL,BKL
ISIC_7450231,IL_5766426,dermoscopic,Malignant,MEL,MEL
ISIC_7451958,IL_4628367,dermoscopic,Malignant,BCC,BCC
ISIC_7452036,IL_9221055,clinical: close-up,Malignant,BCC,BCC
ISIC_7452466,IL_0960760,dermoscopic,Benign,NV,NV
ISIC_7453335,IL_2172033,clinical: close-up,Malignant,BCC,BCC
ISIC_7454892,IL_8583674,dermoscopic,Malignant,MEL,MEL
ISIC_7454975,IL_9624462,dermoscopic,Benign,DF,DF
ISIC_7458610,IL_7753719,dermoscopic,Malignant,BCC,BCC
ISIC_7459629,IL_5720105,clinical: close-up,Malignant,MEL,MEL
ISIC_7460585,IL_4008032,dermoscopic,Malignant,BCC,BCC
ISIC_7461810,IL_1839563,dermoscopic,Malignant,BCC,BCC
ISIC_7464024,IL_3143674,clinical: close-up,Malignant,BCC,BCC
ISIC_7464071,IL_1393183,dermoscopic,Malignant,BCC,BCC
ISIC_7465284,IL_0820879,clinical: close-up,Malignant,AKIEC,AKIEC
ISIC_7466654,IL_6918825,clinical: close-up,Malignant,BCC,BCC
ISIC_7466902,IL_6230080,clinical: close-up,Benign,VASC,VASC
ISIC_7467578,IL_5124334,clinical: close-up,Malignant,BCC,BCC
ISIC_7467595,IL_3221884,dermoscopic,Malignant,BCC,BCC
ISIC_7469260,IL_0682550,clinical: close-up,Benign,NV,NV
ISIC_7469563,IL_0520171,dermoscopic,Benign,BKL,BKL
ISIC_7472301,IL_8591988,dermoscopic,Malignant,BCC,BCC
ISIC_7473131,IL_8646739,dermoscopic,Malignant,BCC,BCC
ISIC_7474570,IL_0262742,dermoscopic,Indeterminate,AKIEC,AKIEC
ISIC_7475014,IL_2538278,clinical: close-up,Benign,BKL,BKL
ISIC_7475784,IL_2251689,clinical: close-up,Benign,NV,NV
ISIC_7478833,IL_6684225,dermoscopic,Malignant,BCC,BCC
ISIC_7479360,IL_7257549,clinical: close-up,Malignant,BCC,BCC
ISIC_7480455,IL_8109861,dermoscopic,Malignant,BCC,BCC
ISIC_7481650,IL_2771933,clinical: close-up,Malignant,BCC,BCC
ISIC_7482467,IL_1281940,dermoscopic,Malignant,BCC,BCC
ISIC_7483655,IL_8553410,dermoscopic,Malignant,BCC,BCC
ISIC_7484441,IL_5114359,clinical: close-up,Malignant,SCCKA,SCCKA
ISIC_7484955,IL_4705970,clinical: close-up,Malignant,BCC,BCC
ISIC_7485100,IL_2553098,clinical: close-up,Malignant,BCC,BCC
ISIC_7485318,IL_0321321,clinical: close-up,Malignant,BCC,BCC
ISIC_7485509,IL_3559372,clinical: close-up,Malignant,BCC,BCC
ISIC_7486855,IL_4225640,dermoscopic,Malignant,BCC,BCC
ISIC_7493882,IL_4686561,clinical: close-up,Malignant,BCC,BCC
ISIC_7493930,IL_4241056,clinical: close-up,Benign,NV,NV
ISIC_7495478,IL_6985784,clinical: close-up,Malignant,BCC,BCC
ISIC_7497017,IL_1356310,clinical: close-up,Malignant,BCC,BCC
ISIC_7500706,IL_1088813,clinical: close-up,Malignant,BCC,BCC
ISIC_7501779,IL_5100758,dermoscopic,Malignant,MEL,MEL
ISIC_7501825,IL_6947307,dermoscopic,Malignant,MEL,MEL
ISIC_7504526,IL_2915335,dermoscopic,Malignant,SCCKA,SCCKA
ISIC_7504717,IL_3307769,clinical: close-up,Malignant,SCCKA,SCCKA
ISIC_7505541,IL_9179021,clinical: close-up,Malignant,BCC,BCC
ISIC_7505667,IL_6393969,clinical: close-up,Benign,NV,NV
ISIC_7506601,IL_0668310,clinical: close-up,Benign,BKL,BKL
ISIC_7506634,IL_9485180,clinical: close-up,Malignant,BCC,BCC
ISIC_7507040,IL_6943395,dermoscopic,Malignant,BCC,BCC
ISIC_7507238,IL_9776504,dermoscopic,Malignant,BCC,BCC
ISIC_7507320,IL_6157998,clinical: close-up,Malignant,BCC,BCC
ISIC_7507858,IL_0091633,dermoscopic,Malignant,BCC,BCC
ISIC_7508643,IL_2747674,clinical: close-up,Malignant,MEL,MEL
ISIC_7509328,IL_0807184,dermoscopic,Indeterminate,AKIEC,AKIEC
ISIC_7509818,IL_2852064,clinical: close-up,Malignant,BCC,BCC
ISIC_7512177,IL_4642532,clinical: close-up,Malignant,BCC,BCC
ISIC_7514787,IL_9611587,dermoscopic,Malignant,BCC,BCC
ISIC_7516346,IL_1082732,dermoscopic,Benign,BKL,BKL
ISIC_7516657,IL_5909950,dermoscopic,Benign,VASC,VASC
ISIC_7517022,IL_7363229,dermoscopic,Malignant,BCC,BCC
ISIC_7518317,IL_5069726,clinical: close-up,Malignant,BCC,BCC
ISIC_7520189,IL_0630515,clinical: close-up,Benign,NV,NV
ISIC_7520217,IL_1821378,dermoscopic,Malignant,BCC,BCC
ISIC_7522059,IL_3730515,clinical: close-up,Malignant,BCC,BCC
ISIC_7522141,IL_3406268,clinical: close-up,Malignant,BCC,BCC
ISIC_7522903,IL_1658282,clinical: close-up,Malignant,BCC,BCC
ISIC_7523078,IL_3065625,dermoscopic,Benign,NV,NV
ISIC_7527340,IL_9274006,clinical: close-up,Benign,BEN_OTH,OTHER
ISIC_7527742,IL_4095279,dermoscopic,Malignant,BCC,BCC
ISIC_7529554,IL_2178122,dermoscopic,Malignant,BCC,BCC
ISIC_7530101,IL_2670180,clinical: close-up,Malignant,SCCKA,SCCKA
ISIC_7531562,IL_1873832,dermoscopic,Benign,NV,NV
ISIC_7531601,IL_2943646,dermoscopic,Malignant,BCC,BCC
ISIC_7533028,IL_3884750,clinical: close-up,Malignant,BCC,BCC
ISIC_7534938,IL_2403428,clinical: close-up,Malignant,BCC,BCC
ISIC_7535027,IL_9603617,clinical: close-up,Malignant,AKIEC,AKIEC
ISIC_7535768,IL_8894950,dermoscopic,Malignant,BCC,BCC
ISIC_7535873,IL_6527542,clinical: close-up,Malignant,BCC,BCC
ISIC_7537434,IL_5764596,dermoscopic,Malignant,BCC,BCC
ISIC_7541597,IL_3082465,clinical: close-up,Benign,BKL,BKL
ISIC_7542892,IL_5931575,clinical: close-up,Malignant,BCC,BCC
ISIC_7544069,IL_3559217,dermoscopic,Benign,NV,NV
ISIC_7546221,IL_4705970,dermoscopic,Malignant,BCC,BCC
ISIC_7546528,IL_8277688,clinical: close-up,Benign,BKL,BKL
ISIC_7547412,IL_9130306,clinical: close-up,Benign,NV,NV
ISIC_7547900,IL_8631628,dermoscopic,Indeterminate,AKIEC,AKIEC
ISIC_7548109,IL_2315755,clinical: close-up,Malignant,MEL,MEL
ISIC_7548342,IL_8588315,dermoscopic,Malignant,MEL,MEL
ISIC_7548850,IL_9656479,dermoscopic,Malignant,SCCKA,SCCKA
ISIC_7550834,IL_1861760,clinical: close-up,Benign,DF,DF
ISIC_7550843,IL_7075634,clinical: close-up,Benign,BEN_OTH,OTHER
ISIC_7551222,IL_5345860,clinical: close-up,Malignant,BCC,BCC
ISIC_7553451,IL_3949779,clinical: close-up,Malignant,BCC,BCC
ISIC_7555202,IL_5084556,clinical: close-up,Malignant,SCCKA,SCCKA
ISIC_7555988,IL_2921214,dermoscopic,Benign,BKL,BKL
ISIC_7557765,IL_0455273,clinical: close-up,Benign,NV,NV
ISIC_7559808,IL_1618777,clinical: close-up,Benign,BKL,BKL
ISIC_7560911,IL_2740956,clinical: close-up,Malignant,BCC,BCC
ISIC_7562678,IL_4055680,dermoscopic,Malignant,BCC,BCC
ISIC_7563152,IL_3148585,dermoscopic,Benign,BKL,BKL
ISIC_7563753,IL_1843945,clinical: close-up,Malignant,BCC,BCC
ISIC_7563945,IL_2072035,clinical: close-up,Malignant,BCC,BCC
ISIC_7566277,IL_5310552,clinical: close-up,Benign,NV,NV
ISIC_7566402,IL_0825949,clinical: close-up,Malignant,BCC,BCC
ISIC_7567880,IL_4332595,clinical: close-up,Malignant,BCC,BCC
ISIC_7571181,IL_5568661,clinical: close-up,Malignant,BCC,BCC
ISIC_7579556,IL_9763780,clinical: close-up,Benign,BKL,BKL
ISIC_7580736,IL_5210495,dermoscopic,Malignant,BCC,BCC
ISIC_7582667,IL_6194887,dermoscopic,Malignant,BCC,BCC
ISIC_7583370,IL_8482465,dermoscopic,Malignant,BCC,BCC
ISIC_7584393,IL_5422211,dermoscopic,Malignant,BCC,BCC
ISIC_7588660,IL_7062666,dermoscopic,Malignant,BCC,BCC
ISIC_7588773,IL_2888041,clinical: close-up,Indeterminate,AKIEC,AKIEC
ISIC_7588984,IL_9542018,clinical: close-up,Malignant,BCC,BCC
ISIC_7589454,IL_5708693,dermoscopic,Malignant,BCC,BCC
ISIC_7590490,IL_5017346,clinical: close-up,Benign,INF,INF
ISIC_7592017,IL_1644397,dermoscopic,Malignant,BCC,BCC
ISIC_7595404,IL_5247535,clinical: close-up,Benign,BKL,BKL
ISIC_7600832,IL_8845602,clinical: close-up,Malignant,BCC,BCC
ISIC_7602538,IL_5044233,dermoscopic,Benign,VASC,VASC
ISIC_7604483,IL_2735586,clinical: close-up,Benign,BKL,BKL
ISIC_7604705,IL_1239256,dermoscopic,Malignant,SCCKA,SCCKA
ISIC_7605546,IL_4976689,clinical: close-up,Malignant,SCCKA,SCCKA
ISIC_7608693,IL_5386138,clinical: close-up,Malignant,BCC,BCC
ISIC_7614085,IL_9840825,dermoscopic,Malignant,SCCKA,SCCKA
ISIC_7614845,IL_1606035,dermoscopic,Malignant,SCCKA,SCCKA
ISIC_7615926,IL_3151519,dermoscopic,Malignant,MEL,MEL
ISIC_7616494,IL_7291887,clinical: close-up,Malignant,BCC,BCC
ISIC_7618809,IL_9691364,dermoscopic,Malignant,BCC,BCC
ISIC_7619664,IL_5814206,dermoscopic,Malignant,BCC,BCC
ISIC_7621482,IL_8465058,dermoscopic,Malignant,BCC,BCC
ISIC_7624779,IL_1858376,dermoscopic,Malignant,SCCKA,SCCKA
ISIC_7626679,IL_7397466,clinical: close-up,Benign,NV,NV
ISIC_7627574,IL_0770460,clinical: close-up,Malignant,BCC,BCC
ISIC_7627853,IL_1794572,clinical: close-up,Malignant,BCC,BCC
ISIC_7629062,IL_2582218,dermoscopic,Malignant,BCC,BCC
ISIC_7629948,IL_7842588,dermoscopic,Benign,BKL,BKL
ISIC_7630309,IL_1273535,dermoscopic,Benign,BKL,BKL
ISIC_7631504,IL_6093082,dermoscopic,Malignant,BCC,BCC
ISIC_7632213,IL_7219424,clinical: close-up,Malignant,BCC,BCC
ISIC_7635285,IL_5252859,clinical: close-up,Indeterminate,AKIEC,AKIEC
ISIC_7637914,IL_8179486,clinical: close-up,Malignant,SCCKA,SCCKA
ISIC_7638974,IL_4512355,dermoscopic,Malignant,MEL,MEL
ISIC_7640631,IL_7621728,dermoscopic,Malignant,MEL,MEL
ISIC_7642963,IL_2328480,clinical: close-up,Malignant,BCC,BCC
ISIC_7643593,IL_8229395,dermoscopic,Malignant,MEL,MEL
ISIC_7644369,IL_2328375,dermoscopic,Malignant,BCC,BCC
ISIC_7645646,IL_6639439,clinical: close-up,Malignant,BCC,BCC
ISIC_7645755,IL_6462004,dermoscopic,Malignant,SCCKA,SCCKA
ISIC_7646924,IL_7642375,dermoscopic,Benign,VASC,VASC
ISIC_7647531,IL_4703857,clinical: close-up,Malignant,BCC,BCC
ISIC_7648987,IL_6890613,clinical: close-up,Malignant,BCC,BCC
ISIC_7650091,IL_8001896,clinical: close-up,Malignant,BCC,BCC
ISIC_7652679,IL_6462004,clinical: close-up,Malignant,SCCKA,SCCKA
ISIC_7652703,IL_4010567,clinical: close-up,Malignant,BCC,BCC
ISIC_7653495,IL_4571173,clinical: close-up,Malignant,MEL,MEL
ISIC_7655648,IL_9250210,clinical: close-up,Benign,NV,NV
ISIC_7656588,IL_3360591,dermoscopic,Malignant,SCCKA,SCCKA
ISIC_7656591,IL_1212389,dermoscopic,Malignant,MEL,MEL
ISIC_7657322,IL_4797529,dermoscopic,Malignant,MEL,MEL
ISIC_7661066,IL_0588456,clinical: close-up,Malignant,MEL,MEL
ISIC_7665103,IL_1470267,dermoscopic,Malignant,BCC,BCC
ISIC_7665860,IL_0355319,clinical: close-up,Malignant,BCC,BCC
ISIC_7668414,IL_7206391,dermoscopic,Malignant,BCC,BCC
ISIC_7669551,IL_8366708,clinical: close-up,Malignant,MEL,MEL
ISIC_7670015,IL_3323231,clinical: close-up,Malignant,MEL,MEL
ISIC_7670059,IL_1740059,clinical: close-up,Benign,VASC,VASC
ISIC_7671344,IL_5400506,clinical: close-up,Benign,NV,NV
ISIC_7672873,IL_6583801,clinical: close-up,Benign,BKL,BKL
ISIC_7675736,IL_8714765,dermoscopic,Benign,BKL,BKL
ISIC_7676731,IL_0956761,clinical: close-up,Malignant,BCC,BCC
ISIC_7677176,IL_1858834,dermoscopic,Malignant,BCC,BCC
ISIC_7681010,IL_5302007,dermoscopic,Malignant,AKIEC,AKIEC
ISIC_7682533,IL_5844745,dermoscopic,Malignant,MEL,MEL
ISIC_7687096,IL_9102116,clinical: close-up,Benign,NV,NV
ISIC_7687674,IL_9529350,dermoscopic,Malignant,SCCKA,SCCKA
ISIC_7692464,IL_1615908,dermoscopic,Benign,NV,NV
ISIC_7693768,IL_9773637,dermoscopic,Malignant,BCC,BCC
ISIC_7695782,IL_4363780,clinical: close-up,Benign,BKL,BKL
ISIC_7701592,IL_7818452,dermoscopic,Benign,NV,NV
ISIC_7701636,IL_9390250,clinical: close-up,Malignant,BCC,BCC
ISIC_7702191,IL_7735449,dermoscopic,Benign,NV,NV
ISIC_7705117,IL_5010876,dermoscopic,Malignant,AKIEC,AKIEC
ISIC_7706534,IL_8778181,clinical: close-up,Benign,NV,NV
ISIC_7708206,IL_8732835,clinical: close-up,Malignant,BCC,BCC
ISIC_7709002,IL_5314103,dermoscopic,Malignant,SCCKA,SCCKA
ISIC_7710765,IL_6195057,dermoscopic,Malignant,BCC,BCC
ISIC_7711626,IL_2983188,dermoscopic,Malignant,BCC,BCC
ISIC_7713794,IL_9150805,clinical: close-up,Indeterminate,AKIEC,AKIEC
ISIC_7717657,IL_6431723,clinical: close-up,Benign,NV,NV
ISIC_7718433,IL_6922157,clinical: close-up,Malignant,BCC,BCC
ISIC_7725065,IL_9255472,dermoscopic,Malignant,BCC,BCC
ISIC_7725581,IL_2190354,clinical: close-up,Malignant,BCC,BCC
ISIC_7726794,IL_4287867,dermoscopic,Malignant,AKIEC,AKIEC
ISIC_7727693,IL_4597676,clinical: close-up,Malignant,BCC,BCC
ISIC_7727795,IL_0966706,dermoscopic,Malignant,BCC,BCC
ISIC_7728329,IL_1263840,clinical: close-up,Malignant,BCC,BCC
ISIC_7729052,IL_9441829,dermoscopic,Malignant,BCC,BCC
ISIC_7731176,IL_2178122,clinical: close-up,Malignant,BCC,BCC
ISIC_7733305,IL_0134295,dermoscopic,Malignant,BCC,BCC
ISIC_7733845,IL_1684898,clinical: close-up,Malignant,BCC,BCC
ISIC_7733999,IL_2273712,dermoscopic,Malignant,MEL,MEL
ISIC_7734472,IL_7426204,dermoscopic,Malignant,BCC,BCC
ISIC_7735271,IL_6356620,clinical: close-up,Malignant,BCC,BCC
ISIC_7737513,IL_4177126,dermoscopic,Benign,BKL,BKL
ISIC_7742545,IL_7360885,dermoscopic,Malignant,SCCKA,SCCKA
ISIC_7744368,IL_1511744,clinical: close-up,Malignant,BCC,BCC
ISIC_7744790,IL_4907068,dermoscopic,Malignant,BCC,BCC
ISIC_7745161,IL_9730160,clinical: close-up,Malignant,BCC,BCC
ISIC_7745898,IL_7364791,clinical: close-up,Malignant,BCC,BCC
ISIC_7746558,IL_5569419,clinical: close-up,Benign,BKL,BKL
ISIC_7748940,IL_0306770,clinical: close-up,Malignant,BCC,BCC
ISIC_7748946,IL_3295228,clinical: close-up,Benign,NV,NV
ISIC_7749511,IL_7773272,dermoscopic,Malignant,SCCKA,SCCKA
ISIC_7749901,IL_9995614,dermoscopic,Malignant,MEL,MEL
ISIC_7752452,IL_3888766,dermoscopic,Malignant,BCC,BCC
ISIC_7753585,IL_5411298,dermoscopic,Malignant,BCC,BCC
ISIC_7754022,IL_1752331,dermoscopic,Malignant,BCC,BCC
ISIC_7755525,IL_6398771,clinical: close-up,Malignant,BCC,BCC
ISIC_7760822,IL_7364791,dermoscopic,Malignant,BCC,BCC
ISIC_7762277,IL_3245331,clinical: close-up,Indeterminate,AKIEC,AKIEC
ISIC_7763661,IL_7484711,dermoscopic,Malignant,BCC,BCC
ISIC_7765407,IL_4287867,clinical: close-up,Malignant,AKIEC,AKIEC
ISIC_7765747,IL_2408766,dermoscopic,Indeterminate,AKIEC,AKIEC
ISIC_7767475,IL_7372717,clinical: close-up,Benign,BKL,BKL
ISIC_7767729,IL_7975365,clinical: close-up,Benign,BKL,BKL
ISIC_7771236,IL_8466700,dermoscopic,Benign,NV,NV
ISIC_7774559,IL_6751385,dermoscopic,Malignant,SCCKA,SCCKA
ISIC_7774908,IL_3039363,dermoscopic,Malignant,BCC,BCC
ISIC_7775074,IL_5770748,dermoscopic,Malignant,BCC,BCC
ISIC_7775105,IL_7363444,clinical: close-up,Malignant,BCC,BCC
ISIC_7775899,IL_7956522,clinical: close-up,Benign,BKL,BKL
ISIC_7777861,IL_9224528,dermoscopic,Malignant,BCC,BCC
ISIC_7778161,IL_0098895,dermoscopic,Benign,NV,NV
ISIC_7778485,IL_1609531,clinical: close-up,Malignant,BCC,BCC
ISIC_7778901,IL_9783995,dermoscopic,Benign,VASC,VASC
ISIC_7779579,IL_9367343,dermoscopic,Malignant,BCC,BCC
ISIC_7780391,IL_9026324,clinical: close-up,Benign,BKL,BKL
ISIC_7780780,IL_7483628,clinical: close-up,Malignant,BCC,BCC
ISIC_7783388,IL_7776622,clinical: close-up,Benign,NV,NV
ISIC_7784358,IL_1882623,clinical: close-up,Malignant,BCC,BCC
ISIC_7784876,IL_2229268,dermoscopic,Malignant,MEL,MEL
ISIC_7785676,IL_3553236,dermoscopic,Malignant,MEL,MEL
ISIC_7788766,IL_7239273,dermoscopic,Malignant,BCC,BCC
ISIC_7789126,IL_2786216,clinical: close-up,Benign,NV,NV
ISIC_7789436,IL_7387291,clinical: close-up,Benign,NV,NV
ISIC_7789714,IL_3117847,clinical: close-up,Benign,NV,NV
ISIC_7789919,IL_1065532,clinical: close-up,Malignant,BCC,BCC
ISIC_7790823,IL_4796364,clinical: close-up,Benign,NV,NV
ISIC_7793370,IL_8653374,clinical: close-up,Malignant,BCC,BCC
ISIC_7793572,IL_7219424,dermoscopic,Malignant,BCC,BCC
ISIC_7794974,IL_6342379,dermoscopic,Malignant,BCC,BCC
ISIC_7798660,IL_7023343,dermoscopic,Benign,BKL,BKL
ISIC_7799008,IL_7629358,dermoscopic,Benign,NV,NV
ISIC_7799334,IL_2733872,dermoscopic,Malignant,BCC,BCC
ISIC_7799504,IL_6335975,dermoscopic,Malignant,BCC,BCC
ISIC_7801659,IL_3542015,clinical: close-up,Malignant,SCCKA,SCCKA
ISIC_7803268,IL_4175497,dermoscopic,Benign,INF,INF
ISIC_7803811,IL_9943627,clinical: close-up,Malignant,BCC,BCC
ISIC_7804815,IL_3256866,dermoscopic,Malignant,SCCKA,SCCKA
ISIC_7805529,IL_3368963,clinical: close-up,Malignant,BCC,BCC
ISIC_7805543,IL_8957515,clinical: close-up,Malignant,SCCKA,SCCKA
ISIC_7805699,IL_1575881,dermoscopic,Benign,NV,NV
ISIC_7805735,IL_4233206,dermoscopic,Benign,BKL,BKL
ISIC_7806816,IL_3165237,dermoscopic,Malignant,BCC,BCC
ISIC_7808755,IL_3582331,dermoscopic,Benign,NV,NV
ISIC_7809981,IL_9264602,clinical: close-up,Malignant,SCCKA,SCCKA
ISIC_7811672,IL_1404405,dermoscopic,Malignant,BCC,BCC
ISIC_7812213,IL_9167718,clinical: close-up,Malignant,BCC,BCC
ISIC_7812484,IL_3721335,dermoscopic,Benign,VASC,VASC
ISIC_7812529,IL_4563255,dermoscopic,Benign,NV,NV
ISIC_7816290,IL_5997841,clinical: close-up,Malignant,BCC,BCC
ISIC_7817656,IL_4470686,clinical: close-up,Benign,NV,NV
ISIC_7817884,IL_4255288,dermoscopic,Benign,NV,NV
ISIC_7819126,IL_8190930,dermoscopic,Malignant,BCC,BCC
ISIC_7820228,IL_6228849,clinical: close-up,Malignant,BCC,BCC
ISIC_7821426,IL_7136184,clinical: close-up,Benign,NV,NV
ISIC_7822239,IL_8646739,clinical: close-up,Malignant,BCC,BCC
ISIC_7822262,IL_3098678,clinical: close-up,Malignant,BCC,BCC
ISIC_7827973,IL_9245016,dermoscopic,Malignant,BCC,BCC
ISIC_7828218,IL_2497125,dermoscopic,Malignant,MEL,MEL
ISIC_7828331,IL_0322820,dermoscopic,Malignant,BCC,BCC
ISIC_7830070,IL_4396265,clinical: close-up,Malignant,BCC,BCC
ISIC_7832392,IL_1181749,dermoscopic,Malignant,SCCKA,SCCKA
ISIC_7834236,IL_3883867,clinical: close-up,Benign,NV,NV
ISIC_7835311,IL_4432216,clinical: close-up,Malignant,MEL,MEL
ISIC_7836451,IL_3154497,dermoscopic,Malignant,BCC,BCC
ISIC_7836855,IL_5645205,dermoscopic,Malignant,SCCKA,SCCKA
ISIC_7837278,IL_9814557,dermoscopic,Benign,BKL,BKL
ISIC_7838537,IL_8403780,dermoscopic,Malignant,BCC,BCC
ISIC_7839162,IL_2265683,dermoscopic,Malignant,MEL,MEL
ISIC_7841088,IL_3560124,dermoscopic,Benign,NV,NV
ISIC_7841785,IL_3357031,clinical: close-up,Malignant,BCC,BCC
ISIC_7843146,IL_9880197,dermoscopic,Benign,NV,NV
ISIC_7843276,IL_2717072,clinical: close-up,Indeterminate,AKIEC,AKIEC
ISIC_7844119,IL_8683855,clinical: close-up,Malignant,BCC,BCC
ISIC_7844519,IL_7748792,clinical: close-up,Benign,NV,NV
ISIC_7849398,IL_6166867,clinical: close-up,Malignant,SCCKA,SCCKA
ISIC_7849821,IL_7564566,clinical: close-up,Malignant,BCC,BCC
ISIC_7851081,IL_0819034,dermoscopic,Malignant,MEL,MEL
ISIC_7853005,IL_5832874,clinical: close-up,Malignant,SCCKA,SCCKA
ISIC_7854881,IL_6613281,dermoscopic,Malignant,BCC,BCC
ISIC_7857854,IL_5979940,clinical: close-up,Malignant,BCC,BCC
ISIC_7858765,IL_7213774,dermoscopic,Malignant,BCC,BCC
ISIC_7860232,IL_5311399,dermoscopic,Malignant,BCC,BCC
ISIC_7865678,IL_7308703,clinical: close-up,Benign,NV,NV
ISIC_7868177,IL_2752948,dermoscopic,Malignant,BCC,BCC
ISIC_7868229,IL_6439153,clinical: close-up,Malignant,BCC,BCC
ISIC_7869069,IL_2040419,dermoscopic,Malignant,BCC,BCC
ISIC_7870559,IL_9958247,dermoscopic,Malignant,MEL,MEL
ISIC_7871224,IL_9364150,dermoscopic,Malignant,BCC,BCC
ISIC_7872235,IL_5210495,clinical: close-up,Malignant,BCC,BCC
ISIC_7876146,IL_7943219,clinical: close-up,Benign,BKL,BKL
ISIC_7878572,IL_8834020,clinical: close-up,Malignant,BCC,BCC
ISIC_7878714,IL_1647212,dermoscopic,Malignant,BCC,BCC
ISIC_7880723,IL_8535419,dermoscopic,Malignant,BCC,BCC
ISIC_7882033,IL_5805980,dermoscopic,Malignant,BCC,BCC
ISIC_7882124,IL_9411177,clinical: close-up,Benign,NV,NV
ISIC_7882189,IL_3812776,clinical: close-up,Malignant,BCC,BCC
ISIC_7883260,IL_2403428,dermoscopic,Malignant,BCC,BCC
ISIC_7885691,IL_8903764,dermoscopic,Indeterminate,AKIEC,AKIEC
ISIC_7888608,IL_8540879,clinical: close-up,Benign,NV,NV
ISIC_7889192,IL_7833782,clinical: close-up,Malignant,BCC,BCC
ISIC_7889425,IL_6982257,dermoscopic,Benign,BKL,BKL
ISIC_7890222,IL_8869831,dermoscopic,Malignant,MEL,MEL
ISIC_7891302,IL_1821378,clinical: close-up,Malignant,BCC,BCC
ISIC_7893518,IL_5328451,dermoscopic,Malignant,MEL,MEL
ISIC_7894539,IL_3745397,clinical: close-up,Malignant,BCC,BCC
ISIC_7898573,IL_2432555,clinical: close-up,Malignant,BCC,BCC
ISIC_7898975,IL_8349712,clinical: close-up,Malignant,AKIEC,AKIEC
ISIC_7901805,IL_8168935,dermoscopic,Malignant,BCC,BCC
ISIC_7902320,IL_8861890,dermoscopic,Malignant,BCC,BCC
ISIC_7902533,IL_6762452,clinical: close-up,Malignant,BCC,BCC
ISIC_7902747,IL_8240105,dermoscopic,Malignant,BCC,BCC
ISIC_7904190,IL_8357154,clinical: close-up,Benign,BKL,BKL
ISIC_7905907,IL_0540027,clinical: close-up,Benign,NV,NV
ISIC_7905939,IL_6994946,clinical: close-up,Malignant,BCC,BCC
ISIC_7911067,IL_4446473,clinical: close-up,Indeterminate,AKIEC,AKIEC
ISIC_7911836,IL_3650065,clinical: close-up,Benign,INF,INF
ISIC_7912691,IL_2344576,dermoscopic,Benign,BKL,BKL
ISIC_7913268,IL_9150805,dermoscopic,Indeterminate,AKIEC,AKIEC
ISIC_7913691,IL_8193410,clinical: close-up,Malignant,BCC,BCC
ISIC_7915016,IL_8454481,dermoscopic,Malignant,BCC,BCC
ISIC_7916653,IL_5379548,dermoscopic,Malignant,BCC,BCC
ISIC_7916990,IL_8568128,clinical: close-up,Malignant,BCC,BCC
ISIC_7917060,IL_8142013,dermoscopic,Benign,NV,NV
ISIC_7917913,IL_5361790,dermoscopic,Benign,NV,NV
ISIC_7918518,IL_8692782,dermoscopic,Malignant,BCC,BCC
ISIC_7919661,IL_6783043,clinical: close-up,Malignant,BCC,BCC
ISIC_7919849,IL_5118297,clinical: close-up,Malignant,BCC,BCC
ISIC_7920017,IL_8208194,clinical: close-up,Malignant,SCCKA,SCCKA
ISIC_7921865,IL_7344766,dermoscopic,Malignant,SCCKA,SCCKA
ISIC_7922830,IL_1062117,dermoscopic,Malignant,MEL,MEL
ISIC_7925027,IL_8053107,clinical: close-up,Malignant,BCC,BCC
ISIC_7925520,IL_9101590,dermoscopic,Malignant,BCC,BCC
ISIC_7929528,IL_8679586,dermoscopic,Indeterminate,AKIEC,AKIEC
ISIC_7931784,IL_2718165,clinical: close-up,Indeterminate,AKIEC,AKIEC
ISIC_7931991,IL_9984501,clinical: close-up,Malignant,BCC,BCC
ISIC_7932712,IL_8482465,clinical: close-up,Malignant,BCC,BCC
ISIC_7933087,IL_5390577,clinical: close-up,Malignant,BCC,BCC
ISIC_7939416,IL_9925364,dermoscopic,Malignant,BCC,BCC
ISIC_7939427,IL_7828194,dermoscopic,Malignant,BCC,BCC
ISIC_7939458,IL_2466178,clinical: close-up,Malignant,BCC,BCC
ISIC_7939848,IL_9173239,dermoscopic,Malignant,BCC,BCC
ISIC_7941055,IL_0401155,dermoscopic,Benign,NV,NV
ISIC_7943627,IL_8219054,dermoscopic,Malignant,SCCKA,SCCKA
ISIC_7943939,IL_1623050,dermoscopic,Benign,BKL,BKL
ISIC_7945457,IL_1423650,dermoscopic,Benign,BKL,BKL
ISIC_7946501,IL_4088084,dermoscopic,Malignant,SCCKA,SCCKA
ISIC_7947601,IL_7961320,clinical: close-up,Malignant,BCC,BCC
ISIC_7949818,IL_1618148,dermoscopic,Malignant,BCC,BCC
ISIC_7951600,IL_3473944,dermoscopic,Malignant,SCCKA,SCCKA
ISIC_7952911,IL_2499143,clinical: close-up,Benign,BKL,BKL
ISIC_7953190,IL_7948300,dermoscopic,Malignant,BCC,BCC
ISIC_7954970,IL_0692999,dermoscopic,Malignant,BCC,BCC
ISIC_7956828,IL_7828194,clinical: close-up,Malignant,BCC,BCC
ISIC_7957331,IL_7198144,clinical: close-up,Malignant,BCC,BCC
ISIC_7957957,IL_5526388,dermoscopic,Malignant,AKIEC,AKIEC
ISIC_7960659,IL_6509109,clinical: close-up,Malignant,BCC,BCC
ISIC_7960741,IL_0401155,clinical: close-up,Benign,NV,NV
ISIC_7961515,IL_3651436,clinical: close-up,Malignant,BCC,BCC
ISIC_7964186,IL_3945386,clinical: close-up,Malignant,BCC,BCC
ISIC_7965278,IL_4507601,clinical: close-up,Malignant,BCC,BCC
ISIC_7970664,IL_9168364,clinical: close-up,Malignant,SCCKA,SCCKA
ISIC_7971759,IL_1387239,clinical: close-up,Malignant,BCC,BCC
ISIC_7971818,IL_9130901,clinical: close-up,Malignant,BCC,BCC
ISIC_7974271,IL_8604928,dermoscopic,Malignant,MEL,MEL
ISIC_7974788,IL_4402177,clinical: close-up,Malignant,BCC,BCC
ISIC_7974869,IL_8570577,dermoscopic,Benign,NV,NV
ISIC_7977369,IL_3060691,clinical: close-up,Malignant,BCC,BCC
ISIC_7981707,IL_3098678,dermoscopic,Malignant,BCC,BCC
ISIC_7982443,IL_4635992,dermoscopic,Benign,NV,NV
ISIC_7982662,IL_0877533,clinical: close-up,Malignant,MEL,MEL
ISIC_7983538,IL_3656714,dermoscopic,Malignant,BCC,BCC
ISIC_7985297,IL_2574343,clinical: close-up,Malignant,SCCKA,SCCKA
ISIC_7986295,IL_4066034,dermoscopic,Malignant,BCC,BCC
ISIC_7987042,IL_6820172,dermoscopic,Benign,NV,NV
ISIC_7987908,IL_8540879,dermoscopic,Benign,NV,NV
ISIC_7989237,IL_2107598,clinical: close-up,Benign,BKL,BKL
ISIC_7989453,IL_2730356,dermoscopic,Malignant,BCC,BCC
ISIC_7989475,IL_8584799,clinical: close-up,Malignant,BCC,BCC
ISIC_7991063,IL_3493081,clinical: close-up,Benign,NV,NV
ISIC_7991319,IL_6767086,dermoscopic,Malignant,BCC,BCC
ISIC_7991773,IL_9659963,dermoscopic,Malignant,BCC,BCC
ISIC_7992749,IL_3742523,clinical: close-up,Malignant,SCCKA,SCCKA
ISIC_7993187,IL_0949755,clinical: close-up,Malignant,BCC,BCC
ISIC_7993222,IL_2546543,dermoscopic,Malignant,BCC,BCC
ISIC_7994643,IL_3844100,dermoscopic,Malignant,SCCKA,SCCKA
ISIC_7996471,IL_1442151,clinical: close-up,Benign,NV,NV
ISIC_8000351,IL_0449677,clinical: close-up,Benign,NV,NV
ISIC_8001737,IL_6390381,dermoscopic,Indeterminate,AKIEC,AKIEC
ISIC_8002362,IL_5709842,dermoscopic,Benign,NV,NV
ISIC_8005759,IL_4966664,dermoscopic,Benign,BKL,BKL
ISIC_8006314,IL_5797843,dermoscopic,Malignant,BCC,BCC
ISIC_8011910,IL_3657204,dermoscopic,Malignant,BCC,BCC
ISIC_8012264,IL_1057711,dermoscopic,Benign,NV,NV
ISIC_8015399,IL_0076321,dermoscopic,Benign,NV,NV
ISIC_8015470,IL_9003508,clinical: close-up,Malignant,MEL,MEL
ISIC_8016561,IL_4128851,clinical: close-up,Benign,BKL,BKL
ISIC_8020470,IL_5363044,dermoscopic,Benign,VASC,VASC
ISIC_8020571,IL_2442202,dermoscopic,Malignant,SCCKA,SCCKA
ISIC_8021491,IL_4639919,dermoscopic,Malignant,SCCKA,SCCKA
ISIC_8022914,IL_6555655,clinical: close-up,Malignant,BCC,BCC
ISIC_8023105,IL_5167045,dermoscopic,Malignant,BCC,BCC
ISIC_8024502,IL_4133123,clinical: close-up,Benign,DF,DF
ISIC_8025582,IL_7639088,dermoscopic,Malignant,AKIEC,AKIEC
ISIC_8026822,IL_6660376,dermoscopic,Malignant,MEL,MEL
ISIC_8028890,IL_9266140,dermoscopic,Benign,BKL,BKL
ISIC_8032730,IL_2659393,clinical: close-up,Malignant,BCC,BCC
ISIC_8033561,IL_6003876,clinical: close-up,Malignant,BCC,BCC
ISIC_8038275,IL_6618073,clinical: close-up,Benign,NV,NV
ISIC_8038497,IL_7540497,dermoscopic,Malignant,BCC,BCC
ISIC_8039873,IL_8631628,clinical: close-up,Indeterminate,AKIEC,AKIEC
ISIC_8040056,IL_7748792,dermoscopic,Benign,NV,NV
ISIC_8041130,IL_3561998,dermoscopic,Malignant,BCC,BCC
ISIC_8042747,IL_5469172,dermoscopic,Malignant,BCC,BCC
ISIC_8042886,IL_0971210,dermoscopic,Malignant,BCC,BCC
ISIC_8042946,IL_4530346,clinical: close-up,Malignant,BCC,BCC
ISIC_8044922,IL_6862607,clinical: close-up,Malignant,MEL,MEL
ISIC_8046525,IL_7871086,clinical: close-up,Malignant,BCC,BCC
ISIC_8052679,IL_1840884,clinical: close-up,Malignant,BCC,BCC
ISIC_8052859,IL_5283684,dermoscopic,Malignant,BCC,BCC
ISIC_8053804,IL_9614802,dermoscopic,Malignant,SCCKA,SCCKA
ISIC_8058034,IL_6967466,dermoscopic,Indeterminate,AKIEC,AKIEC
ISIC_8060479,IL_1843719,dermoscopic,Malignant,BCC,BCC
ISIC_8060774,IL_1763474,clinical: close-up,Malignant,BCC,BCC
ISIC_8063764,IL_5192091,clinical: close-up,Malignant,BCC,BCC
ISIC_8064335,IL_5676990,clinical: close-up,Malignant,BCC,BCC
ISIC_8064864,IL_1577299,clinical: close-up,Malignant,AKIEC,AKIEC
ISIC_8068926,IL_3914396,dermoscopic,Malignant,BCC,BCC
ISIC_8069305,IL_2451092,clinical: close-up,Malignant,BCC,BCC
ISIC_8070587,IL_3908552,clinical: close-up,Malignant,BCC,BCC
ISIC_8071918,IL_6368595,dermoscopic,Benign,BKL,BKL
ISIC_8072870,IL_6877500,dermoscopic,Benign,NV,NV
ISIC_8073921,IL_6083019,clinical: close-up,Benign,BKL,BKL
ISIC_8078817,IL_7141559,clinical: close-up,Benign,VASC,VASC
ISIC_8079552,IL_3312566,dermoscopic,Malignant,BCC,BCC
ISIC_8079864,IL_0816967,dermoscopic,Malignant,BCC,BCC
ISIC_8088100,IL_7469546,clinical: close-up,Benign,NV,NV
ISIC_8089680,IL_8980429,clinical: close-up,Malignant,BCC,BCC
ISIC_8090800,IL_8604901,dermoscopic,Malignant,BCC,BCC
ISIC_8092373,IL_9809357,dermoscopic,Malignant,BCC,BCC
ISIC_8095870,IL_9471694,clinical: close-up,Malignant,BCC,BCC
ISIC_8096488,IL_3855783,dermoscopic,Malignant,BCC,BCC
ISIC_8097656,IL_1118259,clinical: close-up,Malignant,BCC,BCC
ISIC_8097741,IL_2474779,dermoscopic,Malignant,BCC,BCC
ISIC_8098771,IL_5396627,dermoscopic,Malignant,MEL,MEL
ISIC_8099059,IL_4700992,clinical: close-up,Malignant,AKIEC,AKIEC
ISIC_8104170,IL_5993994,clinical: close-up,Malignant,BCC,BCC
ISIC_8107179,IL_9809357,clinical: close-up,Malignant,BCC,BCC
ISIC_8107716,IL_6374062,clinical: close-up,Malignant,MEL,MEL
ISIC_8108965,IL_4845726,clinical: close-up,Benign,NV,NV
ISIC_8109519,IL_2328752,dermoscopic,Malignant,BCC,BCC
ISIC_8111688,IL_9380593,dermoscopic,Benign,NV,NV
ISIC_8112188,IL_6788244,dermoscopic,Malignant,BCC,BCC
ISIC_8112445,IL_5914745,clinical: close-up,Malignant,BCC,BCC
ISIC_8113702,IL_8908533,clinical: close-up,Malignant,BCC,BCC
ISIC_8114137,IL_3464725,dermoscopic,Malignant,BCC,BCC
ISIC_8114381,IL_4877466,clinical: close-up,Malignant,SCCKA,SCCKA
ISIC_8117173,IL_9983114,clinical: close-up,Benign,BKL,BKL
ISIC_8117883,IL_4347033,clinical: close-up,Benign,NV,NV
ISIC_8118009,IL_2383953,dermoscopic,Malignant,BCC,BCC
ISIC_8119167,IL_7511780,dermoscopic,Benign,BKL,BKL
ISIC_8119943,IL_7642470,clinical: close-up,Malignant,BCC,BCC
ISIC_8120902,IL_3879916,dermoscopic,Malignant,AKIEC,AKIEC
ISIC_8121619,IL_1105307,dermoscopic,Benign,NV,NV
ISIC_8124386,IL_6654419,clinical: close-up,Malignant,AKIEC,AKIEC
ISIC_8124598,IL_9385086,clinical: close-up,Benign,NV,NV
ISIC_8126703,IL_9439639,dermoscopic,Malignant,MEL,MEL
ISIC_8127734,IL_6586182,dermoscopic,Malignant,BCC,BCC
ISIC_8129640,IL_5084556,dermoscopic,Malignant,SCCKA,SCCKA
ISIC_8131794,IL_4748724,clinical: close-up,Benign,NV,NV
ISIC_8133623,IL_1667522,dermoscopic,Malignant,BCC,BCC
ISIC_8134181,IL_8863654,dermoscopic,Benign,BKL,BKL
ISIC_8137029,IL_8946416,dermoscopic,Benign,BEN_OTH,OTHER
ISIC_8138627,IL_4308535,dermoscopic,Malignant,AKIEC,AKIEC
ISIC_8139051,IL_7806060,clinical: close-up,Malignant,BCC,BCC
ISIC_8145727,IL_5220758,dermoscopic,Malignant,BCC,BCC
ISIC_8145823,IL_1720611,dermoscopic,Malignant,AKIEC,AKIEC
ISIC_8147299,IL_1930653,clinical: close-up,Malignant,BCC,BCC
ISIC_8151340,IL_4319503,clinical: close-up,Benign,BKL,BKL
ISIC_8151706,IL_9275908,dermoscopic,Malignant,BCC,BCC
ISIC_8152761,IL_9882271,dermoscopic,Malignant,BCC,BCC
ISIC_8153909,IL_6622693,clinical: close-up,Malignant,MEL,MEL
ISIC_8154669,IL_7954262,dermoscopic,Malignant,BCC,BCC
ISIC_8158325,IL_9900993,dermoscopic,Benign,VASC,VASC
ISIC_8159044,IL_1037790,clinical: close-up,Benign,NV,NV
ISIC_8159052,IL_7741201,dermoscopic,Malignant,BCC,BCC
ISIC_8167281,IL_3013731,clinical: close-up,Malignant,AKIEC,AKIEC
ISIC_8168496,IL_8834020,dermoscopic,Malignant,BCC,BCC
ISIC_8171205,IL_6638180,clinical: close-up,Malignant,BCC,BCC
ISIC_8171211,IL_4180707,clinical: close-up,Malignant,BCC,BCC
ISIC_8171632,IL_9890052,dermoscopic,Malignant,SCCKA,SCCKA
ISIC_8171954,IL_6780891,clinical: close-up,Malignant,BCC,BCC
ISIC_8172746,IL_7009317,clinical: close-up,Malignant,BCC,BCC
ISIC_8172800,IL_4885468,clinical: close-up,Benign,BKL,BKL
ISIC_8175420,IL_5580548,clinical: close-up,Malignant,SCCKA,SCCKA
ISIC_8176738,IL_0108315,clinical: close-up,Malignant,BCC,BCC
ISIC_8178616,IL_0783886,clinical: close-up,Malignant,MEL,MEL
ISIC_8180214,IL_9026324,dermoscopic,Benign,BKL,BKL
ISIC_8180766,IL_0572339,dermoscopic,Malignant,BCC,BCC
ISIC_8183159,IL_7884893,dermoscopic,Malignant,AKIEC,AKIEC
ISIC_8186312,IL_1002499,clinical: close-up,Benign,BKL,BKL
ISIC_8188045,IL_6033617,clinical: close-up,Malignant,AKIEC,AKIEC
ISIC_8190843,IL_3252153,dermoscopic,Benign,VASC,VASC
ISIC_8191013,IL_0308354,dermoscopic,Malignant,BCC,BCC
ISIC_8191999,IL_4988250,dermoscopic,Malignant,BCC,BCC
ISIC_8195300,IL_4225640,clinical: close-up,Malignant,BCC,BCC
ISIC_8195612,IL_0371298,dermoscopic,Malignant,BCC,BCC
ISIC_8195917,IL_2135126,dermoscopic,Benign,BKL,BKL
ISIC_8197317,IL_0405680,dermoscopic,Malignant,MEL,MEL
ISIC_8197778,IL_3124756,clinical: close-up,Benign,VASC,VASC
ISIC_8198425,IL_2055704,clinical: close-up,Benign,NV,NV
ISIC_8199024,IL_0809191,dermoscopic,Benign,NV,NV
ISIC_8202730,IL_5930437,clinical: close-up,Benign,NV,NV
ISIC_8204527,IL_5087037,dermoscopic,Indeterminate,AKIEC,AKIEC
ISIC_8207675,IL_1436809,clinical: close-up,Malignant,BCC,BCC
ISIC_8210069,IL_3305378,clinical: close-up,Malignant,BCC,BCC
ISIC_8212322,IL_9752629,clinical: close-up,Malignant,BCC,BCC
ISIC_8216271,IL_4628367,clinical: close-up,Malignant,BCC,BCC
ISIC_8216483,IL_7808577,clinical: close-up,Benign,BEN_OTH,OTHER
ISIC_8218617,IL_8554205,dermoscopic,Malignant,BCC,BCC
ISIC_8220140,IL_2590916,clinical: close-up,Malignant,BCC,BCC
ISIC_8223664,IL_3239259,dermoscopic,Indeterminate,AKIEC,AKIEC
ISIC_8223761,IL_7998645,dermoscopic,Malignant,SCCKA,SCCKA
ISIC_8225481,IL_6033161,clinical: close-up,Malignant,BCC,BCC
ISIC_8225518,IL_6781250,clinical: close-up,Benign,BKL,BKL
ISIC_8226322,IL_8370192,dermoscopic,Malignant,BCC,BCC
ISIC_8226503,IL_2513710,clinical: close-up,Malignant,BCC,BCC
ISIC_8229493,IL_7077656,dermoscopic,Malignant,BCC,BCC
ISIC_8229738,IL_9013007,clinical: close-up,Malignant,BCC,BCC
ISIC_8231124,IL_5834999,clinical: close-up,Indeterminate,AKIEC,AKIEC
ISIC_8231148,IL_2367179,clinical: close-up,Malignant,BCC,BCC
ISIC_8231201,IL_4354800,clinical: close-up,Benign,NV,NV
ISIC_8231437,IL_5078646,dermoscopic,Malignant,SCCKA,SCCKA
ISIC_8232296,IL_4457515,clinical: close-up,Malignant,BCC,BCC
ISIC_8234709,IL_2215317,dermoscopic,Benign,BKL,BKL
ISIC_8234989,IL_9823804,clinical: close-up,Malignant,BCC,BCC
ISIC_8236388,IL_4534597,dermoscopic,Malignant,BCC,BCC
ISIC_8236818,IL_1259120,clinical: close-up,Malignant,BCC,BCC
ISIC_8238316,IL_9162610,dermoscopic,Malignant,SCCKA,SCCKA
ISIC_8239142,IL_8821899,clinical: close-up,Malignant,BCC,BCC
ISIC_8239177,IL_6312892,dermoscopic,Malignant,BCC,BCC
ISIC_8240527,IL_7064564,dermoscopic,Malignant,BCC,BCC
ISIC_8243063,IL_5083460,clinical: close-up,Malignant,SCCKA,SCCKA
ISIC_8243525,IL_0402026,dermoscopic,Malignant,SCCKA,SCCKA
ISIC_8243847,IL_6145906,clinical: close-up,Malignant,BCC,BCC
ISIC_8244439,IL_8312438,dermoscopic,Malignant,MEL,MEL
ISIC_8245171,IL_2760690,clinical: close-up,Malignant,BCC,BCC
ISIC_8247362,IL_9380593,clinical: close-up,Benign,NV,NV
ISIC_8249583,IL_5017325,clinical: close-up,Malignant,BCC,BCC
ISIC_8251123,IL_2211333,dermoscopic,Malignant,BCC,BCC
ISIC_8251827,IL_3558954,dermoscopic,Malignant,BCC,BCC
ISIC_8251905,IL_5434909,clinical: close-up,Malignant,BCC,BCC
ISIC_8253140,IL_8931844,clinical: close-up,Benign,NV,NV
ISIC_8253705,IL_5816331,dermoscopic,Benign,NV,NV
ISIC_8254014,IL_1804830,dermoscopic,Malignant,BCC,BCC
ISIC_8254063,IL_1608004,dermoscopic,Indeterminate,AKIEC,AKIEC
ISIC_8254778,IL_3844100,clinical: close-up,Malignant,SCCKA,SCCKA
ISIC_8256353,IL_3089993,dermoscopic,Benign,BKL,BKL
ISIC_8257972,IL_5816419,dermoscopic,Benign,NV,NV
ISIC_8260085,IL_6983089,dermoscopic,Malignant,BCC,BCC
ISIC_8260302,IL_9195034,dermoscopic,Malignant,BCC,BCC
ISIC_8260534,IL_2027967,dermoscopic,Malignant,BCC,BCC
ISIC_8260850,IL_1254806,dermoscopic,Benign,BKL,BKL
ISIC_8261347,IL_2055749,dermoscopic,Malignant,MEL,MEL
ISIC_8263244,IL_8386286,dermoscopic,Benign,BKL,BKL
ISIC_8268102,IL_4079886,clinical: close-up,Malignant,SCCKA,SCCKA
ISIC_8268192,IL_7648994,dermoscopic,Malignant,BCC,BCC
ISIC_8271657,IL_4918267,clinical: close-up,Malignant,BCC,BCC
ISIC_8271684,IL_9400728,dermoscopic,Malignant,BCC,BCC
ISIC_8273914,IL_0499462,clinical: close-up,Malignant,MEL,MEL
ISIC_8274052,IL_6868637,dermoscopic,Malignant,BCC,BCC
ISIC_8274376,IL_5655863,dermoscopic,Malignant,BCC,BCC
ISIC_8274729,IL_7437076,clinical: close-up,Malignant,BCC,BCC
ISIC_8274863,IL_0541036,dermoscopic,Malignant,AKIEC,AKIEC
ISIC_8283268,IL_7146228,clinical: close-up,Malignant,BCC,BCC
ISIC_8283280,IL_6166867,dermoscopic,Malignant,SCCKA,SCCKA
ISIC_8284395,IL_8983305,clinical: close-up,Malignant,BCC,BCC
ISIC_8285845,IL_4019349,dermoscopic,Malignant,BCC,BCC
ISIC_8285958,IL_5052158,dermoscopic,Malignant,BCC,BCC
ISIC_8287342,IL_9067051,clinical: close-up,Malignant,BCC,BCC
ISIC_8288213,IL_2531198,clinical: close-up,Malignant,BCC,BCC
ISIC_8292731,IL_7885027,clinical: close-up,Malignant,BCC,BCC
ISIC_8293339,IL_9233957,clinical: close-up,Malignant,BCC,BCC
ISIC_8293683,IL_2342693,dermoscopic,Malignant,MEL,MEL
ISIC_8295638,IL_7594910,clinical: close-up,Malignant,BCC,BCC
ISIC_8302743,IL_9685244,dermoscopic,Benign,BKL,BKL
ISIC_8304179,IL_9843383,clinical: close-up,Benign,NV,NV
ISIC_8305576,IL_5390577,dermoscopic,Malignant,BCC,BCC
ISIC_8305748,IL_5187517,dermoscopic,Malignant,SCCKA,SCCKA
ISIC_8307786,IL_1240049,dermoscopic,Benign,NV,NV
ISIC_8308325,IL_8448627,dermoscopic,Malignant,BCC,BCC
ISIC_8309358,IL_5747539,dermoscopic,Malignant,BCC,BCC
ISIC_8310935,IL_8421292,dermoscopic,Malignant,BCC,BCC
ISIC_8311956,IL_7793730,clinical: close-up,Malignant,BCC,BCC
ISIC_8312363,IL_1378003,dermoscopic,Benign,NV,NV
ISIC_8318126,IL_5181041,dermoscopic,Benign,NV,NV
ISIC_8318215,IL_1587748,clinical: close-up,Malignant,BCC,BCC
ISIC_8322623,IL_0185291,dermoscopic,Benign,BKL,BKL
ISIC_8323623,IL_2788163,clinical: close-up,Benign,NV,NV
ISIC_8324594,IL_1888715,dermoscopic,Benign,BKL,BKL
ISIC_8324607,IL_0721578,clinical: close-up,Benign,INF,INF
ISIC_8326686,IL_6955894,clinical: close-up,Malignant,SCCKA,SCCKA
ISIC_8327585,IL_3289221,dermoscopic,Malignant,AKIEC,AKIEC
ISIC_8328022,IL_3360591,clinical: close-up,Malignant,SCCKA,SCCKA
ISIC_8329990,IL_2367179,dermoscopic,Malignant,BCC,BCC
ISIC_8330638,IL_8611712,clinical: close-up,Malignant,SCCKA,SCCKA
ISIC_8331574,IL_4807547,dermoscopic,Benign,NV,NV
ISIC_8333805,IL_6114071,clinical: close-up,Benign,NV,NV
ISIC_8334167,IL_7637408,dermoscopic,Malignant,BCC,BCC
ISIC_8337677,IL_4563782,clinical: close-up,Benign,NV,NV
ISIC_8338783,IL_5607912,clinical: close-up,Benign,NV,NV
ISIC_8339130,IL_2527689,clinical: close-up,Malignant,BCC,BCC
ISIC_8339862,IL_1752573,clinical: close-up,Malignant,BCC,BCC
ISIC_8339912,IL_8472677,clinical: close-up,Malignant,AKIEC,AKIEC
ISIC_8339951,IL_8904932,dermoscopic,Benign,NV,NV
ISIC_8340872,IL_2982870,dermoscopic,Malignant,BCC,BCC
ISIC_8341598,IL_5252859,dermoscopic,Indeterminate,AKIEC,AKIEC
ISIC_8342006,IL_6825163,clinical: close-up,Benign,BKL,BKL
ISIC_8344886,IL_9166527,dermoscopic,Malignant,BCC,BCC
ISIC_8346017,IL_9656479,clinical: close-up,Malignant,SCCKA,SCCKA
ISIC_8346382,IL_2663790,clinical: close-up,Malignant,SCCKA,SCCKA
ISIC_8349783,IL_5708642,clinical: close-up,Malignant,SCCKA,SCCKA
ISIC_8349907,IL_7059623,clinical: close-up,Benign,NV,NV
ISIC_8350291,IL_8158343,clinical: close-up,Malignant,BCC,BCC
ISIC_8350498,IL_9195436,clinical: close-up,Malignant,BCC,BCC
ISIC_8350851,IL_4064618,dermoscopic,Malignant,MEL,MEL
ISIC_8351733,IL_0261809,clinical: close-up,Malignant,BCC,BCC
ISIC_8352723,IL_7372717,dermoscopic,Benign,BKL,BKL
ISIC_8353499,IL_4924328,dermoscopic,Malignant,BCC,BCC
ISIC_8355069,IL_9713334,dermoscopic,Benign,DF,DF
ISIC_8355956,IL_4732001,clinical: close-up,Malignant,BCC,BCC
ISIC_8356317,IL_7943219,dermoscopic,Benign,BKL,BKL
ISIC_8356432,IL_8022084,dermoscopic,Benign,BKL,BKL
ISIC_8356711,IL_0753658,dermoscopic,Malignant,AKIEC,AKIEC
ISIC_8356776,IL_9193873,dermoscopic,Malignant,BCC,BCC
ISIC_8358325,IL_1230964,clinical: close-up,Malignant,BCC,BCC
ISIC_8358859,IL_6536248,clinical: close-up,Malignant,BCC,BCC
ISIC_8361691,IL_4410437,dermoscopic,Malignant,BCC,BCC
ISIC_8361955,IL_7361410,dermoscopic,Benign,NV,NV
ISIC_8362273,IL_1818431,dermoscopic,Malignant,BCC,BCC
ISIC_8362681,IL_5866168,dermoscopic,Malignant,MEL,MEL
ISIC_8365405,IL_1223574,dermoscopic,Malignant,BCC,BCC
ISIC_8365952,IL_0138483,clinical: close-up,Malignant,BCC,BCC
ISIC_8366050,IL_3484417,clinical: close-up,Malignant,BCC,BCC
ISIC_8367084,IL_8091560,dermoscopic,Malignant,SCCKA,SCCKA
ISIC_8367579,IL_0387507,clinical: close-up,Malignant,SCCKA,SCCKA
ISIC_8368960,IL_8508107,dermoscopic,Malignant,BCC,BCC
ISIC_8370666,IL_0063537,dermoscopic,Malignant,BCC,BCC
ISIC_8372143,IL_2522638,clinical: close-up,Benign,NV,NV
ISIC_8372465,IL_7642470,dermoscopic,Malignant,BCC,BCC
ISIC_8373214,IL_6731689,dermoscopic,Benign,BKL,BKL
ISIC_8373898,IL_0306410,clinical: close-up,Benign,BKL,BKL
ISIC_8374389,IL_4042622,clinical: close-up,Malignant,BCC,BCC
ISIC_8375920,IL_7025715,clinical: close-up,Malignant,BCC,BCC
ISIC_8376145,IL_0478451,clinical: close-up,Malignant,BCC,BCC
ISIC_8376392,IL_7741201,clinical: close-up,Malignant,BCC,BCC
ISIC_8377707,IL_2694953,dermoscopic,Benign,NV,NV
ISIC_8379235,IL_0783886,dermoscopic,Malignant,MEL,MEL
ISIC_8381176,IL_5358178,dermoscopic,Benign,BKL,BKL
ISIC_8381606,IL_5762747,dermoscopic,Malignant,BCC,BCC
ISIC_8383673,IL_7560390,clinical: close-up,Benign,BKL,BKL
ISIC_8383870,IL_6803383,clinical: close-up,Malignant,BCC,BCC
ISIC_8385396,IL_3596093,dermoscopic,Malignant,BCC,BCC
ISIC_8385616,IL_5478972,dermoscopic,Benign,NV,NV
ISIC_8389918,IL_1173774,dermoscopic,Malignant,BCC,BCC
ISIC_8390299,IL_1557433,clinical: close-up,Malignant,BCC,BCC
ISIC_8390476,IL_2810751,clinical: close-up,Benign,VASC,VASC
ISIC_8391328,IL_7368324,dermoscopic,Malignant,BCC,BCC
ISIC_8392439,IL_9689348,dermoscopic,Malignant,BCC,BCC
ISIC_8394448,IL_7756506,clinical: close-up,Malignant,SCCKA,SCCKA
ISIC_8397636,IL_3312437,clinical: close-up,Benign,NV,NV
ISIC_8400472,IL_1891845,dermoscopic,Malignant,BCC,BCC
ISIC_8401508,IL_5187517,clinical: close-up,Malignant,SCCKA,SCCKA
ISIC_8402218,IL_1813183,clinical: close-up,Malignant,BCC,BCC
ISIC_8402813,IL_4896653,dermoscopic,Benign,BKL,BKL
ISIC_8403731,IL_6638218,clinical: close-up,Malignant,BCC,BCC
ISIC_8403829,IL_2255727,dermoscopic,Benign,BKL,BKL
ISIC_8405549,IL_4547329,dermoscopic,Benign,NV,NV
ISIC_8405809,IL_4734157,dermoscopic,Benign,NV,NV
ISIC_8408499,IL_4456737,clinical: close-up,Benign,NV,NV
ISIC_8410138,IL_2868879,clinical: close-up,Malignant,SCCKA,SCCKA
ISIC_8410820,IL_7527529,dermoscopic,Benign,NV,NV
ISIC_8410845,IL_9142917,clinical: close-up,Malignant,BCC,BCC
ISIC_8410933,IL_9395136,dermoscopic,Malignant,BCC,BCC
ISIC_8414442,IL_6122545,clinical: close-up,Malignant,BCC,BCC
ISIC_8414527,IL_3288060,clinical: close-up,Malignant,BCC,BCC
ISIC_8416462,IL_9665730,dermoscopic,Malignant,MEL,MEL
ISIC_8417980,IL_1943704,clinical: close-up,Malignant,MEL,MEL
ISIC_8419172,IL_3203349,dermoscopic,Malignant,BCC,BCC
ISIC_8420285,IL_5587633,dermoscopic,Malignant,BCC,BCC
ISIC_8424294,IL_1633502,clinical: close-up,Malignant,BCC,BCC
ISIC_8424804,IL_7746701,clinical: close-up,Malignant,BCC,BCC
ISIC_8426219,IL_2508861,dermoscopic,Malignant,AKIEC,AKIEC
ISIC_8429141,IL_0039324,clinical: close-up,Malignant,BCC,BCC
ISIC_8429175,IL_6676284,clinical: close-up,Malignant,AKIEC,AKIEC
ISIC_8430655,IL_1346442,dermoscopic,Malignant,BCC,BCC
ISIC_8431346,IL_5974480,dermoscopic,Malignant,BCC,BCC
ISIC_8431410,IL_4893133,clinical: close-up,Indeterminate,AKIEC,AKIEC
ISIC_8433656,IL_8839163,dermoscopic,Malignant,BCC,BCC
ISIC_8435693,IL_4706482,dermoscopic,Malignant,SCCKA,SCCKA
ISIC_8437510,IL_8850639,dermoscopic,Malignant,MEL,MEL
ISIC_8438197,IL_0019048,clinical: close-up,Malignant,BCC,BCC
ISIC_8438291,IL_1162183,dermoscopic,Malignant,BCC,BCC
ISIC_8439407,IL_5959411,dermoscopic,Malignant,BCC,BCC
ISIC_8441087,IL_8142013,clinical: close-up,Benign,NV,NV
ISIC_8443887,IL_1120917,clinical: close-up,Benign,NV,NV
ISIC_8446097,IL_4676732,clinical: close-up,Benign,BKL,BKL
ISIC_8446431,IL_3486066,dermoscopic,Malignant,AKIEC,AKIEC
ISIC_8446505,IL_3137166,dermoscopic,Indeterminate,AKIEC,AKIEC
ISIC_8448006,IL_8954957,dermoscopic,Malignant,BCC,BCC
ISIC_8448143,IL_4287532,clinical: close-up,Benign,BKL,BKL
ISIC_8450877,IL_9632950,dermoscopic,Malignant,BCC,BCC
ISIC_8455179,IL_4460896,dermoscopic,Malignant,BCC,BCC
ISIC_8457294,IL_7976710,clinical: close-up,Malignant,BCC,BCC
ISIC_8457494,IL_4865091,dermoscopic,Malignant,SCCKA,SCCKA
ISIC_8457619,IL_9983114,dermoscopic,Benign,BKL,BKL
ISIC_8458042,IL_7251492,clinical: close-up,Malignant,BCC,BCC
ISIC_8461400,IL_2101385,clinical: close-up,Benign,NV,NV
ISIC_8462138,IL_0340330,dermoscopic,Benign,VASC,VASC
ISIC_8462208,IL_2096357,dermoscopic,Malignant,BCC,BCC
ISIC_8462237,IL_9217480,dermoscopic,Malignant,AKIEC,AKIEC
ISIC_8463837,IL_0053198,dermoscopic,Malignant,BCC,BCC
ISIC_8467445,IL_9680907,clinical: close-up,Malignant,MEL,MEL
ISIC_8468152,IL_6155109,dermoscopic,Malignant,BCC,BCC
ISIC_8468747,IL_9146194,clinical: close-up,Malignant,BCC,BCC
ISIC_8469156,IL_4610618,dermoscopic,Malignant,MEL,MEL
ISIC_8470224,IL_8891423,dermoscopic,Benign,NV,NV
ISIC_8472225,IL_8922194,dermoscopic,Malignant,BCC,BCC
ISIC_8472745,IL_8258563,dermoscopic,Benign,BKL,BKL
ISIC_8473068,IL_0318296,clinical: close-up,Malignant,SCCKA,SCCKA
ISIC_8473871,IL_6337790,clinical: close-up,Benign,BKL,BKL
ISIC_8476500,IL_5108044,clinical: close-up,Malignant,BCC,BCC
ISIC_8478651,IL_7376850,clinical: close-up,Malignant,BCC,BCC
ISIC_8479393,IL_3686069,clinical: close-up,Benign,NV,NV
ISIC_8483047,IL_0113118,dermoscopic,Malignant,BCC,BCC
ISIC_8483821,IL_3749738,clinical: close-up,Benign,BKL,BKL
ISIC_8483907,IL_7336538,dermoscopic,Malignant,BCC,BCC
ISIC_8483915,IL_2400114,clinical: close-up,Malignant,BCC,BCC
ISIC_8485230,IL_0596741,clinical: close-up,Malignant,BCC,BCC
ISIC_8488027,IL_7744787,dermoscopic,Malignant,MEL,MEL
ISIC_8491813,IL_2369165,dermoscopic,Malignant,BCC,BCC
ISIC_8494727,IL_0121735,dermoscopic,Benign,BKL,BKL
ISIC_8495209,IL_3976395,clinical: close-up,Malignant,BCC,BCC
ISIC_8498076,IL_6738007,dermoscopic,Malignant,BCC,BCC
ISIC_8499730,IL_7540497,clinical: close-up,Malignant,BCC,BCC
ISIC_8501407,IL_3739398,dermoscopic,Malignant,BCC,BCC
ISIC_8505283,IL_2775597,dermoscopic,Malignant,BCC,BCC
ISIC_8508919,IL_5779680,clinical: close-up,Malignant,BCC,BCC
ISIC_8509634,IL_4396586,dermoscopic,Benign,NV,NV
ISIC_8509933,IL_2049093,clinical: close-up,Malignant,BCC,BCC
ISIC_8513973,IL_8590734,dermoscopic,Benign,BKL,BKL
ISIC_8517056,IL_4241056,dermoscopic,Benign,NV,NV
ISIC_8518612,IL_8783670,clinical: close-up,Malignant,BCC,BCC
ISIC_8520875,IL_5866168,clinical: close-up,Malignant,MEL,MEL
ISIC_8521879,IL_0218048,dermoscopic,Malignant,MEL,MEL
ISIC_8525826,IL_8529152,dermoscopic,Malignant,MEL,MEL
ISIC_8528097,IL_2497125,clinical: close-up,Malignant,MEL,MEL
ISIC_8528718,IL_2531198,dermoscopic,Malignant,BCC,BCC
ISIC_8528760,IL_5310086,dermoscopic,Malignant,MEL,MEL
ISIC_8531625,IL_7288279,clinical: close-up,Malignant,BCC,BCC
ISIC_8532508,IL_6938296,dermoscopic,Malignant,MEL,MEL
ISIC_8533186,IL_2175729,clinical: close-up,Malignant,SCCKA,SCCKA
ISIC_8534089,IL_5349744,dermoscopic,Malignant,BCC,BCC
ISIC_8537605,IL_0102463,clinical: close-up,Malignant,SCCKA,SCCKA
ISIC_8541890,IL_5368559,dermoscopic,Malignant,BCC,BCC
ISIC_8542319,IL_4505417,clinical: close-up,Malignant,SCCKA,SCCKA
ISIC_8543046,IL_5979940,dermoscopic,Malignant,BCC,BCC
ISIC_8544097,IL_9542018,dermoscopic,Malignant,BCC,BCC
ISIC_8545101,IL_9540543,clinical: close-up,Malignant,BCC,BCC
ISIC_8545164,IL_1871141,dermoscopic,Malignant,AKIEC,AKIEC
ISIC_8545769,IL_5564093,clinical: close-up,Malignant,BCC,BCC
ISIC_8546677,IL_7629358,clinical: close-up,Benign,NV,NV
ISIC_8547720,IL_9094394,clinical: close-up,Malignant,BCC,BCC
ISIC_8549775,IL_1409066,dermoscopic,Malignant,BCC,BCC
ISIC_8550133,IL_9632950,clinical: close-up,Malignant,BCC,BCC
ISIC_8552530,IL_9158531,clinical: close-up,Benign,NV,NV
ISIC_8553734,IL_6258270,dermoscopic,Malignant,BCC,BCC
ISIC_8554994,IL_6007354,dermoscopic,Benign,BKL,BKL
ISIC_8556393,IL_5922300,dermoscopic,Malignant,BCC,BCC
ISIC_8558562,IL_3415556,dermoscopic,Malignant,BCC,BCC
ISIC_8558850,IL_0508901,dermoscopic,Benign,BKL,BKL
ISIC_8558990,IL_4777292,clinical: close-up,Malignant,BCC,BCC
ISIC_8559278,IL_3576180,dermoscopic,Benign,NV,NV
ISIC_8561129,IL_8507909,clinical: close-up,Malignant,BCC,BCC
ISIC_8563004,IL_8194852,clinical: close-up,Malignant,MEL,MEL
ISIC_8563013,IL_8312366,clinical: close-up,Malignant,BCC,BCC
ISIC_8565468,IL_0679783,clinical: close-up,Benign,BKL,BKL
ISIC_8570261,IL_8583674,clinical: close-up,Malignant,MEL,MEL
ISIC_8572463,IL_5357233,dermoscopic,Malignant,BCC,BCC
ISIC_8572592,IL_4885447,clinical: close-up,Malignant,SCCKA,SCCKA
ISIC_8577350,IL_5344471,dermoscopic,Malignant,BCC,BCC
ISIC_8577597,IL_4084018,dermoscopic,Malignant,BCC,BCC
ISIC_8577913,IL_5033079,clinical: close-up,Malignant,SCCKA,SCCKA
ISIC_8580681,IL_9952743,clinical: close-up,Benign,INF,INF
ISIC_8584528,IL_4262714,dermoscopic,Malignant,BCC,BCC
ISIC_8588817,IL_8788883,clinical: close-up,Benign,BKL,BKL
ISIC_8591122,IL_2791658,dermoscopic,Malignant,BCC,BCC
ISIC_8593738,IL_9572527,dermoscopic,Malignant,MEL,MEL
ISIC_8596125,IL_6960759,clinical: close-up,Benign,NV,NV
ISIC_8597782,IL_3855783,clinical: close-up,Malignant,BCC,BCC
ISIC_8597788,IL_1131642,clinical: close-up,Malignant,BCC,BCC
ISIC_8598339,IL_0024228,clinical: close-up,Benign,NV,NV
ISIC_8599807,IL_3026387,dermoscopic,Malignant,BCC,BCC
ISIC_8600102,IL_6230080,dermoscopic,Benign,VASC,VASC
ISIC_8601570,IL_1003728,dermoscopic,Malignant,MEL,MEL
ISIC_8603109,IL_1801069,dermoscopic,Benign,NV,NV
ISIC_8603749,IL_2533791,dermoscopic,Benign,NV,NV
ISIC_8604423,IL_9505312,clinical: close-up,Malignant,MEL,MEL
ISIC_8612060,IL_6790433,dermoscopic,Malignant,BCC,BCC
ISIC_8612251,IL_6393969,dermoscopic,Benign,NV,NV
ISIC_8614567,IL_2962175,dermoscopic,Benign,VASC,VASC
ISIC_8615296,IL_0020208,dermoscopic,Benign,BKL,BKL
ISIC_8615408,IL_3705242,clinical: close-up,Malignant,BCC,BCC
ISIC_8615694,IL_9158531,dermoscopic,Benign,NV,NV
ISIC_8616397,IL_3141578,clinical: close-up,Benign,NV,NV
ISIC_8618352,IL_8845602,dermoscopic,Malignant,BCC,BCC
ISIC_8619333,IL_9813142,clinical: close-up,Malignant,BCC,BCC
ISIC_8619763,IL_1538395,dermoscopic,Malignant,SCCKA,SCCKA
ISIC_8620082,IL_5550773,dermoscopic,Malignant,AKIEC,AKIEC
ISIC_8620236,IL_6616097,dermoscopic,Malignant,MEL,MEL
ISIC_8621381,IL_6552855,dermoscopic,Malignant,BCC,BCC
ISIC_8622558,IL_5254540,dermoscopic,Malignant,BCC,BCC
ISIC_8623171,IL_0298761,clinical: close-up,Indeterminate,AKIEC,AKIEC
ISIC_8626277,IL_9554628,dermoscopic,Benign,NV,NV
ISIC_8626292,IL_3715792,clinical: close-up,Benign,NV,NV
ISIC_8627295,IL_7117904,dermoscopic,Benign,BKL,BKL
ISIC_8627581,IL_4922531,dermoscopic,Malignant,MEL,MEL
ISIC_8631635,IL_9899181,clinical: close-up,Malignant,BCC,BCC
ISIC_8633121,IL_4831805,dermoscopic,Malignant,AKIEC,AKIEC
ISIC_8635663,IL_9222383,dermoscopic,Benign,BEN_OTH,OTHER
ISIC_8635734,IL_1016151,clinical: close-up,Malignant,MEL,MEL
ISIC_8636984,IL_3522764,clinical: close-up,Malignant,BCC,BCC
ISIC_8638964,IL_8535894,clinical: close-up,Malignant,MEL,MEL
ISIC_8639067,IL_5691794,clinical: close-up,Malignant,BCC,BCC
ISIC_8639708,IL_7566377,dermoscopic,Indeterminate,AKIEC,AKIEC
ISIC_8641274,IL_5033340,clinical: close-up,Benign,NV,NV
ISIC_8641404,IL_6037073,clinical: close-up,Malignant,BCC,BCC
ISIC_8641712,IL_2596452,clinical: close-up,Malignant,SCCKA,SCCKA
ISIC_8642318,IL_8702046,dermoscopic,Malignant,SCCKA,SCCKA
ISIC_8642522,IL_0683634,dermoscopic,Malignant,MEL,MEL
ISIC_8643100,IL_5827688,dermoscopic,Benign,BKL,BKL
ISIC_8644031,IL_2304727,clinical: close-up,Malignant,SCCKA,SCCKA
ISIC_8644033,IL_4107565,clinical: close-up,Malignant,BCC,BCC
ISIC_8645743,IL_0834716,clinical: close-up,Malignant,BCC,BCC
ISIC_8646399,IL_2791717,dermoscopic,Benign,NV,NV
ISIC_8646764,IL_5812139,clinical: close-up,Malignant,MEL,MEL
ISIC_8647858,IL_6140435,dermoscopic,Benign,NV,NV
ISIC_8648920,IL_1104647,clinical: close-up,Malignant,BCC,BCC
ISIC_8649350,IL_6647837,dermoscopic,Malignant,BCC,BCC
ISIC_8649670,IL_8515603,clinical: close-up,Malignant,SCCKA,SCCKA
ISIC_8649825,IL_3990858,clinical: close-up,Benign,BKL,BKL
ISIC_8650160,IL_5844694,dermoscopic,Malignant,BCC,BCC
ISIC_8650326,IL_0684409,dermoscopic,Benign,BKL,BKL
ISIC_8653825,IL_5666618,dermoscopic,Malignant,MEL,MEL
ISIC_8654948,IL_3003587,clinical: close-up,Malignant,MEL,MEL
ISIC_8659657,IL_5448170,dermoscopic,Malignant,SCCKA,SCCKA
ISIC_8660310,IL_1238733,clinical: close-up,Malignant,SCCKA,SCCKA
ISIC_8660432,IL_5375420,clinical: close-up,Benign,INF,INF
ISIC_8662550,IL_4689062,dermoscopic,Benign,NV,NV
ISIC_8662604,IL_3982685,dermoscopic,Benign,NV,NV
ISIC_8663511,IL_2659865,clinical: close-up,Malignant,MEL,MEL
ISIC_8667734,IL_6185483,dermoscopic,Malignant,BCC,BCC
ISIC_8668469,IL_8225766,clinical: close-up,Benign,NV,NV
ISIC_8668865,IL_0306410,dermoscopic,Benign,BKL,BKL
ISIC_8669887,IL_2040419,clinical: close-up,Malignant,BCC,BCC
ISIC_8669932,IL_7871814,clinical: close-up,Malignant,BCC,BCC
ISIC_8673829,IL_5379548,clinical: close-up,Malignant,BCC,BCC
ISIC_8674267,IL_9202762,clinical: close-up,Malignant,BCC,BCC
ISIC_8674473,IL_2041854,clinical: close-up,Malignant,BCC,BCC
ISIC_8678969,IL_2632652,dermoscopic,Benign,NV,NV
ISIC_8680621,IL_6607832,clinical: close-up,Malignant,MEL,MEL
ISIC_8680973,IL_5209978,clinical: close-up,Malignant,BCC,BCC
ISIC_8684025,IL_7327250,clinical: close-up,Indeterminate,AKIEC,AKIEC
ISIC_8684482,IL_6605794,dermoscopic,Malignant,BCC,BCC
ISIC_8685078,IL_1286984,clinical: close-up,Benign,NV,NV
ISIC_8685453,IL_6374062,dermoscopic,Malignant,MEL,MEL
ISIC_8686696,IL_8957515,dermoscopic,Malignant,SCCKA,SCCKA
ISIC_8687339,IL_3858708,clinical: close-up,Malignant,AKIEC,AKIEC
ISIC_8689886,IL_9678089,clinical: close-up,Malignant,BCC,BCC
ISIC_8690049,IL_5310098,clinical: close-up,Malignant,BCC,BCC
ISIC_8690116,IL_3817473,dermoscopic,Benign,NV,NV
ISIC_8691098,IL_2177210,dermoscopic,Malignant,SCCKA,SCCKA
ISIC_8693307,IL_4582697,dermoscopic,Benign,NV,NV
ISIC_8693433,IL_1618054,clinical: close-up,Benign,NV,NV
ISIC_8694246,IL_5186069,clinical: close-up,Malignant,BCC,BCC
ISIC_8695042,IL_4642532,dermoscopic,Malignant,BCC,BCC
ISIC_8695319,IL_1438394,clinical: close-up,Malignant,BCC,BCC
ISIC_8695455,IL_1543931,dermoscopic,Malignant,BCC,BCC
ISIC_8696381,IL_3162928,dermoscopic,Benign,NV,NV
ISIC_8696938,IL_7773272,clinical: close-up,Malignant,SCCKA,SCCKA
ISIC_8697607,IL_5277134,dermoscopic,Malignant,MEL,MEL
ISIC_8698177,IL_5576993,dermoscopic,Benign,NV,NV
ISIC_8698202,IL_6968028,clinical: close-up,Malignant,BCC,BCC
ISIC_8698547,IL_4033991,dermoscopic,Benign,BKL,BKL
ISIC_8699233,IL_0668310,dermoscopic,Benign,BKL,BKL
ISIC_8699706,IL_5042864,dermoscopic,Benign,NV,NV
ISIC_8701104,IL_4131392,dermoscopic,Benign,NV,NV
ISIC_8701249,IL_9691364,clinical: close-up,Malignant,BCC,BCC
ISIC_8701478,IL_2201458,dermoscopic,Benign,NV,NV
ISIC_8703747,IL_8379111,clinical: close-up,Malignant,SCCKA,SCCKA
ISIC_8704127,IL_3290322,dermoscopic,Malignant,BCC,BCC
ISIC_8704436,IL_3303655,dermoscopic,Malignant,BCC,BCC
ISIC_8705648,IL_9563257,dermoscopic,Benign,DF,DF
ISIC_8707635,IL_2522650,dermoscopic,Malignant,BCC,BCC
ISIC_8707995,IL_7713960,clinical: close-up,Malignant,BCC,BCC
ISIC_8713886,IL_5489225,clinical: close-up,Malignant,BCC,BCC
ISIC_8715446,IL_3224912,dermoscopic,Malignant,BCC,BCC
ISIC_8715920,IL_1660797,clinical: close-up,Benign,NV,NV
ISIC_8717771,IL_0607398,dermoscopic,Malignant,AKIEC,AKIEC
ISIC_8720890,IL_5802153,clinical: close-up,Malignant,AKIEC,AKIEC
ISIC_8721730,IL_2788353,clinical: close-up,Malignant,BCC,BCC
ISIC_8722421,IL_9275941,clinical: close-up,Benign,NV,NV
ISIC_8722591,IL_6743301,clinical: close-up,Malignant,BCC,BCC
ISIC_8723086,IL_7464874,dermoscopic,Malignant,SCCKA,SCCKA
ISIC_8723221,IL_1524130,dermoscopic,Malignant,SCCKA,SCCKA
ISIC_8723719,IL_3916438,dermoscopic,Benign,NV,NV
ISIC_8724627,IL_2722243,clinical: close-up,Malignant,BCC,BCC
ISIC_8726132,IL_9331050,dermoscopic,Benign,BKL,BKL
ISIC_8730307,IL_8544201,clinical: close-up,Malignant,BCC,BCC
ISIC_8731377,IL_7798468,dermoscopic,Indeterminate,AKIEC,AKIEC
ISIC_8733906,IL_5749341,clinical: close-up,Benign,NV,NV
ISIC_8736820,IL_0083505,dermoscopic,Benign,NV,NV
ISIC_8738126,IL_7749635,dermoscopic,Benign,BKL,BKL
ISIC_8740093,IL_0967038,clinical: close-up,Benign,BKL,BKL
ISIC_8740405,IL_5100758,clinical: close-up,Malignant,MEL,MEL
ISIC_8741300,IL_7527529,clinical: close-up,Benign,NV,NV
ISIC_8744116,IL_5037876,dermoscopic,Malignant,BCC,BCC
ISIC_8745129,IL_2834231,dermoscopic,Malignant,BCC,BCC
ISIC_8745325,IL_7639088,clinical: close-up,Malignant,AKIEC,AKIEC
ISIC_8745622,IL_7390451,clinical: close-up,Malignant,BCC,BCC
ISIC_8745861,IL_7749269,clinical: close-up,Malignant,BCC,BCC
ISIC_8746170,IL_4615374,dermoscopic,Malignant,SCCKA,SCCKA
ISIC_8746569,IL_3985289,clinical: close-up,Malignant,BCC,BCC
ISIC_8746740,IL_5519397,dermoscopic,Malignant,BCC,BCC
ISIC_8748477,IL_0662515,clinical: close-up,Benign,NV,NV
ISIC_8749451,IL_6684225,clinical: close-up,Malignant,BCC,BCC
ISIC_8753280,IL_4876348,clinical: close-up,Malignant,SCCKA,SCCKA
ISIC_8755727,IL_9916872,dermoscopic,Malignant,BCC,BCC
ISIC_8758280,IL_4316869,clinical: close-up,Malignant,BCC,BCC
ISIC_8759215,IL_5069726,dermoscopic,Malignant,BCC,BCC
ISIC_8759947,IL_6920562,dermoscopic,Malignant,BCC,BCC
ISIC_8760881,IL_9945290,dermoscopic,Benign,BEN_OTH,OTHER
ISIC_8762355,IL_1733952,dermoscopic,Malignant,SCCKA,SCCKA
ISIC_8766762,IL_7940585,dermoscopic,Benign,NV,NV
ISIC_8768212,IL_3634030,clinical: close-up,Malignant,BCC,BCC
ISIC_8768360,IL_3995124,clinical: close-up,Benign,NV,NV
ISIC_8768573,IL_9349651,clinical: close-up,Malignant,BCC,BCC
ISIC_8768858,IL_0887241,clinical: close-up,Benign,NV,NV
ISIC_8769047,IL_6117786,dermoscopic,Malignant,MEL,MEL
ISIC_8769148,IL_8637878,clinical: close-up,Malignant,BCC,BCC
ISIC_8771453,IL_0872477,dermoscopic,Benign,NV,NV
ISIC_8771667,IL_2429008,clinical: close-up,Malignant,MEL,MEL
ISIC_8776447,IL_5809749,clinical: close-up,Malignant,BCC,BCC
ISIC_8776679,IL_7914458,dermoscopic,Malignant,BCC,BCC
ISIC_8778674,IL_2304727,dermoscopic,Malignant,SCCKA,SCCKA
ISIC_8779998,IL_9991092,clinical: close-up,Malignant,BCC,BCC
ISIC_8782095,IL_6825163,dermoscopic,Benign,BKL,BKL
ISIC_8782299,IL_2662966,dermoscopic,Malignant,BCC,BCC
ISIC_8782993,IL_8022084,clinical: close-up,Benign,BKL,BKL
ISIC_8783624,IL_1437147,dermoscopic,Benign,NV,NV
ISIC_8785987,IL_0350485,clinical: close-up,Benign,NV,NV
ISIC_8786035,IL_2894575,dermoscopic,Indeterminate,AKIEC,AKIEC
ISIC_8786149,IL_6827791,clinical: close-up,Malignant,BCC,BCC
ISIC_8787301,IL_3037585,dermoscopic,Malignant,BCC,BCC
ISIC_8788388,IL_6119017,clinical: close-up,Benign,NV,NV
ISIC_8788500,IL_0134998,clinical: close-up,Malignant,MEL,MEL
ISIC_8789412,IL_6976997,dermoscopic,Malignant,BCC,BCC
ISIC_8790878,IL_8562262,dermoscopic,Malignant,BCC,BCC
ISIC_8790887,IL_7471218,dermoscopic,Malignant,SCCKA,SCCKA
ISIC_8791057,IL_5285603,dermoscopic,Benign,VASC,VASC
ISIC_8793103,IL_0550268,clinical: close-up,Benign,NV,NV
ISIC_8793718,IL_3899436,dermoscopic,Malignant,BCC,BCC
ISIC_8793818,IL_0490724,clinical: close-up,Malignant,BCC,BCC
ISIC_8800271,IL_4391633,dermoscopic,Benign,BKL,BKL
ISIC_8800634,IL_4929209,clinical: close-up,Benign,BKL,BKL
ISIC_8803389,IL_0006177,clinical: close-up,Malignant,BCC,BCC
ISIC_8804250,IL_0108201,dermoscopic,Benign,NV,NV
ISIC_8805390,IL_4028945,dermoscopic,Malignant,AKIEC,AKIEC
ISIC_8807238,IL_5181859,clinical: close-up,Malignant,SCCKA,SCCKA
ISIC_8808076,IL_1779253,dermoscopic,Benign,BKL,BKL
ISIC_8810920,IL_0834716,dermoscopic,Malignant,BCC,BCC
ISIC_8815245,IL_0550268,dermoscopic,Benign,NV,NV
ISIC_8816242,IL_3226127,dermoscopic,Malignant,BCC,BCC
ISIC_8816308,IL_4826540,clinical: close-up,Malignant,MEL,MEL
ISIC_8818884,IL_0761140,clinical: close-up,Malignant,BCC,BCC
ISIC_8820732,IL_8444340,clinical: close-up,Malignant,BCC,BCC
ISIC_8821083,IL_1804830,clinical: close-up,Malignant,BCC,BCC
ISIC_8821690,IL_5208753,clinical: close-up,Malignant,BCC,BCC
ISIC_8823892,IL_8516254,dermoscopic,Malignant,BCC,BCC
ISIC_8827860,IL_2104820,clinical: close-up,Benign,NV,NV
ISIC_8828083,IL_5448170,clinical: close-up,Malignant,SCCKA,SCCKA
ISIC_8828944,IL_0432586,clinical: close-up,Benign,NV,NV
ISIC_8829523,IL_0867132,dermoscopic,Malignant,SCCKA,SCCKA
ISIC_8830503,IL_7718928,clinical: close-up,Malignant,BCC,BCC
ISIC_8830776,IL_1066260,clinical: close-up,Benign,NV,NV
ISIC_8832464,IL_5356677,clinical: close-up,Malignant,SCCKA,SCCKA
ISIC_8832798,IL_0525024,clinical: close-up,Benign,NV,NV
ISIC_8833451,IL_4298080,clinical: close-up,Malignant,MEL,MEL
ISIC_8837131,IL_0872966,dermoscopic,Benign,NV,NV
ISIC_8839205,IL_3899977,dermoscopic,Benign,BKL,BKL
ISIC_8839329,IL_1263840,dermoscopic,Malignant,BCC,BCC
ISIC_8839444,IL_4966726,clinical: close-up,Malignant,BCC,BCC
ISIC_8839494,IL_5926277,dermoscopic,Malignant,BCC,BCC
ISIC_8842467,IL_0330771,clinical: close-up,Malignant,BCC,BCC
ISIC_8843104,IL_0882013,dermoscopic,Malignant,BCC,BCC
ISIC_8845800,IL_4008032,clinical: close-up,Malignant,BCC,BCC
ISIC_8846211,IL_8591988,clinical: close-up,Malignant,BCC,BCC
ISIC_8846554,IL_4153539,dermoscopic,Malignant,BCC,BCC
ISIC_8850071,IL_0185297,dermoscopic,Malignant,BCC,BCC
ISIC_8851382,IL_7648994,clinical: close-up,Malignant,BCC,BCC
ISIC_8853941,IL_6877500,clinical: close-up,Benign,NV,NV
ISIC_8856766,IL_2406754,clinical: close-up,Malignant,MEL,MEL
ISIC_8857322,IL_4429998,dermoscopic,Malignant,BCC,BCC
ISIC_8858231,IL_8098270,clinical: close-up,Malignant,BCC,BCC
ISIC_8858434,IL_5421067,clinical: close-up,Malignant,BCC,BCC
ISIC_8858676,IL_5767308,dermoscopic,Benign,BKL,BKL
ISIC_8860235,IL_6676284,dermoscopic,Malignant,AKIEC,AKIEC
ISIC_8862307,IL_2187730,dermoscopic,Indeterminate,AKIEC,AKIEC
ISIC_8862763,IL_8434747,clinical: close-up,Malignant,BCC,BCC
ISIC_8863147,IL_8208194,dermoscopic,Malignant,SCCKA,SCCKA
ISIC_8863788,IL_2694953,clinical: close-up,Benign,NV,NV
ISIC_8865829,IL_9038692,clinical: close-up,Malignant,SCCKA,SCCKA
ISIC_8866895,IL_9692603,clinical: close-up,Malignant,BCC,BCC
ISIC_8867010,IL_9737079,clinical: close-up,Malignant,BCC,BCC
ISIC_8868003,IL_2528197,clinical: close-up,Malignant,AKIEC,AKIEC
ISIC_8868777,IL_3406268,dermoscopic,Malignant,BCC,BCC
ISIC_8869199,IL_3859147,clinical: close-up,Malignant,BCC,BCC
ISIC_8870190,IL_1072966,dermoscopic,Benign,BKL,BKL
ISIC_8870317,IL_1804750,dermoscopic,Indeterminate,AKIEC,AKIEC
ISIC_8870441,IL_0024228,dermoscopic,Benign,NV,NV
ISIC_8873365,IL_8299978,dermoscopic,Benign,NV,NV
ISIC_8874166,IL_8850331,dermoscopic,Malignant,MEL,MEL
ISIC_8876204,IL_9303237,clinical: close-up,Benign,BKL,BKL
ISIC_8877039,IL_9801518,dermoscopic,Malignant,BCC,BCC
ISIC_8878792,IL_7135513,clinical: close-up,Benign,BKL,BKL
ISIC_8879305,IL_1524130,clinical: close-up,Malignant,SCCKA,SCCKA
ISIC_8879612,IL_6800675,clinical: close-up,Malignant,BCC,BCC
ISIC_8880430,IL_2715544,dermoscopic,Benign,BKL,BKL
ISIC_8880596,IL_1170242,dermoscopic,Benign,BKL,BKL
ISIC_8880696,IL_5444067,clinical: close-up,Malignant,SCCKA,SCCKA
ISIC_8882028,IL_0256992,clinical: close-up,Malignant,BCC,BCC
ISIC_8882107,IL_3360442,dermoscopic,Malignant,BCC,BCC
ISIC_8882696,IL_2454267,dermoscopic,Malignant,SCCKA,SCCKA
ISIC_8883053,IL_7976710,dermoscopic,Malignant,BCC,BCC
ISIC_8883217,IL_9106162,dermoscopic,Malignant,BCC,BCC
ISIC_8890260,IL_5423351,clinical: close-up,Benign,BKL,BKL
ISIC_8890680,IL_8719061,dermoscopic,Malignant,BCC,BCC
ISIC_8893011,IL_2197335,clinical: close-up,Malignant,SCCKA,SCCKA
ISIC_8894147,IL_7620308,dermoscopic,Benign,NV,NV
ISIC_8894733,IL_3205547,clinical: close-up,Benign,BKL,BKL
ISIC_8895392,IL_6983089,clinical: close-up,Malignant,BCC,BCC
ISIC_8897421,IL_4571901,clinical: close-up,Malignant,BCC,BCC
ISIC_8897741,IL_4052730,dermoscopic,Benign,NV,NV
ISIC_8898114,IL_6976997,clinical: close-up,Malignant,BCC,BCC
ISIC_8898285,IL_8892581,clinical: close-up,Malignant,SCCKA,SCCKA
ISIC_8898834,IL_8767965,clinical: close-up,Indeterminate,AKIEC,AKIEC
ISIC_8899246,IL_5848004,clinical: close-up,Benign,NV,NV
ISIC_8903447,IL_1958887,clinical: close-up,Malignant,BCC,BCC
ISIC_8904388,IL_3615210,dermoscopic,Malignant,BCC,BCC
ISIC_8904796,IL_9720505,dermoscopic,Malignant,BCC,BCC
ISIC_8906358,IL_9447279,dermoscopic,Malignant,AKIEC,AKIEC
ISIC_8908980,IL_8951938,clinical: close-up,Malignant,BCC,BCC
ISIC_8912166,IL_3058425,dermoscopic,Malignant,MEL,MEL
ISIC_8914881,IL_6677545,clinical: close-up,Malignant,BCC,BCC
ISIC_8915033,IL_2830385,clinical: close-up,Malignant,SCCKA,SCCKA
ISIC_8916536,IL_9127211,clinical: close-up,Malignant,BCC,BCC
ISIC_8918247,IL_0158496,dermoscopic,Malignant,MEL,MEL
ISIC_8919169,IL_9587475,dermoscopic,Benign,NV,NV
ISIC_8919899,IL_2307468,clinical: close-up,Malignant,MEL,MEL
ISIC_8921695,IL_1601873,dermoscopic,Malignant,BCC,BCC
ISIC_8921737,IL_6865850,clinical: close-up,Benign,BKL,BKL
ISIC_8922165,IL_4126361,dermoscopic,Malignant,BCC,BCC
ISIC_8922391,IL_1918190,clinical: close-up,Malignant,BCC,BCC
ISIC_8923256,IL_5611087,dermoscopic,Malignant,SCCKA,SCCKA
ISIC_8925555,IL_1732835,dermoscopic,Malignant,SCCKA,SCCKA
ISIC_8929684,IL_5915659,dermoscopic,Malignant,AKIEC,AKIEC
ISIC_8930739,IL_3574782,clinical: close-up,Malignant,BCC,BCC
ISIC_8932533,IL_6346442,dermoscopic,Malignant,BCC,BCC
ISIC_8933202,IL_9075898,clinical: close-up,Malignant,SCCKA,SCCKA
ISIC_8934759,IL_6962056,dermoscopic,Malignant,BCC,BCC
ISIC_8935612,IL_5384456,clinical: close-up,Malignant,BCC,BCC
ISIC_8937601,IL_4980476,clinical: close-up,Malignant,MEL,MEL
ISIC_8938866,IL_3930642,dermoscopic,Malignant,BCC,BCC
ISIC_8939939,IL_6558411,dermoscopic,Benign,BKL,BKL
ISIC_8942026,IL_4125524,dermoscopic,Malignant,BCC,BCC
ISIC_8942421,IL_2201458,clinical: close-up,Benign,NV,NV
ISIC_8943266,IL_0685418,clinical: close-up,Malignant,AKIEC,AKIEC
ISIC_8943375,IL_4149493,dermoscopic,Malignant,BCC,BCC
ISIC_8943527,IL_0664842,dermoscopic,Malignant,BCC,BCC
ISIC_8944107,IL_1314812,dermoscopic,Malignant,BCC,BCC
ISIC_8945633,IL_5535772,dermoscopic,Malignant,BCC,BCC
ISIC_8946169,IL_8500877,dermoscopic,Malignant,SCCKA,SCCKA
ISIC_8946719,IL_8515603,dermoscopic,Malignant,SCCKA,SCCKA
ISIC_8947312,IL_5574879,dermoscopic,Malignant,SCCKA,SCCKA
ISIC_8947496,IL_0012199,clinical: close-up,Malignant,SCCKA,SCCKA
ISIC_8949240,IL_1075649,clinical: close-up,Malignant,MEL,MEL
ISIC_8949610,IL_5181041,clinical: close-up,Benign,NV,NV
ISIC_8951479,IL_3663499,dermoscopic,Malignant,BCC,BCC
ISIC_8953004,IL_1501614,clinical: close-up,Malignant,AKIEC,AKIEC
ISIC_8953643,IL_0461573,dermoscopic,Malignant,BCC,BCC
ISIC_8954124,IL_0123995,dermoscopic,Malignant,SCCKA,SCCKA
ISIC_8955200,IL_2989326,dermoscopic,Malignant,MEL,MEL
ISIC_8961614,IL_9630385,dermoscopic,Malignant,MEL,MEL
ISIC_8963623,IL_8681344,clinical: close-up,Malignant,MEL,MEL
ISIC_8966831,IL_1962759,clinical: close-up,Benign,NV,NV
ISIC_8969175,IL_2788163,dermoscopic,Benign,NV,NV
ISIC_8969336,IL_0684409,clinical: close-up,Benign,BKL,BKL
ISIC_8970659,IL_9549484,clinical: close-up,Malignant,BCC,BCC
ISIC_8973952,IL_4003805,dermoscopic,Malignant,BCC,BCC
ISIC_8975655,IL_1684898,dermoscopic,Malignant,BCC,BCC
ISIC_8976859,IL_3973375,dermoscopic,Benign,BKL,BKL
ISIC_8977962,IL_3417024,dermoscopic,Malignant,MEL,MEL
ISIC_8978224,IL_2467466,clinical: close-up,Malignant,AKIEC,AKIEC
ISIC_8979429,IL_1735251,clinical: close-up,Malignant,BCC,BCC
ISIC_8979552,IL_7532764,clinical: close-up,Malignant,BCC,BCC
ISIC_8979849,IL_0521402,dermoscopic,Malignant,BCC,BCC
ISIC_8980636,IL_9059255,clinical: close-up,Malignant,SCCKA,SCCKA
ISIC_8982555,IL_7798468,clinical: close-up,Indeterminate,AKIEC,AKIEC
ISIC_8984053,IL_5799605,clinical: close-up,Malignant,BCC,BCC
ISIC_8984180,IL_6852784,dermoscopic,Malignant,SCCKA,SCCKA
ISIC_8984287,IL_5587633,clinical: close-up,Malignant,BCC,BCC
ISIC_8989132,IL_4840616,clinical: close-up,Malignant,BCC,BCC
ISIC_8989885,IL_6289320,clinical: close-up,Malignant,SCCKA,SCCKA
ISIC_8990576,IL_5527928,clinical: close-up,Malignant,MEL,MEL
ISIC_8992188,IL_8554205,clinical: close-up,Malignant,BCC,BCC
ISIC_8993296,IL_3138805,clinical: close-up,Malignant,SCCKA,SCCKA
ISIC_8995161,IL_2111173,dermoscopic,Malignant,BCC,BCC
ISIC_8997026,IL_3852871,clinical: close-up,Benign,NV,NV
ISIC_9000883,IL_4425238,dermoscopic,Indeterminate,AKIEC,AKIEC
ISIC_9001368,IL_5750100,dermoscopic,Malignant,BCC,BCC
ISIC_9001724,IL_0788459,clinical: close-up,Malignant,BCC,BCC
ISIC_9004284,IL_1188935,clinical: close-up,Benign,BKL,BKL
ISIC_9004415,IL_2834231,clinical: close-up,Malignant,BCC,BCC
ISIC_9005347,IL_2197335,dermoscopic,Malignant,SCCKA,SCCKA
ISIC_9006317,IL_3148585,clinical: close-up,Benign,BKL,BKL
ISIC_9007301,IL_6163368,dermoscopic,Benign,BKL,BKL
ISIC_9008854,IL_0966706,clinical: close-up,Malignant,BCC,BCC
ISIC_9011764,IL_0610557,dermoscopic,Benign,NV,NV
ISIC_9017680,IL_8297781,dermoscopic,Malignant,BCC,BCC
ISIC_9018696,IL_6635942,dermoscopic,Malignant,BCC,BCC
ISIC_9019095,IL_2995561,clinical: close-up,Malignant,BCC,BCC
ISIC_9019664,IL_9550703,dermoscopic,Benign,BKL,BKL
ISIC_9022996,IL_7811339,clinical: close-up,Malignant,BCC,BCC
ISIC_9023174,IL_5482346,clinical: close-up,Malignant,BCC,BCC
ISIC_9024518,IL_2141966,clinical: close-up,Malignant,BCC,BCC
ISIC_9026654,IL_4465213,clinical: close-up,Malignant,BCC,BCC
ISIC_9026951,IL_3774804,dermoscopic,Malignant,SCCKA,SCCKA
ISIC_9030298,IL_5411298,clinical: close-up,Malignant,BCC,BCC
ISIC_9030826,IL_1407853,dermoscopic,Benign,NV,NV
ISIC_9034449,IL_9440413,clinical: close-up,Benign,BKL,BKL
ISIC_9038494,IL_1509738,dermoscopic,Malignant,BCC,BCC
ISIC_9039481,IL_0513622,clinical: close-up,Malignant,BCC,BCC
ISIC_9039736,IL_4522594,clinical: close-up,Malignant,MEL,MEL
ISIC_9041525,IL_8588152,dermoscopic,Malignant,MEL,MEL
ISIC_9043374,IL_4621496,clinical: close-up,Malignant,BCC,BCC
ISIC_9045023,IL_3806100,clinical: close-up,Malignant,SCCKA,SCCKA
ISIC_9046790,IL_6503105,clinical: close-up,Malignant,MEL,MEL
ISIC_9047853,IL_0064763,clinical: close-up,Malignant,SCCKA,SCCKA
ISIC_9048808,IL_2478742,clinical: close-up,Malignant,BCC,BCC
ISIC_9051035,IL_6313730,clinical: close-up,Malignant,BCC,BCC
ISIC_9051937,IL_5345860,dermoscopic,Malignant,BCC,BCC
ISIC_9053541,IL_6014318,dermoscopic,Malignant,BCC,BCC
ISIC_9054883,IL_3383125,clinical: close-up,Malignant,BCC,BCC
ISIC_9055167,IL_2372422,clinical: close-up,Benign,NV,NV
ISIC_9055453,IL_0321969,clinical: close-up,Benign,NV,NV
ISIC_9055556,IL_0159486,dermoscopic,Malignant,MEL,MEL
ISIC_9056629,IL_4279483,clinical: close-up,Malignant,BCC,BCC
ISIC_9057655,IL_2707922,dermoscopic,Malignant,SCCKA,SCCKA
ISIC_9058731,IL_7749635,clinical: close-up,Benign,BKL,BKL
ISIC_9059079,IL_3809267,clinical: close-up,Malignant,MEL,MEL
ISIC_9060041,IL_1866823,dermoscopic,Malignant,BCC,BCC
ISIC_9060326,IL_1378003,clinical: close-up,Benign,NV,NV
ISIC_9060487,IL_5797500,clinical: close-up,Benign,NV,NV
ISIC_9061574,IL_3058425,clinical: close-up,Malignant,MEL,MEL
ISIC_9061787,IL_4987337,clinical: close-up,Malignant,BCC,BCC
ISIC_9062645,IL_2495327,clinical: close-up,Malignant,BCC,BCC
ISIC_9063581,IL_6169734,dermoscopic,Malignant,SCCKA,SCCKA
ISIC_9064266,IL_5555860,dermoscopic,Malignant,BCC,BCC
ISIC_9067523,IL_7520966,dermoscopic,Malignant,SCCKA,SCCKA
ISIC_9069540,IL_1609893,clinical: close-up,Malignant,AKIEC,AKIEC
ISIC_9071975,IL_5264589,dermoscopic,Benign,BKL,BKL
ISIC_9072692,IL_7101016,clinical: close-up,Malignant,BCC,BCC
ISIC_9073117,IL_3884933,clinical: close-up,Malignant,BCC,BCC
ISIC_9073665,IL_1577473,dermoscopic,Malignant,SCCKA,SCCKA
ISIC_9074776,IL_6346442,clinical: close-up,Malignant,BCC,BCC
ISIC_9075808,IL_9982376,dermoscopic,Malignant,SCCKA,SCCKA
ISIC_9076466,IL_4420927,clinical: close-up,Benign,NV,NV
ISIC_9076757,IL_1766125,clinical: close-up,Benign,NV,NV
ISIC_9076994,IL_6346184,clinical: close-up,Malignant,BCC,BCC
ISIC_9078579,IL_8175900,clinical: close-up,Benign,BKL,BKL
ISIC_9078796,IL_4797529,clinical: close-up,Malignant,MEL,MEL
ISIC_9079428,IL_5352548,clinical: close-up,Malignant,BCC,BCC
ISIC_9080829,IL_1693887,dermoscopic,Malignant,SCCKA,SCCKA
ISIC_9083944,IL_1178770,clinical: close-up,Malignant,SCCKA,SCCKA
ISIC_9084000,IL_3488429,dermoscopic,Malignant,BCC,BCC
ISIC_9084534,IL_1022575,dermoscopic,Benign,BKL,BKL
ISIC_9090562,IL_0269822,dermoscopic,Malignant,SCCKA,SCCKA
ISIC_9091739,IL_4755561,clinical: close-up,Benign,NV,NV
ISIC_9092057,IL_1326669,dermoscopic,Malignant,SCCKA,SCCKA
ISIC_9093424,IL_5793339,dermoscopic,Malignant,BCC,BCC
ISIC_9098536,IL_7820661,clinical: close-up,Malignant,MEL,MEL
ISIC_9098662,IL_3271676,clinical: close-up,Malignant,BCC,BCC
ISIC_9098981,IL_3453453,dermoscopic,Malignant,BCC,BCC
ISIC_9100704,IL_8063074,clinical: close-up,Malignant,SCCKA,SCCKA
ISIC_9101382,IL_9961015,clinical: close-up,Benign,NV,NV
ISIC_9101809,IL_3311502,dermoscopic,Benign,INF,INF
ISIC_9102029,IL_2493463,clinical: close-up,Benign,INF,INF
ISIC_9103397,IL_6647524,dermoscopic,Malignant,BCC,BCC
ISIC_9105114,IL_2670180,dermoscopic,Malignant,SCCKA,SCCKA
ISIC_9105300,IL_2480187,clinical: close-up,Malignant,BCC,BCC
ISIC_9105996,IL_7991885,clinical: close-up,Benign,DF,DF
ISIC_9107434,IL_5725663,clinical: close-up,Malignant,SCCKA,SCCKA
ISIC_9107881,IL_7465840,clinical: close-up,Malignant,BCC,BCC
ISIC_9111814,IL_4980476,dermoscopic,Malignant,MEL,MEL
ISIC_9112089,IL_2704222,clinical: close-up,Malignant,BCC,BCC
ISIC_9114285,IL_9271885,clinical: close-up,Malignant,BCC,BCC
ISIC_9114356,IL_6665809,clinical: close-up,Malignant,AKIEC,AKIEC
ISIC_9115621,IL_6687595,clinical: close-up,Malignant,AKIEC,AKIEC
ISIC_9115886,IL_2692923,dermoscopic,Malignant,MEL,MEL
ISIC_9116920,IL_0778720,clinical: close-up,Malignant,BCC,BCC
ISIC_9118088,IL_5612108,clinical: close-up,Malignant,BCC,BCC
ISIC_9118975,IL_8577352,clinical: close-up,Malignant,BCC,BCC
ISIC_9121967,IL_1225900,clinical: close-up,Malignant,BCC,BCC
ISIC_9124673,IL_5271098,clinical: close-up,Malignant,BCC,BCC
ISIC_9125091,IL_2643688,clinical: close-up,Malignant,BCC,BCC
ISIC_9126529,IL_0419410,dermoscopic,Benign,BKL,BKL
ISIC_9127714,IL_7406040,clinical: close-up,Malignant,BCC,BCC
ISIC_9130589,IL_2045312,clinical: close-up,Benign,BKL,BKL
ISIC_9132204,IL_8066973,dermoscopic,Malignant,BCC,BCC
ISIC_9132828,IL_9588769,dermoscopic,Malignant,SCCKA,SCCKA
ISIC_9134607,IL_8209280,clinical: close-up,Malignant,SCCKA,SCCKA
ISIC_9135081,IL_2869334,clinical: close-up,Benign,BKL,BKL
ISIC_9136213,IL_1657109,clinical: close-up,Benign,NV,NV
ISIC_9136283,IL_7308703,dermoscopic,Benign,NV,NV
ISIC_9137740,IL_6186086,dermoscopic,Malignant,BCC,BCC
ISIC_9138708,IL_2251531,dermoscopic,Malignant,BCC,BCC
ISIC_9139090,IL_1592850,dermoscopic,Benign,BKL,BKL
ISIC_9139162,IL_8019185,clinical: close-up,Malignant,BCC,BCC
ISIC_9140116,IL_3253177,dermoscopic,Benign,NV,NV
ISIC_9140869,IL_1703552,clinical: close-up,Malignant,BCC,BCC
ISIC_9140973,IL_5439022,clinical: close-up,Benign,NV,NV
ISIC_9141788,IL_5879862,dermoscopic,Malignant,MEL,MEL
ISIC_9142036,IL_1748759,dermoscopic,Malignant,BCC,BCC
ISIC_9145770,IL_7292405,dermoscopic,Malignant,SCCKA,SCCKA
ISIC_9148166,IL_0965927,clinical: close-up,Benign,NV,NV
ISIC_9148837,IL_8338996,dermoscopic,Benign,BEN_OTH,OTHER
ISIC_9149605,IL_9965908,clinical: close-up,Malignant,BCC,BCC
ISIC_9153141,IL_6711797,dermoscopic,Malignant,BCC,BCC
ISIC_9153724,IL_7059623,dermoscopic,Benign,NV,NV
ISIC_9155561,IL_2797593,clinical: close-up,Benign,NV,NV
ISIC_9156154,IL_2093270,dermoscopic,Benign,NV,NV
ISIC_9157592,IL_2087483,dermoscopic,Benign,DF,DF
ISIC_9159202,IL_5708642,dermoscopic,Malignant,SCCKA,SCCKA
ISIC_9161347,IL_2408766,clinical: close-up,Indeterminate,AKIEC,AKIEC
ISIC_9161483,IL_5076960,dermoscopic,Malignant,BCC,BCC
ISIC_9161612,IL_2360320,dermoscopic,Malignant,BCC,BCC
ISIC_9163561,IL_3069330,dermoscopic,Malignant,BCC,BCC
ISIC_9164586,IL_6138895,clinical: close-up,Malignant,BCC,BCC
ISIC_9166927,IL_3393264,clinical: close-up,Benign,NV,NV
ISIC_9167637,IL_0736879,clinical: close-up,Malignant,BCC,BCC
ISIC_9170556,IL_3339470,dermoscopic,Malignant,BCC,BCC
ISIC_9171793,IL_6607832,dermoscopic,Malignant,MEL,MEL
ISIC_9172622,IL_6869608,clinical: close-up,Benign,NV,NV
ISIC_9173490,IL_7478633,clinical: close-up,Benign,INF,INF
ISIC_9173896,IL_3914396,clinical: close-up,Malignant,BCC,BCC
ISIC_9174580,IL_4498199,dermoscopic,Malignant,MEL,MEL
ISIC_9175575,IL_7647524,dermoscopic,Benign,NV,NV
ISIC_9176060,IL_4157363,clinical: close-up,Malignant,AKIEC,AKIEC
ISIC_9176784,IL_3019343,clinical: close-up,Malignant,BCC,BCC
ISIC_9177006,IL_3987209,clinical: close-up,Malignant,SCCKA,SCCKA
ISIC_9177146,IL_8162391,clinical: close-up,Indeterminate,AKIEC,AKIEC
ISIC_9178156,IL_0489772,clinical: close-up,Malignant,BCC,BCC
ISIC_9178763,IL_7595050,dermoscopic,Malignant,BCC,BCC
ISIC_9179044,IL_9680907,dermoscopic,Malignant,MEL,MEL
ISIC_9179884,IL_6877594,dermoscopic,Malignant,MEL,MEL
ISIC_9180125,IL_2359351,dermoscopic,Benign,BKL,BKL
ISIC_9182531,IL_9991953,dermoscopic,Malignant,MEL,MEL
ISIC_9183026,IL_6372832,clinical: close-up,Indeterminate,AKIEC,AKIEC
ISIC_9183794,IL_0218965,dermoscopic,Benign,NV,NV
ISIC_9185835,IL_0303759,dermoscopic,Malignant,BCC,BCC
ISIC_9186111,IL_5996475,dermoscopic,Malignant,MEL,MEL
ISIC_9186927,IL_9917899,clinical: close-up,Malignant,BCC,BCC
ISIC_9187182,IL_5797500,dermoscopic,Benign,NV,NV
ISIC_9188713,IL_3651436,dermoscopic,Malignant,BCC,BCC
ISIC_9191650,IL_2759218,clinical: close-up,Malignant,MEL,MEL
ISIC_9191957,IL_0063537,clinical: close-up,Malignant,BCC,BCC
ISIC_9192620,IL_3082465,dermoscopic,Benign,BKL,BKL
ISIC_9195108,IL_0225213,dermoscopic,Malignant,BCC,BCC
ISIC_9198253,IL_7803371,clinical: close-up,Malignant,SCCKA,SCCKA
ISIC_9198446,IL_5917999,clinical: close-up,Benign,NV,NV
ISIC_9199020,IL_3395310,dermoscopic,Malignant,BCC,BCC
ISIC_9200112,IL_6215945,clinical: close-up,Malignant,BCC,BCC
ISIC_9203716,IL_0466626,clinical: close-up,Benign,NV,NV
ISIC_9204844,IL_7663588,dermoscopic,Malignant,BCC,BCC
ISIC_9205905,IL_9167025,clinical: close-up,Malignant,BCC,BCC
ISIC_9206416,IL_7940585,clinical: close-up,Benign,NV,NV
ISIC_9206516,IL_8111694,dermoscopic,Benign,BKL,BKL
ISIC_9206660,IL_0080398,dermoscopic,Malignant,MEL,MEL
ISIC_9206757,IL_9374643,clinical: close-up,Malignant,BCC,BCC
ISIC_9207099,IL_0434993,dermoscopic,Benign,BKL,BKL
ISIC_9207862,IL_4859136,clinical: close-up,Malignant,BCC,BCC
ISIC_9209191,IL_2504779,clinical: close-up,Benign,NV,NV
ISIC_9209458,IL_9070034,dermoscopic,Benign,BKL,BKL
ISIC_9212173,IL_3415127,dermoscopic,Malignant,BCC,BCC
ISIC_9212791,IL_6021149,clinical: close-up,Malignant,BCC,BCC
ISIC_9213644,IL_2401585,clinical: close-up,Benign,BKL,BKL
ISIC_9214947,IL_5750110,dermoscopic,Benign,NV,NV
ISIC_9216543,IL_3221884,clinical: close-up,Malignant,BCC,BCC
ISIC_9216609,IL_7900127,dermoscopic,Malignant,BCC,BCC
ISIC_9218783,IL_7170892,dermoscopic,Malignant,BCC,BCC
ISIC_9219836,IL_7234452,clinical: close-up,Benign,NV,NV
ISIC_9221083,IL_7657501,clinical: close-up,Malignant,BCC,BCC
ISIC_9221495,IL_2344576,clinical: close-up,Benign,BKL,BKL
ISIC_9222540,IL_2797829,dermoscopic,Benign,BKL,BKL
ISIC_9222858,IL_9982376,clinical: close-up,Malignant,SCCKA,SCCKA
ISIC_9223565,IL_0820798,clinical: close-up,Malignant,AKIEC,AKIEC
ISIC_9225499,IL_7481126,clinical: close-up,Malignant,MEL,MEL
ISIC_9226737,IL_6337790,dermoscopic,Benign,BKL,BKL
ISIC_9227362,IL_4156451,dermoscopic,Malignant,BCC,BCC
ISIC_9227379,IL_9180201,clinical: close-up,Malignant,BCC,BCC
ISIC_9231306,IL_5310899,dermoscopic,Benign,BKL,BKL
ISIC_9233052,IL_2689946,clinical: close-up,Benign,BKL,BKL
ISIC_9236022,IL_9194841,clinical: close-up,Malignant,BCC,BCC
ISIC_9236121,IL_6071484,clinical: close-up,Malignant,SCCKA,SCCKA
ISIC_9237488,IL_9064607,clinical: close-up,Benign,BKL,BKL
ISIC_9239028,IL_4130866,clinical: close-up,Malignant,BCC,BCC
ISIC_9239381,IL_7555285,clinical: close-up,Benign,BKL,BKL
ISIC_9239978,IL_2651247,dermoscopic,Malignant,MEL,MEL
ISIC_9240332,IL_7929942,clinical: close-up,Malignant,SCCKA,SCCKA
ISIC_9242872,IL_9353162,dermoscopic,Benign,DF,DF
ISIC_9247586,IL_4130866,dermoscopic,Malignant,BCC,BCC
ISIC_9249196,IL_9126795,dermoscopic,Malignant,BCC,BCC
ISIC_9250445,IL_0617635,clinical: close-up,Benign,BKL,BKL
ISIC_9250861,IL_1275816,clinical: close-up,Malignant,MEL,MEL
ISIC_9251635,IL_3615210,clinical: close-up,Malignant,BCC,BCC
ISIC_9253237,IL_6498340,clinical: close-up,Malignant,BCC,BCC
ISIC_9254169,IL_9592842,clinical: close-up,Malignant,BCC,BCC
ISIC_9254710,IL_1577299,dermoscopic,Malignant,AKIEC,AKIEC
ISIC_9255011,IL_3605485,clinical: close-up,Malignant,AKIEC,AKIEC
ISIC_9255133,IL_2591955,dermoscopic,Malignant,BCC,BCC
ISIC_9255385,IL_3496860,clinical: close-up,Benign,NV,NV
ISIC_9255841,IL_6942277,dermoscopic,Malignant,BCC,BCC
ISIC_9256618,IL_7582740,dermoscopic,Malignant,BCC,BCC
ISIC_9256840,IL_4614364,clinical: close-up,Malignant,SCCKA,SCCKA
ISIC_9258545,IL_6581276,clinical: close-up,Malignant,MEL,MEL
ISIC_9258794,IL_0584464,clinical: close-up,Benign,BKL,BKL
ISIC_9259846,IL_3450487,clinical: close-up,Malignant,SCCKA,SCCKA
ISIC_9260804,IL_1075740,clinical: close-up,Malignant,MEL,MEL
ISIC_9261011,IL_5040645,clinical: close-up,Malignant,BCC,BCC
ISIC_9261289,IL_6944538,clinical: close-up,Malignant,BCC,BCC
ISIC_9261403,IL_8102879,clinical: close-up,Benign,INF,INF
ISIC_9262459,IL_3248533,dermoscopic,Malignant,BCC,BCC
ISIC_9263681,IL_8689446,clinical: close-up,Indeterminate,AKIEC,AKIEC
ISIC_9263753,IL_7332620,dermoscopic,Malignant,BCC,BCC
ISIC_9264413,IL_6962056,clinical: close-up,Malignant,BCC,BCC
ISIC_9265386,IL_3802643,dermoscopic,Malignant,BCC,BCC
ISIC_9266057,IL_6705491,dermoscopic,Malignant,MEL,MEL
ISIC_9267796,IL_4405494,dermoscopic,Benign,NV,NV
ISIC_9268464,IL_1118490,dermoscopic,Malignant,BCC,BCC
ISIC_9269238,IL_1592850,clinical: close-up,Benign,BKL,BKL
ISIC_9271327,IL_2315075,dermoscopic,Malignant,BCC,BCC
ISIC_9271454,IL_9088569,clinical: close-up,Malignant,SCCKA,SCCKA
ISIC_9272344,IL_8891423,clinical: close-up,Benign,NV,NV
ISIC_9274292,IL_9146194,dermoscopic,Malignant,BCC,BCC
ISIC_9275120,IL_1396679,dermoscopic,Malignant,BCC,BCC
ISIC_9276683,IL_2032936,clinical: close-up,Malignant,BCC,BCC
ISIC_9276715,IL_5504376,dermoscopic,Benign,NV,NV
ISIC_9276884,IL_8169516,dermoscopic,Benign,BEN_OTH,OTHER
ISIC_9276888,IL_8864623,clinical: close-up,Malignant,SCCKA,SCCKA
ISIC_9276896,IL_9505312,dermoscopic,Malignant,MEL,MEL
ISIC_9277601,IL_6384102,dermoscopic,Benign,BKL,BKL
ISIC_9278360,IL_9731516,dermoscopic,Malignant,BCC,BCC
ISIC_9280380,IL_9166161,clinical: close-up,Benign,NV,NV
ISIC_9281043,IL_8819924,dermoscopic,Malignant,BCC,BCC
ISIC_9285071,IL_4831820,clinical: close-up,Malignant,BCC,BCC
ISIC_9285479,IL_0850065,clinical: close-up,Malignant,BCC,BCC
ISIC_9286506,IL_5882272,dermoscopic,Malignant,SCCKA,SCCKA
ISIC_9286963,IL_3310631,dermoscopic,Malignant,BCC,BCC
ISIC_9290748,IL_6753634,dermoscopic,Malignant,SCCKA,SCCKA
ISIC_9294596,IL_5137541,clinical: close-up,Malignant,BCC,BCC
ISIC_9294763,IL_9420839,dermoscopic,Malignant,BCC,BCC
ISIC_9296237,IL_5903951,dermoscopic,Malignant,BCC,BCC
ISIC_9297268,IL_3640524,dermoscopic,Benign,NV,NV
ISIC_9301982,IL_4186953,clinical: close-up,Malignant,SCCKA,SCCKA
ISIC_9304458,IL_3424519,clinical: close-up,Benign,NV,NV
ISIC_9308029,IL_1622119,clinical: close-up,Malignant,MEL,MEL
ISIC_9309251,IL_6897591,clinical: close-up,Malignant,BCC,BCC
ISIC_9310034,IL_5550773,clinical: close-up,Malignant,AKIEC,AKIEC
ISIC_9310886,IL_1042146,clinical: close-up,Malignant,BCC,BCC
ISIC_9311925,IL_3312566,clinical: close-up,Malignant,BCC,BCC
ISIC_9312951,IL_7167860,clinical: close-up,Benign,INF,INF
ISIC_9314032,IL_7644986,clinical: close-up,Malignant,BCC,BCC
ISIC_9314612,IL_6296094,clinical: close-up,Malignant,BCC,BCC
ISIC_9314988,IL_7776023,dermoscopic,Malignant,MEL,MEL
ISIC_9315615,IL_9875986,clinical: close-up,Malignant,BCC,BCC
ISIC_9316561,IL_8570577,clinical: close-up,Benign,NV,NV
ISIC_9316861,IL_3752602,dermoscopic,Malignant,BCC,BCC
ISIC_9317486,IL_2870960,dermoscopic,Benign,NV,NV
ISIC_9317670,IL_1036024,dermoscopic,Malignant,BCC,BCC
ISIC_9318888,IL_7181510,clinical: close-up,Malignant,BCC,BCC
ISIC_9319124,IL_3727802,dermoscopic,Malignant,BCC,BCC
ISIC_9320577,IL_0700053,clinical: close-up,Malignant,BCC,BCC
ISIC_9320989,IL_3485439,clinical: close-up,Malignant,BCC,BCC
ISIC_9322304,IL_9125215,clinical: close-up,Malignant,BCC,BCC
ISIC_9323438,IL_4452880,dermoscopic,Malignant,BCC,BCC
ISIC_9325289,IL_5747539,clinical: close-up,Malignant,BCC,BCC
ISIC_9326688,IL_4419793,clinical: close-up,Malignant,AKIEC,AKIEC
ISIC_9329600,IL_6946441,dermoscopic,Malignant,BCC,BCC
ISIC_9332272,IL_6140598,dermoscopic,Malignant,MEL,MEL
ISIC_9336484,IL_5922300,clinical: close-up,Malignant,BCC,BCC
ISIC_9336765,IL_0861940,dermoscopic,Malignant,BCC,BCC
ISIC_9336915,IL_0550618,clinical: close-up,Malignant,BCC,BCC
ISIC_9338271,IL_2965012,clinical: close-up,Malignant,BCC,BCC
ISIC_9338482,IL_0318296,dermoscopic,Malignant,SCCKA,SCCKA
ISIC_9340414,IL_0306057,dermoscopic,Benign,NV,NV
ISIC_9342357,IL_5895681,dermoscopic,Malignant,MEL,MEL
ISIC_9342460,IL_6506756,clinical: close-up,Benign,NV,NV
ISIC_9346486,IL_7553488,clinical: close-up,Benign,NV,NV
ISIC_9348273,IL_2962292,dermoscopic,Malignant,BCC,BCC
ISIC_9350105,IL_2031934,dermoscopic,Malignant,BCC,BCC
ISIC_9351886,IL_2852064,dermoscopic,Malignant,BCC,BCC
ISIC_9353865,IL_2371687,dermoscopic,Benign,NV,NV
ISIC_9354948,IL_5011583,dermoscopic,Malignant,BCC,BCC
ISIC_9355799,IL_9202251,clinical: close-up,Malignant,AKIEC,AKIEC
ISIC_9356329,IL_6316913,dermoscopic,Malignant,BCC,BCC
ISIC_9357735,IL_9891746,dermoscopic,Malignant,MEL,MEL
ISIC_9360308,IL_2381875,clinical: close-up,Benign,NV,NV
ISIC_9361398,IL_9951114,dermoscopic,Benign,NV,NV
ISIC_9365663,IL_8107077,dermoscopic,Malignant,BCC,BCC
ISIC_9365835,IL_5945369,clinical: close-up,Malignant,BCC,BCC
ISIC_9369364,IL_6691534,clinical: close-up,Malignant,BCC,BCC
ISIC_9369610,IL_9235680,clinical: close-up,Malignant,BCC,BCC
ISIC_9370126,IL_6157521,dermoscopic,Benign,BKL,BKL
ISIC_9375501,IL_3310631,clinical: close-up,Malignant,BCC,BCC
ISIC_9376579,IL_9222383,clinical: close-up,Benign,BEN_OTH,OTHER
ISIC_9379186,IL_9840825,clinical: close-up,Malignant,SCCKA,SCCKA
ISIC_9379796,IL_0100733,clinical: close-up,Benign,BEN_OTH,OTHER
ISIC_9380419,IL_5236788,dermoscopic,Benign,BKL,BKL
ISIC_9382183,IL_2915335,clinical: close-up,Malignant,SCCKA,SCCKA
ISIC_9383853,IL_4270354,clinical: close-up,Malignant,BCC,BCC
ISIC_9384262,IL_5092028,clinical: close-up,Malignant,AKIEC,AKIEC
ISIC_9388783,IL_9372364,clinical: close-up,Benign,BKL,BKL
ISIC_9390488,IL_8301867,dermoscopic,Malignant,AKIEC,AKIEC
ISIC_9390664,IL_6841105,dermoscopic,Malignant,BCC,BCC
ISIC_9390963,IL_0712386,dermoscopic,Malignant,BCC,BCC
ISIC_9399207,IL_3529988,dermoscopic,Malignant,BCC,BCC
ISIC_9399711,IL_5709126,dermoscopic,Malignant,BCC,BCC
ISIC_9400307,IL_5071813,dermoscopic,Benign,BKL,BKL
ISIC_9400517,IL_9439830,clinical: close-up,Benign,INF,INF
ISIC_9401613,IL_0386446,clinical: close-up,Malignant,BCC,BCC
ISIC_9403836,IL_4180707,dermoscopic,Malignant,BCC,BCC
ISIC_9406973,IL_6083019,dermoscopic,Benign,BKL,BKL
ISIC_9408905,IL_7532219,dermoscopic,Malignant,BCC,BCC
ISIC_9410235,IL_0466383,dermoscopic,Malignant,BCC,BCC
ISIC_9410557,IL_3360442,clinical: close-up,Malignant,BCC,BCC
ISIC_9411450,IL_1327367,dermoscopic,Benign,BKL,BKL
ISIC_9411600,IL_2332411,clinical: close-up,Malignant,MEL,MEL
ISIC_9415828,IL_9481592,dermoscopic,Benign,NV,NV
ISIC_9415992,IL_0913190,dermoscopic,Benign,NV,NV
ISIC_9416518,IL_2664685,clinical: close-up,Benign,NV,NV
ISIC_9421756,IL_2540198,dermoscopic,Malignant,SCCKA,SCCKA
ISIC_9422255,IL_5529051,clinical: close-up,Malignant,AKIEC,AKIEC
ISIC_9423469,IL_6639439,dermoscopic,Malignant,BCC,BCC
ISIC_9423923,IL_5333822,clinical: close-up,Malignant,MEL,MEL
ISIC_9424114,IL_6605794,clinical: close-up,Malignant,BCC,BCC
ISIC_9426065,IL_3884750,dermoscopic,Malignant,BCC,BCC
ISIC_9426194,IL_8283789,clinical: close-up,Benign,NV,NV
ISIC_9426683,IL_3772010,clinical: close-up,Malignant,MAL_OTH,OTHER
ISIC_9427744,IL_1664257,dermoscopic,Benign,NV,NV
ISIC_9430710,IL_4179899,clinical: close-up,Malignant,MEL,MEL
ISIC_9430903,IL_8839163,clinical: close-up,Malignant,BCC,BCC
ISIC_9432372,IL_2401627,clinical: close-up,Malignant,BCC,BCC
ISIC_9434832,IL_5527928,dermoscopic,Malignant,MEL,MEL
ISIC_9441092,IL_6591521,clinical: close-up,Malignant,BCC,BCC
ISIC_9441749,IL_3293751,clinical: close-up,Malignant,BCC,BCC
ISIC_9442170,IL_0930071,clinical: close-up,Benign,NV,NV
ISIC_9442868,IL_3484645,dermoscopic,Indeterminate,AKIEC,AKIEC
ISIC_9443349,IL_0559300,clinical: close-up,Benign,BKL,BKL
ISIC_9444018,IL_2048772,clinical: close-up,Malignant,BCC,BCC
ISIC_9445672,IL_8689446,dermoscopic,Indeterminate,AKIEC,AKIEC
ISIC_9446110,IL_2160413,clinical: close-up,Benign,VASC,VASC
ISIC_9447454,IL_1178770,dermoscopic,Malignant,SCCKA,SCCKA
ISIC_9447530,IL_7240190,dermoscopic,Malignant,BCC,BCC
ISIC_9451191,IL_4902054,dermoscopic,Benign,NV,NV
ISIC_9451867,IL_4805155,dermoscopic,Benign,NV,NV
ISIC_9452345,IL_4876348,dermoscopic,Malignant,SCCKA,SCCKA
ISIC_9454462,IL_6161419,clinical: close-up,Malignant,BCC,BCC
ISIC_9455367,IL_6037224,dermoscopic,Malignant,BCC,BCC
ISIC_9460407,IL_5910352,clinical: close-up,Malignant,BCC,BCC
ISIC_9467983,IL_2291194,dermoscopic,Benign,BKL,BKL
ISIC_9468404,IL_3356147,dermoscopic,Malignant,BCC,BCC
ISIC_9468437,IL_1387239,dermoscopic,Malignant,BCC,BCC
ISIC_9471648,IL_0489772,dermoscopic,Malignant,BCC,BCC
ISIC_9471674,IL_9749729,clinical: close-up,Malignant,BCC,BCC
ISIC_9472474,IL_6733818,dermoscopic,Malignant,BCC,BCC
ISIC_9474028,IL_3990858,dermoscopic,Benign,BKL,BKL
ISIC_9474451,IL_5458528,clinical: close-up,Benign,VASC,VASC
ISIC_9475776,IL_3003587,dermoscopic,Malignant,MEL,MEL
ISIC_9477090,IL_7148705,dermoscopic,Benign,NV,NV
ISIC_9480680,IL_4313247,clinical: close-up,Malignant,SCCKA,SCCKA
ISIC_9483507,IL_9095433,dermoscopic,Malignant,BCC,BCC
ISIC_9484284,IL_8660536,clinical: close-up,Benign,BKL,BKL
ISIC_9485513,IL_9179227,clinical: close-up,Malignant,BCC,BCC
ISIC_9486029,IL_1159424,clinical: close-up,Malignant,MEL,MEL
ISIC_9486866,IL_0199161,dermoscopic,Malignant,BCC,BCC
ISIC_9487621,IL_4316871,clinical: close-up,Malignant,BCC,BCC
ISIC_9488771,IL_1129675,clinical: close-up,Malignant,BCC,BCC
ISIC_9488866,IL_5361912,clinical: close-up,Malignant,BCC,BCC
ISIC_9489767,IL_1565255,clinical: close-up,Malignant,BCC,BCC
ISIC_9489971,IL_4702219,clinical: close-up,Malignant,MEL,MEL
ISIC_9490906,IL_0321321,dermoscopic,Malignant,BCC,BCC
ISIC_9491707,IL_8077047,dermoscopic,Benign,BKL,BKL
ISIC_9492806,IL_9962218,clinical: close-up,Malignant,BCC,BCC
ISIC_9495791,IL_5416210,clinical: close-up,Malignant,SCCKA,SCCKA
ISIC_9497415,IL_6816964,dermoscopic,Malignant,BCC,BCC
ISIC_9501224,IL_8179486,dermoscopic,Malignant,SCCKA,SCCKA
ISIC_9501706,IL_4175034,dermoscopic,Benign,BKL,BKL
ISIC_9501753,IL_9611245,dermoscopic,Malignant,BCC,BCC
ISIC_9502415,IL_0503827,dermoscopic,Malignant,AKIEC,AKIEC
ISIC_9503013,IL_4918224,dermoscopic,Benign,BKL,BKL
ISIC_9504198,IL_9205436,dermoscopic,Benign,VASC,VASC
ISIC_9506376,IL_6431723,dermoscopic,Benign,NV,NV
ISIC_9507615,IL_9600244,dermoscopic,Malignant,BCC,BCC
ISIC_9508038,IL_3154586,clinical: close-up,Malignant,BCC,BCC
ISIC_9508636,IL_0138483,dermoscopic,Malignant,BCC,BCC
ISIC_9509446,IL_6201256,dermoscopic,Malignant,BCC,BCC
ISIC_9509837,IL_3307769,dermoscopic,Malignant,SCCKA,SCCKA
ISIC_9510334,IL_8625871,clinical: close-up,Malignant,BCC,BCC
ISIC_9512295,IL_6362579,clinical: close-up,Malignant,SCCKA,SCCKA
ISIC_9512388,IL_8568128,dermoscopic,Malignant,BCC,BCC
ISIC_9513437,IL_0928846,clinical: close-up,Benign,BKL,BKL
ISIC_9519122,IL_5780931,dermoscopic,Benign,NV,NV
ISIC_9519917,IL_4371981,dermoscopic,Malignant,BCC,BCC
ISIC_9521117,IL_9303237,dermoscopic,Benign,BKL,BKL
ISIC_9521421,IL_4782455,dermoscopic,Malignant,BCC,BCC
ISIC_9521441,IL_0663202,dermoscopic,Malignant,BCC,BCC
ISIC_9521548,IL_5698688,dermoscopic,Malignant,BCC,BCC
ISIC_9522896,IL_7294235,clinical: close-up,Malignant,BCC,BCC
ISIC_9523126,IL_9385765,dermoscopic,Malignant,SCCKA,SCCKA
ISIC_9524858,IL_4212984,clinical: close-up,Malignant,BCC,BCC
ISIC_9525008,IL_3517038,clinical: close-up,Benign,BKL,BKL
ISIC_9526087,IL_7242208,dermoscopic,Malignant,BCC,BCC
ISIC_9528989,IL_7894855,clinical: close-up,Indeterminate,AKIEC,AKIEC
ISIC_9529664,IL_3146700,clinical: close-up,Malignant,BCC,BCC
ISIC_9531073,IL_8758801,clinical: close-up,Malignant,BCC,BCC
ISIC_9531638,IL_6647524,clinical: close-up,Malignant,BCC,BCC
ISIC_9532043,IL_3102698,clinical: close-up,Malignant,SCCKA,SCCKA
ISIC_9532049,IL_7682560,dermoscopic,Benign,NV,NV
ISIC_9534817,IL_5359653,clinical: close-up,Malignant,BCC,BCC
ISIC_9535614,IL_2875724,clinical: close-up,Malignant,BCC,BCC
ISIC_9536932,IL_5727849,dermoscopic,Malignant,BCC,BCC
ISIC_9540648,IL_2956411,dermoscopic,Malignant,MEL,MEL
ISIC_9540789,IL_8273782,dermoscopic,Malignant,MEL,MEL
ISIC_9541260,IL_8984570,clinical: close-up,Malignant,MEL,MEL
ISIC_9542991,IL_0085362,dermoscopic,Indeterminate,AKIEC,AKIEC
ISIC_9543805,IL_4376173,dermoscopic,Benign,NV,NV
ISIC_9544557,IL_1300499,clinical: close-up,Malignant,MEL,MEL
ISIC_9545117,IL_1601873,clinical: close-up,Malignant,BCC,BCC
ISIC_9546161,IL_9439533,clinical: close-up,Malignant,BCC,BCC
ISIC_9546201,IL_0683634,clinical: close-up,Malignant,MEL,MEL
ISIC_9546496,IL_8166826,clinical: close-up,Malignant,MEL,MEL
ISIC_9546502,IL_7230035,dermoscopic,Malignant,MEL,MEL
ISIC_9547255,IL_2493463,dermoscopic,Benign,INF,INF
ISIC_9547421,IL_4701281,clinical: close-up,Benign,NV,NV
ISIC_9549096,IL_5508020,dermoscopic,Malignant,BCC,BCC
ISIC_9550550,IL_9101590,clinical: close-up,Malignant,BCC,BCC
ISIC_9551475,IL_4100089,clinical: close-up,Benign,NV,NV
ISIC_9552444,IL_9780716,dermoscopic,Malignant,BCC,BCC
ISIC_9552881,IL_8962270,clinical: close-up,Benign,NV,NV
ISIC_9553909,IL_9167718,dermoscopic,Malignant,BCC,BCC
ISIC_9558332,IL_3143674,dermoscopic,Malignant,BCC,BCC
ISIC_9559910,IL_7337481,clinical: close-up,Malignant,BCC,BCC
ISIC_9560522,IL_7727406,clinical: close-up,Benign,NV,NV
ISIC_9560548,IL_5441408,dermoscopic,Malignant,BCC,BCC
ISIC_9560662,IL_4663094,clinical: close-up,Benign,NV,NV
ISIC_9561756,IL_0679783,dermoscopic,Benign,BKL,BKL
ISIC_9562051,IL_2880261,dermoscopic,Malignant,BCC,BCC
ISIC_9562131,IL_2274698,clinical: close-up,Malignant,BCC,BCC
ISIC_9566384,IL_5208753,dermoscopic,Malignant,BCC,BCC
ISIC_9566444,IL_5782288,dermoscopic,Malignant,AKIEC,AKIEC
ISIC_9568205,IL_7238711,clinical: close-up,Malignant,BCC,BCC
ISIC_9568577,IL_6781250,dermoscopic,Benign,BKL,BKL
ISIC_9569749,IL_1672894,dermoscopic,Benign,NV,NV
ISIC_9570026,IL_9025368,clinical: close-up,Malignant,AKIEC,AKIEC
ISIC_9570770,IL_1564314,dermoscopic,Malignant,BCC,BCC
ISIC_9570959,IL_6035719,dermoscopic,Malignant,BCC,BCC
ISIC_9571815,IL_3450487,dermoscopic,Malignant,SCCKA,SCCKA
ISIC_9571862,IL_1717276,dermoscopic,Benign,BKL,BKL
ISIC_9572021,IL_6178941,dermoscopic,Benign,NV,NV
ISIC_9572075,IL_6122545,dermoscopic,Malignant,BCC,BCC
ISIC_9573010,IL_2170674,dermoscopic,Malignant,SCCKA,SCCKA
ISIC_9574838,IL_8323588,clinical: close-up,Malignant,BCC,BCC
ISIC_9579385,IL_8863654,clinical: close-up,Benign,BKL,BKL
ISIC_9579576,IL_4298080,dermoscopic,Malignant,MEL,MEL
ISIC_9579888,IL_0321969,dermoscopic,Benign,NV,NV
ISIC_9581647,IL_4588055,dermoscopic,Benign,NV,NV
ISIC_9581881,IL_4459235,clinical: close-up,Malignant,AKIEC,AKIEC
ISIC_9584529,IL_5118917,dermoscopic,Malignant,BCC,BCC
ISIC_9584532,IL_0152415,clinical: close-up,Malignant,BCC,BCC
ISIC_9586593,IL_6881549,clinical: close-up,Malignant,MEL,MEL
ISIC_9586991,IL_8611712,dermoscopic,Malignant,SCCKA,SCCKA
ISIC_9587078,IL_5420018,dermoscopic,Malignant,BCC,BCC
ISIC_9587230,IL_8509848,clinical: close-up,Benign,NV,NV
ISIC_9587357,IL_6770376,clinical: close-up,Malignant,SCCKA,SCCKA
ISIC_9588100,IL_5753278,clinical: close-up,Malignant,BCC,BCC
ISIC_9588487,IL_7611472,dermoscopic,Malignant,MEL,MEL
ISIC_9589099,IL_9863241,dermoscopic,Malignant,BCC,BCC
ISIC_9589958,IL_6478777,clinical: close-up,Malignant,BCC,BCC
ISIC_9592132,IL_3307865,dermoscopic,Malignant,BCC,BCC
ISIC_9592877,IL_0903975,clinical: close-up,Malignant,BCC,BCC
ISIC_9593683,IL_9803330,dermoscopic,Malignant,MEL,MEL
ISIC_9594263,IL_6972994,dermoscopic,Benign,BKL,BKL
ISIC_9594679,IL_7336042,dermoscopic,Malignant,BCC,BCC
ISIC_9594918,IL_8391202,dermoscopic,Malignant,BCC,BCC
ISIC_9596173,IL_9409547,dermoscopic,Malignant,MEL,MEL
ISIC_9597858,IL_4259572,dermoscopic,Malignant,BCC,BCC
ISIC_9598235,IL_5438897,clinical: close-up,Malignant,BCC,BCC
ISIC_9601345,IL_9540986,clinical: close-up,Benign,NV,NV
ISIC_9606854,IL_9383072,clinical: close-up,Malignant,BCC,BCC
ISIC_9608161,IL_6317075,dermoscopic,Malignant,BCC,BCC
ISIC_9609356,IL_1150013,clinical: close-up,Benign,NV,NV
ISIC_9611209,IL_8478424,dermoscopic,Benign,NV,NV
ISIC_9612446,IL_2128198,dermoscopic,Benign,DF,DF
ISIC_9612761,IL_3397274,dermoscopic,Benign,BEN_OTH,OTHER
ISIC_9613721,IL_5992819,dermoscopic,Benign,BKL,BKL
ISIC_9614509,IL_4319503,dermoscopic,Benign,BKL,BKL
ISIC_9614625,IL_8066484,clinical: close-up,Malignant,BCC,BCC
ISIC_9617606,IL_1623050,clinical: close-up,Benign,BKL,BKL
ISIC_9619047,IL_0210628,clinical: close-up,Benign,BKL,BKL
ISIC_9625234,IL_3423821,clinical: close-up,Benign,NV,NV
ISIC_9625758,IL_5189473,dermoscopic,Benign,BKL,BKL
ISIC_9626996,IL_2802715,clinical: close-up,Malignant,BCC,BCC
ISIC_9627212,IL_2983051,clinical: close-up,Malignant,BCC,BCC
ISIC_9627993,IL_0121735,clinical: close-up,Benign,BKL,BKL
ISIC_9629029,IL_3522764,dermoscopic,Malignant,BCC,BCC
ISIC_9630006,IL_4918167,dermoscopic,Benign,INF,INF
ISIC_9634842,IL_9481592,clinical: close-up,Benign,NV,NV
ISIC_9636152,IL_3895392,clinical: close-up,Malignant,SCCKA,SCCKA
ISIC_9639067,IL_3859147,dermoscopic,Malignant,BCC,BCC
ISIC_9639952,IL_5101024,clinical: close-up,Malignant,MEL,MEL
ISIC_9640662,IL_6684084,dermoscopic,Benign,BKL,BKL
ISIC_9641063,IL_1894858,dermoscopic,Malignant,BCC,BCC
ISIC_9641700,IL_8726676,clinical: close-up,Malignant,SCCKA,SCCKA
ISIC_9641859,IL_9480741,dermoscopic,Benign,INF,INF
ISIC_9642724,IL_2426275,dermoscopic,Malignant,BCC,BCC
ISIC_9642927,IL_5725802,clinical: close-up,Benign,NV,NV
ISIC_9642936,IL_7649992,clinical: close-up,Malignant,BCC,BCC
ISIC_9643087,IL_1090086,clinical: close-up,Malignant,BCC,BCC
ISIC_9643914,IL_3146700,dermoscopic,Malignant,BCC,BCC
ISIC_9648502,IL_4667770,clinical: close-up,Indeterminate,AKIEC,AKIEC
ISIC_9651478,IL_3065625,clinical: close-up,Benign,NV,NV
ISIC_9656292,IL_2725320,clinical: close-up,Malignant,AKIEC,AKIEC
ISIC_9660882,IL_7206391,clinical: close-up,Malignant,BCC,BCC
ISIC_9661422,IL_4143082,dermoscopic,Malignant,SCCKA,SCCKA
ISIC_9661702,IL_5529051,dermoscopic,Malignant,AKIEC,AKIEC
ISIC_9662237,IL_3239259,clinical: close-up,Indeterminate,AKIEC,AKIEC
ISIC_9666538,IL_0228777,dermoscopic,Malignant,BCC,BCC
ISIC_9666922,IL_3899977,clinical: close-up,Benign,BKL,BKL
ISIC_9668453,IL_9441829,clinical: close-up,Malignant,BCC,BCC
ISIC_9668533,IL_6478777,dermoscopic,Malignant,BCC,BCC
ISIC_9668892,IL_4420927,dermoscopic,Benign,NV,NV
ISIC_9673021,IL_1623659,clinical: close-up,Malignant,BCC,BCC
ISIC_9674469,IL_4610207,dermoscopic,Malignant,BCC,BCC
ISIC_9676478,IL_9565203,clinical: close-up,Benign,BKL,BKL
ISIC_9676972,IL_2648810,clinical: close-up,Malignant,BCC,BCC
ISIC_9677476,IL_0261809,dermoscopic,Malignant,BCC,BCC
ISIC_9683086,IL_4742005,dermoscopic,Benign,NV,NV
ISIC_9685756,IL_3853343,dermoscopic,Malignant,SCCKA,SCCKA
ISIC_9686538,IL_7208264,dermoscopic,Malignant,SCCKA,SCCKA
ISIC_9693001,IL_9221055,dermoscopic,Malignant,BCC,BCC
ISIC_9693456,IL_3252703,dermoscopic,Malignant,MEL,MEL
ISIC_9693802,IL_2429008,dermoscopic,Malignant,MEL,MEL
ISIC_9693907,IL_7857682,clinical: close-up,Benign,NV,NV
ISIC_9696099,IL_0887241,dermoscopic,Benign,NV,NV
ISIC_9696815,IL_3441650,clinical: close-up,Malignant,BCC,BCC
ISIC_9697273,IL_1442151,dermoscopic,Benign,NV,NV
ISIC_9703128,IL_9755525,clinical: close-up,Benign,BKL,BKL
ISIC_9703510,IL_4507601,dermoscopic,Malignant,BCC,BCC
ISIC_9704742,IL_5897108,clinical: close-up,Malignant,BCC,BCC
ISIC_9706184,IL_7093777,clinical: close-up,Benign,NV,NV
ISIC_9708941,IL_8548746,clinical: close-up,Malignant,BCC,BCC
ISIC_9710909,IL_7972003,dermoscopic,Malignant,BCC,BCC
ISIC_9713038,IL_3749738,dermoscopic,Benign,BKL,BKL
ISIC_9714916,IL_8717683,dermoscopic,Benign,NV,NV
ISIC_9718735,IL_0200790,clinical: close-up,Malignant,BCC,BCC
ISIC_9719495,IL_7570811,clinical: close-up,Malignant,BCC,BCC
ISIC_9721840,IL_7769100,dermoscopic,Malignant,BCC,BCC
ISIC_9726099,IL_9471621,clinical: close-up,Benign,NV,NV
ISIC_9728651,IL_7197131,clinical: close-up,Malignant,BCC,BCC
ISIC_9728749,IL_4966726,dermoscopic,Malignant,BCC,BCC
ISIC_9730737,IL_7165616,clinical: close-up,Indeterminate,AKIEC,AKIEC
ISIC_9733625,IL_1773483,dermoscopic,Malignant,BCC,BCC
ISIC_9737054,IL_5575734,dermoscopic,Malignant,MEL,MEL
ISIC_9738040,IL_4647036,dermoscopic,Malignant,BCC,BCC
ISIC_9739600,IL_6783933,clinical: close-up,Malignant,BCC,BCC
ISIC_9739946,IL_9486743,clinical: close-up,Malignant,SCCKA,SCCKA
ISIC_9740592,IL_6692380,dermoscopic,Malignant,AKIEC,AKIEC
ISIC_9742404,IL_0111269,dermoscopic,Malignant,SCCKA,SCCKA
ISIC_9747479,IL_3518780,clinical: close-up,Malignant,BCC,BCC
ISIC_9747544,IL_1263439,clinical: close-up,Benign,NV,NV
ISIC_9750600,IL_6040962,dermoscopic,Malignant,AKIEC,AKIEC
ISIC_9755138,IL_6316014,dermoscopic,Benign,NV,NV
ISIC_9755301,IL_9211790,clinical: close-up,Malignant,BCC,BCC
ISIC_9756261,IL_8077047,clinical: close-up,Benign,BKL,BKL
ISIC_9756715,IL_2177210,clinical: close-up,Malignant,SCCKA,SCCKA
ISIC_9756777,IL_6738007,clinical: close-up,Malignant,BCC,BCC
ISIC_9756878,IL_6294894,dermoscopic,Benign,NV,NV
ISIC_9757709,IL_0432288,dermoscopic,Malignant,BCC,BCC
ISIC_9759173,IL_7397466,dermoscopic,Benign,NV,NV
ISIC_9760671,IL_6052286,clinical: close-up,Benign,BKL,BKL
ISIC_9761409,IL_6629928,clinical: close-up,Benign,NV,NV
ISIC_9762915,IL_6003342,clinical: close-up,Benign,BKL,BKL
ISIC_9766600,IL_2779245,dermoscopic,Malignant,BCC,BCC
ISIC_9767663,IL_4337427,clinical: close-up,Benign,BKL,BKL
ISIC_9769821,IL_0011263,clinical: close-up,Malignant,BCC,BCC
ISIC_9770798,IL_5996475,clinical: close-up,Malignant,MEL,MEL
ISIC_9774801,IL_7244270,dermoscopic,Malignant,BCC,BCC
ISIC_9776738,IL_7776023,clinical: close-up,Malignant,MEL,MEL
ISIC_9777242,IL_1907886,clinical: close-up,Benign,NV,NV
ISIC_9777580,IL_5880830,dermoscopic,Malignant,BCC,BCC
ISIC_9777954,IL_8535894,dermoscopic,Malignant,MEL,MEL
ISIC_9778028,IL_7077656,clinical: close-up,Malignant,BCC,BCC
ISIC_9778651,IL_9207228,dermoscopic,Malignant,BCC,BCC
ISIC_9780121,IL_2004753,clinical: close-up,Malignant,BCC,BCC
ISIC_9784837,IL_6711797,clinical: close-up,Malignant,BCC,BCC
ISIC_9786685,IL_5764596,clinical: close-up,Malignant,BCC,BCC
ISIC_9788437,IL_7635168,clinical: close-up,Malignant,BCC,BCC
ISIC_9790247,IL_1114001,clinical: close-up,Indeterminate,AKIEC,AKIEC
ISIC_9790773,IL_9783662,dermoscopic,Malignant,BCC,BCC
ISIC_9791119,IL_1659172,dermoscopic,Benign,BKL,BKL
ISIC_9792479,IL_4339655,clinical: close-up,Malignant,BCC,BCC
ISIC_9794743,IL_1572653,clinical: close-up,Benign,BKL,BKL
ISIC_9796777,IL_2926353,dermoscopic,Malignant,BCC,BCC
ISIC_9797265,IL_8717683,clinical: close-up,Benign,NV,NV
ISIC_9802157,IL_0241510,dermoscopic,Malignant,BCC,BCC
ISIC_9802702,IL_7047069,clinical: close-up,Malignant,BCC,BCC
ISIC_9802963,IL_2929786,clinical: close-up,Malignant,SCCKA,SCCKA
ISIC_9804365,IL_7601833,clinical: close-up,Malignant,SCCKA,SCCKA
ISIC_9807651,IL_3527246,clinical: close-up,Malignant,BCC,BCC
ISIC_9807754,IL_1627026,dermoscopic,Malignant,MEL,MEL
ISIC_9809557,IL_1696405,dermoscopic,Benign,NV,NV
ISIC_9810068,IL_6586182,clinical: close-up,Malignant,BCC,BCC
ISIC_9812459,IL_2082500,clinical: close-up,Malignant,BCC,BCC
ISIC_9814156,IL_6985784,dermoscopic,Malignant,BCC,BCC
ISIC_9816395,IL_9195436,dermoscopic,Malignant,BCC,BCC
ISIC_9818203,IL_9504116,dermoscopic,Malignant,BCC,BCC
ISIC_9818964,IL_6066269,clinical: close-up,Benign,BKL,BKL
ISIC_9820266,IL_4702219,dermoscopic,Malignant,MEL,MEL
ISIC_9820396,IL_9835654,clinical: close-up,Malignant,BCC,BCC
ISIC_9826023,IL_9890052,clinical: close-up,Malignant,SCCKA,SCCKA
ISIC_9828047,IL_4970478,clinical: close-up,Malignant,BCC,BCC
ISIC_9828103,IL_5245045,clinical: close-up,Malignant,BCC,BCC
ISIC_9829558,IL_2211543,clinical: close-up,Malignant,BCC,BCC
ISIC_9831096,IL_2295141,clinical: close-up,Malignant,BCC,BCC
ISIC_9832572,IL_9995614,clinical: close-up,Malignant,MEL,MEL
ISIC_9832783,IL_1843719,clinical: close-up,Malignant,BCC,BCC
ISIC_9841903,IL_3376509,dermoscopic,Malignant,BCC,BCC
ISIC_9842192,IL_8402366,dermoscopic,Malignant,SCCKA,SCCKA
ISIC_9843002,IL_3521617,clinical: close-up,Benign,NV,NV
ISIC_9848425,IL_3888766,clinical: close-up,Malignant,BCC,BCC
ISIC_9849120,IL_8578513,dermoscopic,Malignant,BCC,BCC
ISIC_9850235,IL_3154586,dermoscopic,Malignant,BCC,BCC
ISIC_9850344,IL_3812964,clinical: close-up,Benign,NV,NV
ISIC_9850356,IL_2111173,clinical: close-up,Malignant,BCC,BCC
ISIC_9850628,IL_0405680,clinical: close-up,Malignant,MEL,MEL
ISIC_9852855,IL_9207228,clinical: close-up,Malignant,BCC,BCC
ISIC_9860654,IL_0327292,clinical: close-up,Malignant,BCC,BCC
ISIC_9861310,IL_4263582,dermoscopic,Malignant,BCC,BCC
ISIC_9864702,IL_1724228,dermoscopic,Malignant,BCC,BCC
ISIC_9865547,IL_8850639,clinical: close-up,Malignant,MEL,MEL
ISIC_9871721,IL_8212938,clinical: close-up,Malignant,MEL,MEL
ISIC_9873401,IL_0960913,clinical: close-up,Malignant,SCCKA,SCCKA
ISIC_9875123,IL_9901727,dermoscopic,Malignant,BCC,BCC
ISIC_9878811,IL_0719888,clinical: close-up,Malignant,BCC,BCC
ISIC_9878841,IL_5197264,clinical: close-up,Malignant,BCC,BCC
ISIC_9879446,IL_0404248,clinical: close-up,Benign,BKL,BKL
ISIC_9886033,IL_5909950,clinical: close-up,Benign,VASC,VASC
ISIC_9886316,IL_3600941,clinical: close-up,Malignant,BCC,BCC
ISIC_9886654,IL_1741464,dermoscopic,Benign,BKL,BKL
ISIC_9886748,IL_4194346,dermoscopic,Malignant,BCC,BCC
ISIC_9886925,IL_9266140,clinical: close-up,Benign,BKL,BKL
ISIC_9887877,IL_0772122,dermoscopic,Benign,BKL,BKL
ISIC_9890254,IL_0909755,dermoscopic,Benign,NV,NV
ISIC_9891275,IL_9251474,dermoscopic,Benign,NV,NV
ISIC_9892393,IL_3860000,clinical: close-up,Benign,BKL,BKL
ISIC_9892615,IL_9980694,dermoscopic,Malignant,BCC,BCC
ISIC_9893445,IL_3566377,dermoscopic,Benign,BKL,BKL
ISIC_9894744,IL_5911154,clinical: close-up,Malignant,BCC,BCC
ISIC_9895318,IL_5064276,dermoscopic,Malignant,MEL,MEL
ISIC_9896110,IL_3673885,dermoscopic,Malignant,BCC,BCC
ISIC_9896318,IL_9400728,clinical: close-up,Malignant,BCC,BCC
ISIC_9896561,IL_0758142,dermoscopic,Malignant,BCC,BCC
ISIC_9896977,IL_0609142,dermoscopic,Benign,BKL,BKL
ISIC_9899180,IL_3956488,clinical: close-up,Benign,BKL,BKL
ISIC_9900027,IL_9917047,dermoscopic,Malignant,BCC,BCC
ISIC_9900723,IL_4124169,dermoscopic,Benign,NV,NV
ISIC_9901858,IL_9247349,clinical: close-up,Malignant,BCC,BCC
ISIC_9903464,IL_5416595,clinical: close-up,Benign,NV,NV
ISIC_9905593,IL_4700992,dermoscopic,Malignant,AKIEC,AKIEC
ISIC_9909273,IL_5111144,dermoscopic,Malignant,BCC,BCC
ISIC_9912332,IL_4974594,dermoscopic,Benign,DF,DF
ISIC_9915322,IL_8736766,clinical: close-up,Malignant,BCC,BCC
ISIC_9915349,IL_9552156,clinical: close-up,Malignant,BCC,BCC
ISIC_9918967,IL_4629787,clinical: close-up,Malignant,BCC,BCC
ISIC_9922427,IL_9891948,clinical: close-up,Malignant,BCC,BCC
ISIC_9922993,IL_4811840,dermoscopic,Benign,NV,NV
ISIC_9923880,IL_5073574,clinical: close-up,Malignant,BCC,BCC
ISIC_9925039,IL_8553966,clinical: close-up,Malignant,AKIEC,AKIEC
ISIC_9925307,IL_1718320,dermoscopic,Malignant,BCC,BCC
ISIC_9925921,IL_3472357,clinical: close-up,Malignant,BCC,BCC
ISIC_9927143,IL_1748759,clinical: close-up,Malignant,BCC,BCC
ISIC_9927174,IL_1673815,dermoscopic,Malignant,BCC,BCC
ISIC_9929712,IL_4915853,clinical: close-up,Benign,BKL,BKL
ISIC_9929733,IL_5802153,dermoscopic,Malignant,AKIEC,AKIEC
ISIC_9931935,IL_8835996,dermoscopic,Benign,NV,NV
ISIC_9932255,IL_6152356,clinical: close-up,Malignant,AKIEC,AKIEC
ISIC_9933283,IL_7062666,clinical: close-up,Malignant,BCC,BCC
ISIC_9936601,IL_0303759,clinical: close-up,Malignant,BCC,BCC
ISIC_9938958,IL_2237412,dermoscopic,Benign,NV,NV
ISIC_9939897,IL_9035179,dermoscopic,Indeterminate,AKIEC,AKIEC
ISIC_9940509,IL_0432288,clinical: close-up,Malignant,BCC,BCC
ISIC_9941177,IL_2808273,clinical: close-up,Malignant,BCC,BCC
ISIC_9944257,IL_4079886,dermoscopic,Malignant,SCCKA,SCCKA
ISIC_9944485,IL_4918267,dermoscopic,Malignant,BCC,BCC
ISIC_9945084,IL_2750081,dermoscopic,Benign,NV,NV
ISIC_9945188,IL_5945369,dermoscopic,Malignant,BCC,BCC
ISIC_9945604,IL_4457515,dermoscopic,Malignant,BCC,BCC
ISIC_9945680,IL_7518108,dermoscopic,Benign,BKL,BKL
ISIC_9950919,IL_6592756,clinical: close-up,Malignant,BCC,BCC
ISIC_9951505,IL_6525739,clinical: close-up,Malignant,BCC,BCC
ISIC_9954496,IL_0102463,dermoscopic,Malignant,SCCKA,SCCKA
ISIC_9955193,IL_5109788,clinical: close-up,Benign,BKL,BKL
ISIC_9956546,IL_1223574,clinical: close-up,Malignant,BCC,BCC
ISIC_9956878,IL_9173239,clinical: close-up,Malignant,BCC,BCC
ISIC_9961570,IL_4900947,dermoscopic,Benign,NV,NV
ISIC_9961928,IL_8345128,clinical: close-up,Malignant,BCC,BCC
ISIC_9966328,IL_8113008,clinical: close-up,Benign,NV,NV
ISIC_9966733,IL_3144170,dermoscopic,Benign,NV,NV
ISIC_9971064,IL_6649542,dermoscopic,Malignant,BCC,BCC
ISIC_9973864,IL_5147950,dermoscopic,Malignant,BCC,BCC
ISIC_9974916,IL_8610456,clinical: close-up,Malignant,BCC,BCC
ISIC_9977374,IL_2929786,dermoscopic,Malignant,SCCKA,SCCKA
ISIC_9978058,IL_9094394,dermoscopic,Malignant,BCC,BCC
ISIC_9979190,IL_9707582,dermoscopic,Malignant,BCC,BCC
ISIC_9981611,IL_9589211,clinical: close-up,Benign,BKL,BKL
ISIC_9982272,IL_1966288,dermoscopic,Malignant,BCC,BCC
ISIC_9983655,IL_5422211,clinical: close-up,Malignant,BCC,BCC
ISIC_9986730,IL_3405101,dermoscopic,Malignant,BCC,BCC
ISIC_9987344,IL_3236486,clinical: close-up,Malignant,MEL,MEL
ISIC_9987696,IL_3787537,dermoscopic,Malignant,BCC,BCC
ISIC_9987719,IL_0702834,dermoscopic,Malignant,BCC,BCC
ISIC_9989178,IL_3952993,clinical: close-up,Malignant,BCC,BCC
ISIC_9989889,IL_1289201,dermoscopic,Malignant,AKIEC,AKIEC
ISIC_9991793,IL_7672692,clinical: close-up,Malignant,BCC,BCC
ISIC_9992299,IL_1470689,dermoscopic,Malignant,BCC,BCC
ISIC_9992648,IL_7525754,dermoscopic,Malignant,BCC,BCC
ISIC_9994191,IL_6550099,dermoscopic,Benign,NV,NV
ISIC_9995425,IL_2373762,dermoscopic,Benign,BKL,BKL
ISIC_9995871,IL_6412076,dermoscopic,Malignant,BCC,BCC
ISIC_9998927,IL_3017961,clinical: close-up,Malignant,BCC,BCC
ISIC_9999151,IL_5287926,clinical: close-up,Benign,NV,NV
